symbol,regime,strategy,signalType,patternType,pool,dollarValue,quantity,entryPrice,exitPrice,target,stopLoss,resultType,grossProfitValue,grossProfitPercent,costs,netProfitValue,netProfitPercent,finalScore,hybridScore,expectedEdge,regimeWeight,entryTime,exitTime,durationMinutes
NANO/USD,LOW_VOL_CHOP,range_trade,QUANT,,ROTATIONAL,250,355.302391,0.703626,0.720262,0.720262,0.6936443999999999,TAKE_PROFIT,5.91,+2.36%,0.008701541217056052,5.9,+2.36%,0.5323399944639318,0.6385705935173212,0.6141146316574477,0.5013130672717448,2026-01-21T19:37:46.014Z,2026-01-22T04:21:43.307Z,523
MORPHO/USD,TRANSITION,liquidity_trap,QUANT,,ROTATIONAL,250,213.631392,1.17024,1.202305,1.202305,1.151001,TAKE_PROFIT,6.85,+2.74%,0.015141507282656359,6.83,+2.73%,0.4961242107118587,0.5709604899465179,0.5756249799632456,0.5151364834110288,2026-01-21T19:45:49.944Z,2026-01-22T04:05:43.305Z,499
MORPHO/USD,TRANSITION,liquidity_trap,QUANT,,IDEAL,250,213.728189,1.16971,1.2017749999999998,1.2017749999999998,1.150471,TAKE_PROFIT,6.85,+2.74%,0.014423361512279673,6.84,+2.74%,0.43145569288096947,0.4947796041542537,0.45290841231779494,0.5452615217803296,2026-01-21T19:51:46.813Z,2026-01-22T04:05:43.305Z,493
FARTCOIN/EUR,TRANSITION,liquidity_trap,QUANT,,ROTATIONAL,250,940.910802,0.2657,0.25841,0.27785,0.25841,STOP_LOSS,-6.86,-2.74%,0.008084658876743311,-6.87,-2.75%,0.36356769273061246,0.42405846646381845,0.38400084777276355,0.4599929755680778,2026-01-21T19:52:51.190Z,2026-01-22T03:43:43.305Z,470
AVNT/USD,TRANSITION,pivot_shift,HYBRID,MORNING_STAR,ROTATIONAL,250,913.575735,0.27365,0.268853,0.28164500000000003,0.268853,STOP_LOSS,-4.38,-1.75%,0.0074467913458012725,-4.39,-1.76%,0.3943809914812364,0.4457444548883371,0.4326434050549914,0.4779448155778024,2026-01-21T23:51:47.069Z,2026-01-22T03:36:43.304Z,224
XMR/USDT,BULL_STABLE,sma_trend_ride,QUANT,,ROTATIONAL,250,0.472536,529.06,514.294,553.67,514.294,STOP_LOSS,-6.98,-2.79%,0.008131306093081346,-6.99,-2.79%,0.6118249457381327,0.7241305361352796,0.6542736504129743,0.6413214472994224,2026-01-21T19:41:50.357Z,2026-01-22T03:35:43.304Z,473
XRP/USDT,TRANSITION,liquidity_trap,QUANT,,ROTATIONAL,250,126.420972,1.97752,1.945678,2.0305899999999997,1.945678,STOP_LOSS,-4.03,-1.61%,0.006321410793419544,-4.03,-1.61%,0.48714241332987224,0.5842612519375067,0.5671693782706753,0.4813154517868808,2026-01-21T19:41:54.026Z,2026-01-22T03:35:43.304Z,473
XMR/USDT,BULL_STABLE,sma_trend_ride,QUANT,,IDEAL,250,0.472001,529.66,514.3119999999999,555.2399999999999,514.3119999999999,STOP_LOSS,-7.24,-2.90%,0.007258841325064398,-7.25,-2.90%,0.6570511610485478,0.7987834294702741,0.7243022915769611,0.6707317073170733,2026-01-21T19:47:44.200Z,2026-01-22T03:35:43.304Z,467
XMR/USDT,BULL_STABLE,pivot_shift,HYBRID,MORNING_STAR,IDEAL,250,0.472652,528.93,512.673,556.025,512.673,STOP_LOSS,-7.68,-3.07%,0.008164859248063625,-7.69,-3.08%,0.639460098388764,0.7308630552445252,0.7330336410888789,0.6942675159235668,2026-01-21T19:53:47.341Z,2026-01-22T03:35:43.304Z,461
ENSO/EUR,TRANSITION,morning_star,QUANT,MORNING_STAR,ROTATIONAL,250,518.672199,0.482,0.49499999999999994,0.49499999999999994,0.4742,TAKE_PROFIT,6.74,+2.70%,0.010358004158004162,6.73,+2.69%,0.4518712950148571,0.5356585334258233,0.5244355822631922,0.44713328469912567,2026-01-21T19:34:53.191Z,2026-01-22T03:32:43.308Z,477
OP/USD,TRANSITION,liquidity_trap,QUANT,,IDEAL,250,804.375804,0.3108,0.32115,0.32115,0.30459,TAKE_PROFIT,8.33,+3.33%,0.0068399999999999295,8.32,+3.33%,0.36767112260495,0.4302031227135682,0.3907886597175403,0.4259563574373476,2026-01-21T19:44:47.586Z,2026-01-22T03:14:43.297Z,449
OP/EUR,LOW_VOL_CHOP,range_trade,QUANT,,ROTATIONAL,250,946.969697,0.264,0.27230000000000004,0.27230000000000004,0.25902,TAKE_PROFIT,7.86,+3.14%,0.007704890895410126,7.85,+3.14%,0.46232502045353924,0.5286029622939402,0.5246469789928325,0.49731936689788975,2026-01-21T19:37:48.572Z,2026-01-22T02:44:43.280Z,426
OP/EUR,LOW_VOL_CHOP,range_trade,QUANT,,IDEAL,250,946.969697,0.264,0.27230000000000004,0.27230000000000004,0.25902,TAKE_PROFIT,7.86,+3.14%,0.007694768310911851,7.85,+3.14%,0.4751950352591031,0.5845243448010654,0.4941791509762641,0.49731936689788975,2026-01-21T19:44:49.310Z,2026-01-22T02:44:43.280Z,419
OP/USD,LOW_VOL_CHOP,range_trade,QUANT,,ROTATIONAL,250,809.847749,0.3087,0.31905,0.31905,0.30249,TAKE_PROFIT,8.38,+3.35%,0.006521750321750286,8.38,+3.35%,0.4709145758978723,0.5492068871851605,0.5251341038464491,0.49631718959700427,2026-01-21T19:37:48.968Z,2026-01-22T02:40:43.282Z,422
XRP/AUD,BULL_STABLE,pivot_shift,HYBRID,MORNING_STAR,IDEAL,250,85.606177,2.92035,2.87352,2.9984,2.87352,STOP_LOSS,-4.01,-1.60%,0.01045294135907877,-4.02,-1.61%,0.572846706526032,0.6699870653657412,0.5651908020571494,0.6798908166317693,2026-01-21T19:53:46.682Z,2026-01-22T02:40:43.282Z,406
B2/EUR,BULL_STABLE,sma_trend_ride,QUANT,,ROTATIONAL,250,376.166115,0.6646,0.6480699999999999,0.6921499999999999,0.6480699999999999,STOP_LOSS,-6.22,-2.49%,0.010330966952264436,-6.23,-2.49%,0.6212370804434539,0.7102953020526654,0.7403930232137648,0.6412556053811685,2026-01-21T23:51:48.235Z,2026-01-22T02:24:43.287Z,152
B2/USD,TRANSITION,liquidity_trap,QUANT,,ROTATIONAL,250,322.49742,0.7752,0.7563599999999999,0.8066,0.7563599999999999,STOP_LOSS,-6.08,-2.43%,0.00855818157998169,-6.08,-2.43%,0.40778365899531543,0.44577206266762814,0.4587685139881833,0.4825139696416996,2026-01-21T23:51:48.927Z,2026-01-22T02:24:43.287Z,152
LCAP/USD,TRANSITION,liquidity_trap,QUANT,,ROTATIONAL,250,30.087857,8.309,8.433634999999999,8.433634999999999,8.237599999999999,TAKE_PROFIT,3.75,+1.50%,0.008718891687657526,3.74,+1.50%,0.42199904216543394,0.44193135322274557,0.495115106106729,0.5073522624978896,2026-01-21T19:36:46.503Z,2026-01-22T02:12:43.276Z,395
STX/USD,TRANSITION,liquidity_trap,QUANT,,IDEAL,250,787.153652,0.3176,0.32725,0.32725,0.31181000000000003,TAKE_PROFIT,7.6,+3.04%,0.008083239171374731,7.59,+3.04%,0.386288481402826,0.42341500406392363,0.38555642192855333,0.5231536171955111,2026-01-21T19:45:46.096Z,2026-01-22T01:53:43.268Z,367
XRP/AUD,TRANSITION,liquidity_trap,QUANT,,ROTATIONAL,250,85.588886,2.92094,2.876837,2.9944449999999994,2.876837,STOP_LOSS,-3.77,-1.51%,0.009097854077253144,-3.78,-1.51%,0.49637059041600057,0.5983069544710515,0.5483921392785731,0.5286834255285645,2026-01-21T19:41:50.703Z,2026-01-22T01:49:43.267Z,367
KULA/EUR,BULL_STABLE,sma_trend_ride,QUANT,,IDEAL,250,730.140187,0.3424,0.33682,0.35169999999999996,0.33682,STOP_LOSS,-4.07,-1.63%,0.0108865846514354,-4.09,-1.63%,0.6889300218660789,0.7483190238655584,0.6686068458932243,1,2026-01-21T23:51:44.212Z,2026-01-22T01:48:43.266Z,116
KULA/EUR,BULL_STABLE,sma_trend_ride,QUANT,,IDEAL,250,730.140187,0.3424,0.33682,0.35169999999999996,0.33682,STOP_LOSS,-4.07,-1.63%,0.0108865846514354,-4.09,-1.63%,0.6159400127153457,0.6570748554076458,0.5530479929243768,1,2026-01-21T23:57:44.244Z,2026-01-22T01:48:43.266Z,110
CVX/EUR,BEAR_VOLATILE,mean_reversion,QUANT,,ROTATIONAL,250,142.531357,1.754,1.833,1.833,1.7066000000000001,TAKE_PROFIT,11.26,+4.50%,0.010768817818389495,11.25,+4.50%,0.45375833786983166,0.4724876571518292,0.40522174138812134,0.7878787878787871,2026-01-21T19:34:45.803Z,2026-01-22T01:47:43.266Z,372
CVX/EUR,BEAR_VOLATILE,mean_reversion,QUANT,,IDEAL,250,142.531357,1.754,1.833,1.833,1.7066000000000001,TAKE_PROFIT,11.26,+4.50%,0.0162,11.24,+4.50%,0.49090297854747855,0.4806168412520296,0.4766257842551322,0.7878787878787871,2026-01-21T19:40:46.635Z,2026-01-22T01:47:43.266Z,366
CVX/EUR,BEAR_VOLATILE,mean_reversion,QUANT,,IDEAL,250,142.531357,1.754,1.833,1.833,1.7066000000000001,TAKE_PROFIT,11.26,+4.50%,0.0162,11.24,+4.50%,0.46900926920776975,0.4916510951107727,0.4247944074023554,0.7878787878787871,2026-01-21T19:47:44.628Z,2026-01-22T01:47:43.266Z,359
CVX/USD,BEAR_VOLATILE,mean_reversion,QUANT,,IDEAL,250,121.418164,2.059,2.1485000000000003,2.1485000000000003,2.0053,TAKE_PROFIT,10.87,+4.35%,0.007650676982591931,10.86,+4.34%,0.4275204750670376,0.36671289253240846,0.39632160572307384,0.8663793103448271,2026-01-21T19:41:45.299Z,2026-01-22T01:35:43.266Z,353
CVX/USD,BEAR_VOLATILE,mean_reversion,QUANT,,ROTATIONAL,250,122.070313,2.048,2.1445,2.1445,1.9901,TAKE_PROFIT,11.78,+4.71%,0.008153125,11.77,+4.71%,0.4400879882871329,0.423894729237628,0.3734388814586372,0.8098591549295766,2026-01-21T19:34:46.215Z,2026-01-22T01:34:43.266Z,359
KULA/EUR,BULL_STABLE,pivot_shift,HYBRID,MORNING_STAR,IDEAL,250,727.590221,0.3436,0.33802000000000004,0.35290000000000005,0.33802000000000004,STOP_LOSS,-4.06,-1.62%,0.0162,-4.08,-1.63%,0.7169528044745502,0.7473784667659759,0.7726898404878605,1,2026-01-22T00:21:43.957Z,2026-01-22T01:23:43.262Z,61
KULA/EUR,BULL_STABLE,sma_trend_ride,QUANT,,IDEAL,250,727.590221,0.3436,0.33802000000000004,0.35290000000000005,0.33802000000000004,STOP_LOSS,-4.06,-1.62%,0.0162,-4.08,-1.63%,0.7592200364908216,0.821376418361444,0.7869629988633648,1,2026-01-22T00:33:44.034Z,2026-01-22T01:23:43.262Z,49
STX/EUR,TRANSITION,liquidity_trap,QUANT,,ROTATIONAL,250,923.872875,0.2706,0.27835,0.27835,0.26595,TAKE_PROFIT,7.16,+2.86%,0.007678743068391704,7.15,+2.86%,0.4147414439042742,0.48070484621826426,0.45155337059573314,0.460011350278215,2026-01-21T19:39:48.056Z,2026-01-22T01:18:43.262Z,338
STX/USD,TRANSITION,liquidity_trap,QUANT,,ROTATIONAL,250,790.139064,0.3164,0.32545,0.32545,0.31097,TAKE_PROFIT,7.15,+2.86%,0.0077822784810126595,7.14,+2.86%,0.4750230952677557,0.5905692638439265,0.5456419172167242,0.4337558311972407,2026-01-21T19:39:48.572Z,2026-01-22T01:18:43.262Z,338
AVNT/USD,TRANSITION,pivot_shift,HYBRID,MORNING_STAR,ROTATIONAL,250,907.144671,0.27559,0.270793,0.283585,0.270793,STOP_LOSS,-4.35,-1.74%,0.007142370424066828,-4.36,-1.74%,0.3825974948108527,0.42363836890503126,0.4689576097658742,0.4344971923995339,2026-01-21T19:42:51.496Z,2026-01-22T01:12:43.262Z,329
0G/EUR,TRANSITION,liquidity_trap,QUANT,,IDEAL,250,378.787879,0.66,0.6471,0.6815000000000001,0.6471,STOP_LOSS,-4.89,-1.95%,0.009300775193798452,-4.9,-1.96%,0.47018433780935825,0.5299845183313179,0.5475966427205177,0.5328498981353874,2026-01-21T23:52:45.649Z,2026-01-22T00:31:43.255Z,38
DASH/EUR,TRANSITION,pivot_shift,HYBRID,MORNING_STAR,ROTATIONAL,250,4.274966,58.48,56.9974,60.95099999999999,56.9974,STOP_LOSS,-6.34,-2.54%,0.01033371368054246,-6.35,-2.54%,0.33805715146219134,0.4185036339843884,0.36330300385254743,0.38130887496984234,2026-01-21T19:34:46.901Z,2026-01-22T00:20:43.252Z,285
DASH/USD,TRANSITION,pivot_shift,HYBRID,MORNING_STAR,ROTATIONAL,250,3.639593,68.689,66.84609999999999,71.7605,66.84609999999999,STOP_LOSS,-6.71,-2.68%,0.008375373025374498,-6.72,-2.69%,0.4239382445845445,0.45820764073187603,0.5361995739706081,0.4557026501741802,2026-01-21T19:34:47.324Z,2026-01-22T00:10:43.252Z,275
KSM/USD,TRANSITION,morning_star,QUANT,MORNING_STAR,IDEAL,250,36.549708,6.84,6.753,6.984999999999999,6.753,STOP_LOSS,-3.18,-1.27%,0.009123976608187201,-3.19,-1.28%,0.435180373402656,0.5069355600524388,0.5158371043171917,0.44966640933243446,2026-01-21T19:42:48.813Z,2026-01-21T23:56:43.251Z,253
NEAR/EUR,TRANSITION,liquidity_trap,QUANT,,IDEAL,250,187.265918,1.335,1.3155000000000001,1.3675,1.3155000000000001,STOP_LOSS,-3.65,-1.46%,0.006949063670412069,-3.66,-1.46%,0.3703494157355934,0.4343979444644367,0.37754983508328144,0.4262804495996748,2026-01-21T19:44:50.365Z,2026-01-21T23:56:43.251Z,251
ICP/EUR,BULL_STABLE,morning_star,PATTERN,MORNING_STAR,ROTATIONAL,250,78.419072,3.188,3.1139,3.3115,3.1139,STOP_LOSS,-5.81,-2.32%,0.006826959247648973,-5.82,-2.33%,0.617565759000079,0.7613987886082856,0.649521309448184,0.6442953020134239,2026-01-21T19:53:54.633Z,2026-01-21T23:55:43.252Z,241
SUI/GBP,BULL_STABLE,pivot_shift,HYBRID,MORNING_STAR,IDEAL,250,218.780082,1.1427,1.12122,1.1784999999999999,1.12122,STOP_LOSS,-4.7,-1.88%,0.009256768558952015,-4.71,-1.88%,0.5788777062531004,0.7100214249948057,0.59731210192416,0.6531400966183576,2026-01-21T19:56:44.340Z,2026-01-21T23:54:43.250Z,237
LINK/USDC,TRANSITION,liquidity_trap,QUANT,,IDEAL,250,19.874315,12.57905,12.375335,12.918575,12.375335,STOP_LOSS,-4.05,-1.62%,0.008224276915318952,-4.06,-1.62%,0.4896646657841064,0.5824995151393284,0.5201771146435903,0.5065605798023569,2026-01-21T19:51:48.409Z,2026-01-21T23:52:43.251Z,240
RUNE/EUR,TRANSITION,liquidity_trap,QUANT,,ROTATIONAL,250,477.099237,0.524,0.5144,0.54,0.5144,STOP_LOSS,-4.58,-1.83%,0.010016793893129775,-4.59,-1.84%,0.45337819574657345,0.568168142395802,0.49150798327200335,0.45986018581734195,2026-01-21T19:38:49.304Z,2026-01-21T23:51:43.251Z,252
RENDER/USD,LOW_VOL_CHOP,range_trade,QUANT,,IDEAL,250,121.832359,2.052,1.9722000000000002,2.185,1.9722000000000002,STOP_LOSS,-9.72,-3.89%,0.0066863813229571445,-9.73,-3.89%,0.43381565336423333,0.46478277348595254,0.5432758102207907,0.4861623016432526,2026-01-21T19:44:46.377Z,2026-01-21T23:51:43.251Z,246
RUNE/EUR,TRANSITION,liquidity_trap,QUANT,,IDEAL,250,477.099237,0.524,0.5144,0.54,0.5144,STOP_LOSS,-4.58,-1.83%,0.008104761904761906,-4.59,-1.84%,0.4903285907588064,0.5892913293400986,0.5886874501190017,0.45986018581734195,2026-01-21T19:44:49.991Z,2026-01-21T23:51:43.251Z,246
UNI/EUR,TRANSITION,liquidity_trap,QUANT,,ROTATIONAL,250,57.950858,4.314,4.2231000000000005,4.4655,4.2231000000000005,STOP_LOSS,-5.27,-2.11%,0.006431964741359391,-5.27,-2.11%,0.44035999784726954,0.5042044607726736,0.48636091776180845,0.5376963778965392,2026-01-21T19:47:57.789Z,2026-01-21T23:51:43.251Z,243
ATOM/EUR,BULL_STABLE,sma_trend_ride,QUANT,,ROTATIONAL,250,119.927084,2.0846,2.04083,2.15755,2.04083,STOP_LOSS,-5.25,-2.10%,0.007011533320603203,-5.26,-2.10%,0.7200482654414081,0.8303882712910116,0.7946654891329884,0.8104179285281665,2026-01-21T21:43:44.234Z,2026-01-21T23:51:43.251Z,127
ATOM/EUR,BULL_STABLE,pivot_shift,HYBRID,MORNING_STAR,IDEAL,250,119.611502,2.0901,2.04594,2.1637,2.04594,STOP_LOSS,-5.28,-2.11%,0.007207145940242669,-5.29,-2.12%,0.6060882129533214,0.6520367244835131,0.6332152050851264,0.7932628797886409,2026-01-21T21:57:43.938Z,2026-01-21T23:51:43.251Z,113
CRV/USD,TRANSITION,liquidity_trap,QUANT,,ROTATIONAL,250,671.32116,0.3724,0.36658,0.38210000000000005,0.36658,STOP_LOSS,-3.91,-1.56%,0.007278457805338397,-3.91,-1.57%,0.44087587713544635,0.5020807786550752,0.48459820135347803,0.49318361303342073,2026-01-21T19:34:44.987Z,2026-01-21T23:50:43.251Z,255
TIA/USD,TRANSITION,liquidity_trap,QUANT,,ROTATIONAL,250,522.79381,0.4782,0.46929000000000004,0.49305000000000004,0.46929000000000004,STOP_LOSS,-4.66,-1.86%,0.006618585182084508,-4.66,-1.87%,0.44599661958026265,0.5396251406968574,0.4983267574132576,0.4646636677041433,2026-01-21T19:39:53.950Z,2026-01-21T23:50:43.251Z,250
XRP/EUR,TRANSITION,liquidity_trap,QUANT,,ROTATIONAL,250,147.766364,1.69186,1.662229,1.7412450000000002,1.662229,STOP_LOSS,-4.38,-1.75%,0.0065725231644364005,-4.39,-1.75%,0.484892387189544,0.5901893226931707,0.5313119384509725,0.5079704051861242,2026-01-21T19:41:51.378Z,2026-01-21T23:50:43.251Z,248
XRP/USDC,TRANSITION,liquidity_trap,QUANT,,ROTATIONAL,250,126.428644,1.9774,1.944898,2.0315700000000003,1.944898,STOP_LOSS,-4.11,-1.64%,0.007268446397917711,-4.12,-1.65%,0.46148080819842513,0.5472185414805589,0.48671402420104226,0.4992878723194689,2026-01-21T19:41:53.335Z,2026-01-21T23:50:43.251Z,248
TIA/USD,TRANSITION,liquidity_trap,QUANT,,IDEAL,250,520.508016,0.4803,0.47139,0.49515000000000003,0.47139,STOP_LOSS,-4.64,-1.86%,0.006406996481059914,-4.64,-1.86%,0.46199273068969043,0.5570696960996419,0.4902100775262312,0.5049785208543378,2026-01-21T19:45:47.483Z,2026-01-21T23:50:43.251Z,244
ONDO/USD,BULL_STABLE,sma_trend_ride,QUANT,,IDEAL,250,722.251112,0.34614,0.339534,0.35715,0.339534,STOP_LOSS,-4.77,-1.91%,0.006459179265658687,-4.78,-1.91%,0.670928859092612,0.7916686925143052,0.7593825580338707,0.659438775510205,2026-01-21T19:45:47.871Z,2026-01-21T23:50:43.251Z,244
XRP/EUR,BULL_STABLE,pivot_shift,HYBRID,MORNING_STAR,IDEAL,250,147.552691,1.69431,1.6633019999999998,1.74599,1.6633019999999998,STOP_LOSS,-4.58,-1.83%,0.006253191489361788,-4.58,-1.83%,0.6971425026888294,0.8343024260740997,0.791726290792586,0.6454816285998016,2026-01-21T19:47:45.848Z,2026-01-21T23:50:43.251Z,242
XRP/USDC,BULL_STABLE,sma_trend_ride,QUANT,,IDEAL,250,126.507335,1.97617,1.9417239999999998,2.0335799999999997,1.9417239999999998,STOP_LOSS,-4.36,-1.74%,0.007511199874448862,-4.37,-1.75%,0.6267927722124512,0.7734854832726862,0.6522204582344044,0.648420663752231,2026-01-21T19:47:52.071Z,2026-01-21T23:50:43.251Z,242
UNI/USD,TRANSITION,liquidity_trap,QUANT,,ROTATIONAL,250,49.603175,5.04,4.9353,5.2145,4.9353,STOP_LOSS,-5.19,-2.08%,0.006597298371076634,-5.2,-2.08%,0.4810495074260812,0.5111586427237474,0.5789388748465425,0.5337646184825006,2026-01-21T19:47:58.499Z,2026-01-21T23:50:43.251Z,242
SUI/USD,BULL_STABLE,sma_trend_ride,QUANT,,IDEAL,250,162.845232,1.5352,1.5053199999999998,1.585,1.5053199999999998,STOP_LOSS,-4.87,-1.95%,0.006461437908496703,-4.87,-1.95%,0.630280933392346,0.756546872421751,0.6735224244571042,0.6602613374327436,2026-01-21T19:51:45.567Z,2026-01-21T23:50:43.251Z,238
XRP/USD,BULL_STABLE,pivot_shift,HYBRID,MORNING_STAR,IDEAL,250,126.527503,1.9758550000000001,1.940908,2.0341,1.940908,STOP_LOSS,-4.42,-1.77%,0.006645418516250179,-4.43,-1.77%,0.5944530040568597,0.6842237180724431,0.650169099598673,0.6439914968113043,2026-01-21T19:47:51.298Z,2026-01-21T23:49:43.251Z,241
FARTCOIN/USD,TRANSITION,liquidity_trap,QUANT,,ROTATIONAL,250,804.117079,0.3109,0.30238,0.3251,0.30238,STOP_LOSS,-6.85,-2.74%,0.007167741935483943,-6.86,-2.74%,0.48075471061715475,0.5614801922989303,0.5554640144643702,0.5140524658401432,2026-01-21T19:52:51.574Z,2026-01-21T23:49:43.251Z,236
FARTCOIN/USDT,TRANSITION,pivot_shift,HYBRID,MORNING_STAR,ROTATIONAL,250,800.512328,0.3123,0.30432000000000003,0.32560000000000006,0.30432000000000003,STOP_LOSS,-6.39,-2.56%,0.008458064516128962,-6.4,-2.56%,0.4848392061646159,0.5771510663455738,0.5556248942194102,0.4837485706721242,2026-01-21T19:52:52.292Z,2026-01-21T23:49:43.251Z,236
RUNE/USD,LOW_VOL_CHOP,range_trade,QUANT,,ROTATIONAL,250,407.830343,0.613,0.601,0.6330000000000001,0.601,STOP_LOSS,-4.89,-1.96%,0.007831321370309952,-4.9,-1.96%,0.48695458962499183,0.5503212053577747,0.5733998241397289,0.5093510794730962,2026-01-21T19:38:49.704Z,2026-01-21T23:47:43.251Z,248
RUNE/USD,LOW_VOL_CHOP,range_trade,QUANT,,IDEAL,250,408.496732,0.612,0.6,0.632,0.6,STOP_LOSS,-4.9,-1.96%,0.007831321370309952,-4.91,-1.96%,0.5190776649140603,0.6488501036417629,0.5735382432457995,0.5094023758772361,2026-01-21T19:44:46.032Z,2026-01-21T23:47:43.251Z,242
ONDO/USD,BULL_STABLE,sma_trend_ride,QUANT,,IDEAL,250,718.535338,0.34793,0.34055,0.36023,0.34055,STOP_LOSS,-5.3,-2.12%,0.007037448381414457,-5.31,-2.12%,0.6308925539157553,0.7394680418682268,0.6972280976174758,0.6679104477611947,2026-01-21T19:51:44.408Z,2026-01-21T23:47:43.251Z,235
XRP/USDT,TRANSITION,liquidity_trap,QUANT,,IDEAL,250,126.225014,1.98059,1.946882,2.03677,1.946882,STOP_LOSS,-4.25,-1.70%,0.0067108208030508525,-4.26,-1.70%,0.4896741362197913,0.5257471193345777,0.5856401208180451,0.5488771358476247,2026-01-21T19:47:47.319Z,2026-01-21T23:46:43.251Z,238
OP/EUR,TRANSITION,liquidity_trap,QUANT,,IDEAL,250,928.677563,0.2692,0.26419,0.27754999999999996,0.26419,STOP_LOSS,-4.65,-1.86%,0.0069423904974017575,-4.66,-1.86%,0.4180176860152596,0.4258390980670719,0.4890540684719908,0.526288410260075,2026-01-21T19:50:49.268Z,2026-01-21T23:46:43.251Z,235
SUI/GBP,BULL_STABLE,sma_trend_ride,QUANT,,IDEAL,250,218.131053,1.1461,1.12462,1.1818999999999997,1.12462,STOP_LOSS,-4.69,-1.87%,0.0075107305138062165,-4.69,-1.88%,0.588784561747561,0.6715175930292796,0.6503260003203775,0.6507782101167311,2026-01-21T19:50:50.463Z,2026-01-21T23:45:43.251Z,234
XRP/AUD,BULL_STABLE,morning_star,PATTERN,MORNING_STAR,IDEAL,250,85.324232,2.93,2.883179,3.0080350000000005,2.883179,STOP_LOSS,-3.99,-1.60%,0.009864409975147781,-4,-1.60%,0.671975484179537,0.8252604006394567,0.732003237113236,0.6798908166317693,2026-01-21T19:47:45.409Z,2026-01-21T23:44:43.251Z,236
ICP/USD,BULL_STABLE,sma_trend_ride,QUANT,,ROTATIONAL,250,66.970265,3.733,3.6403000000000003,3.8875,3.6403000000000003,STOP_LOSS,-6.21,-2.48%,0.0072738255033557055,-6.22,-2.49%,0.5989986368289142,0.6770408311997103,0.6990057770228237,0.6428571428571422,2026-01-21T19:53:55.030Z,2026-01-21T23:44:43.251Z,230
DOT/USDT,TRANSITION,pivot_shift,HYBRID,MORNING_STAR,IDEAL,250,125.931896,1.9852,1.95268,2.0394,1.95268,STOP_LOSS,-4.1,-1.64%,0.007359624886558419,-4.1,-1.64%,0.46530884611740625,0.5688959957418072,0.4808262034114311,0.5323518144367726,2026-01-21T19:47:47.747Z,2026-01-21T23:43:43.250Z,235
DOT/USDT,TRANSITION,pivot_shift,HYBRID,MORNING_STAR,IDEAL,250,125.786164,1.9875,1.9542899999999999,2.04285,1.9542899999999999,STOP_LOSS,-4.18,-1.67%,0.007307586970749624,-4.18,-1.67%,0.39908735805345374,0.4073599150684929,0.4638010047968966,0.5372878038709991,2026-01-21T19:53:52.846Z,2026-01-21T23:43:43.250Z,229
XRP/USDC,BULL_STABLE,sma_trend_ride,QUANT,,IDEAL,250,125.935702,1.98514,1.950316,2.0431799999999996,1.950316,STOP_LOSS,-4.39,-1.75%,0.007228049628591895,-4.39,-1.76%,0.6135972895175522,0.6794859615227292,0.585565509897752,0.8696588619467803,2026-01-21T22:11:44.211Z,2026-01-21T23:43:43.250Z,91
EIGEN/EUR,TRANSITION,liquidity_trap,QUANT,,IDEAL,250,824.266403,0.3033,0.29451000000000005,0.31795,0.29451000000000005,STOP_LOSS,-7.25,-2.90%,0.008861343978709324,-7.25,-2.90%,0.4423565399211539,0.4885305731579038,0.5175414528253959,0.49949825299272876,2026-01-21T19:47:48.384Z,2026-01-21T23:41:43.249Z,233
TIA/USD,TRANSITION,pivot_shift,HYBRID,MORNING_STAR,IDEAL,250,517.277054,0.4833,0.47355,0.49955000000000005,0.47355,STOP_LOSS,-5.04,-2.02%,0.006615110004151054,-5.05,-2.02%,0.3893422511630682,0.4138954360747161,0.4456824703524634,0.5084872663791913,2026-01-21T19:51:47.575Z,2026-01-21T23:41:43.249Z,229
ZEC/USD,TRANSITION,liquidity_trap,QUANT,,ROTATIONAL,250,0.677287,369.12,359.90700000000004,384.47499999999997,359.90700000000004,STOP_LOSS,-6.24,-2.50%,0.007122008894674129,-6.25,-2.50%,0.47357073684110945,0.577483523576852,0.5294404421380864,0.44416346291075537,2026-01-21T19:41:56.966Z,2026-01-21T23:40:43.253Z,238
LDO/USD,TRANSITION,liquidity_trap,QUANT,,IDEAL,250,462.962963,0.54,0.5304,0.556,0.5304,STOP_LOSS,-4.44,-1.78%,0.008048428835489835,-4.45,-1.78%,0.42322986935513074,0.4406331077128253,0.5249612432707423,0.5005026517122629,2026-01-21T19:48:48.136Z,2026-01-21T23:40:43.253Z,231
LDO/EUR,TRANSITION,liquidity_trap,QUANT,,IDEAL,250,538.793103,0.464,0.4553,0.47850000000000004,0.4553,STOP_LOSS,-4.69,-1.88%,0.008359827213822895,-4.7,-1.88%,0.40446408557111024,0.4321618324386283,0.4809292970833598,0.48991294754546255,2026-01-21T19:50:51.239Z,2026-01-21T23:40:43.253Z,229
ETHFI/USD,TRANSITION,liquidity_trap,QUANT,,ROTATIONAL,250,401.090967,0.6233,0.61472,0.6376,0.61472,STOP_LOSS,-3.44,-1.38%,0.008445388933440188,-3.45,-1.38%,0.43658425401652823,0.481454399576566,0.552535954063555,0.46381474363568026,2026-01-21T19:52:45.545Z,2026-01-21T23:23:43.249Z,210
LQTY/USD,LOW_VOL_CHOP,range_trade,QUANT,,IDEAL,250,707.013575,0.3536,0.34997000000000006,0.35965,0.34997000000000006,STOP_LOSS,-2.57,-1.03%,0.008752467385138844,-2.58,-1.03%,0.5138156563218186,0.6362253735399152,0.5558179982157433,0.48818249055097973,2026-01-21T19:42:45.459Z,2026-01-21T23:22:43.248Z,219
LQTY/USD,TRANSITION,liquidity_trap,QUANT,,IDEAL,250,707.013575,0.3536,0.34997000000000006,0.35965,0.34997000000000006,STOP_LOSS,-2.57,-1.03%,0.008178518937252624,-2.57,-1.03%,0.375139468774842,0.40186353194963687,0.4489535733862532,0.4282938235164064,2026-01-21T19:48:45.877Z,2026-01-21T23:22:43.248Z,213
ZEC/USD,TRANSITION,liquidity_trap,QUANT,,IDEAL,250,0.67188,372.09,363.2099999999999,386.89,363.2099999999999,STOP_LOSS,-5.97,-2.39%,0.007518870616101013,-5.97,-2.39%,0.3798011462422436,0.417955501508042,0.40738502872940524,0.4881811520814945,2026-01-21T19:47:51.680Z,2026-01-21T23:06:43.245Z,198
CRV/EUR,TRANSITION,liquidity_trap,QUANT,,IDEAL,250,779.544746,0.3207,0.31578,0.32889999999999997,0.31578,STOP_LOSS,-3.84,-1.53%,0.0074480499219969154,-3.84,-1.54%,0.4978216768862401,0.5820679718559809,0.6039668473048789,0.4372856893481805,2026-01-21T19:40:47.470Z,2026-01-21T23:04:43.245Z,203
CRV/USD,TRANSITION,liquidity_trap,QUANT,,IDEAL,250,663.834307,0.3766,0.37078,0.3863,0.37078,STOP_LOSS,-3.86,-1.55%,0.00699723624767464,-3.87,-1.55%,0.42855839125033535,0.4940644284992558,0.4393838902949475,0.5171631683108223,2026-01-21T19:52:44.903Z,2026-01-21T22:59:43.244Z,186
RUNE/EUR,TRANSITION,liquidity_trap,QUANT,,IDEAL,250,473.484848,0.528,0.5181,0.5445,0.5181,STOP_LOSS,-4.69,-1.88%,0.008093939393939395,-4.7,-1.88%,0.49846194545482403,0.5882003802347395,0.6100402019588116,0.4292096832872642,2026-01-21T19:50:48.228Z,2026-01-21T22:56:43.243Z,185
EUL/USD,TRANSITION,liquidity_trap,QUANT,,ROTATIONAL,250,132.555673,1.886,1.8524,1.9419999999999997,1.8524,STOP_LOSS,-4.45,-1.78%,0.006730503978779783,-4.46,-1.78%,0.48495526229102937,0.5694332771546421,0.6068337589361371,0.44234778382479506,2026-01-21T19:52:45.919Z,2026-01-21T22:56:43.243Z,183
RUNE/EUR,TRANSITION,liquidity_trap,QUANT,,IDEAL,250,473.484848,0.528,0.5181,0.5445,0.5181,STOP_LOSS,-4.69,-1.88%,0.008093939393939395,-4.7,-1.88%,0.37783634934429133,0.4238301494312729,0.40467380702362143,0.4386161920231452,2026-01-21T19:56:46.813Z,2026-01-21T22:56:43.243Z,179
RUNE/USD,TRANSITION,liquidity_trap,QUANT,,IDEAL,250,405.186386,0.617,0.605,0.6369999999999999,0.605,STOP_LOSS,-4.86,-1.94%,0.007820745542949759,-4.87,-1.95%,0.3773956584258417,0.42221873196452975,0.41448113214760846,0.4381181755752159,2026-01-21T19:50:46.114Z,2026-01-21T22:31:43.242Z,160
VIRTUAL/USDT,TRANSITION,liquidity_trap,QUANT,,ROTATIONAL,250,301.932367,0.828,0.8676999999999999,0.8676999999999999,0.80418,TAKE_PROFIT,11.99,+4.79%,0.0162,11.97,+4.79%,0.410389309015111,0.41543523870751303,0.47875694565570914,0.5134726289422745,2026-01-21T19:40:49.006Z,2026-01-21T22:22:43.237Z,161
ADA/GBP,TRANSITION,liquidity_trap,QUANT,,ROTATIONAL,250,924.658801,0.27037,0.27626500000000004,0.27626500000000004,0.266833,TAKE_PROFIT,5.45,+2.18%,0.010584009511071534,5.44,+2.18%,0.47923508240092333,0.5635456573217767,0.5808445151004539,0.4499009048476414,2026-01-21T19:33:47.481Z,2026-01-21T22:11:43.237Z,157
ADA/EUR,TRANSITION,liquidity_trap,QUANT,,ROTATIONAL,250,807.887568,0.309449,0.3169475,0.3169475,0.3049499,TAKE_PROFIT,6.06,+2.42%,0.00728902892228139,6.05,+2.42%,0.4524633240473717,0.5529294129705433,0.5157669007016773,0.44875748618500244,2026-01-21T19:33:47.057Z,2026-01-21T22:07:43.238Z,153
ADA/USDT,TRANSITION,pivot_shift,HYBRID,MORNING_STAR,ROTATIONAL,250,690.983767,0.361803,0.370135,0.370135,0.3568038,TAKE_PROFIT,5.76,+2.30%,0.006774936632585047,5.75,+2.30%,0.43904774388231366,0.48447683945421705,0.520883439885704,0.44660672856089645,2026-01-21T19:33:49.029Z,2026-01-21T22:05:43.237Z,151
BADGER/USD,BEAR_VOLATILE,mean_reversion,QUANT,,ROTATIONAL,250,482.439213,0.5182,0.5276,0.5276,0.51256,TAKE_PROFIT,4.53,+1.81%,0.0069696748123916795,4.53,+1.81%,0.46080665614345917,0.5403316818525228,0.4941710744895337,0.5,2026-01-21T19:42:54.495Z,2026-01-21T22:01:43.235Z,138
BADGER/USD,BEAR_VOLATILE,mean_reversion,QUANT,,IDEAL,250,482.439213,0.5182,0.5276,0.5276,0.51256,TAKE_PROFIT,4.53,+1.81%,0.006776701268742727,4.53,+1.81%,0.40594168176415607,0.42962966343250314,0.4631905140035675,0.5,2026-01-21T19:48:48.511Z,2026-01-21T22:01:43.235Z,132
RLC/USD,BEAR_VOLATILE,mean_reversion,QUANT,,ROTATIONAL,250,416.181122,0.6007,0.61365,0.61365,0.5929300000000001,TAKE_PROFIT,5.39,+2.16%,0.012356837329876906,5.38,+2.15%,0.4454261360657824,0.4463174730293304,0.4386064102809035,0.7290748898678412,2026-01-21T19:38:47.187Z,2026-01-21T22:00:43.235Z,141
RLC/USD,BEAR_VOLATILE,mean_reversion,QUANT,,IDEAL,250,416.181122,0.6007,0.61365,0.61365,0.5929300000000001,TAKE_PROFIT,5.39,+2.16%,0.01595609756097562,5.37,+2.15%,0.4757082226404219,0.49639081006481806,0.4697658588453452,0.7290748898678412,2026-01-21T19:44:48.865Z,2026-01-21T22:00:43.235Z,135
RLC/USD,BEAR_VOLATILE,mean_reversion,QUANT,,IDEAL,250,416.181122,0.6007,0.61365,0.61365,0.5929300000000001,TAKE_PROFIT,5.39,+2.16%,0.012177382875605873,5.38,+2.15%,0.45423390052998264,0.4754773628371584,0.41318362919554197,0.7290748898678412,2026-01-21T19:50:47.599Z,2026-01-21T22:00:43.235Z,129
RLC/USD,BEAR_VOLATILE,mean_reversion,QUANT,,IDEAL,250,416.181122,0.6007,0.61365,0.61365,0.5929300000000001,TAKE_PROFIT,5.39,+2.16%,0.0115140096618357,5.38,+2.15%,0.4732854681876167,0.45597829224327513,0.504438927434612,0.7290748898678412,2026-01-21T19:56:47.879Z,2026-01-21T22:00:43.235Z,123
B2/EUR,TRANSITION,liquidity_trap,QUANT,,ROTATIONAL,250,370.37037,0.675,0.65847,0.7025500000000001,0.65847,STOP_LOSS,-6.12,-2.45%,0.010209504009504062,-6.13,-2.45%,0.38543039889682107,0.45561851452586966,0.4129654608076508,0.46930997948412556,2026-01-21T19:42:53.155Z,2026-01-21T21:56:43.236Z,133
AAVE/USD,TRANSITION,pivot_shift,HYBRID,MORNING_STAR,ROTATIONAL,250,1.578681,158.36,162.595,162.595,155.81900000000002,TAKE_PROFIT,6.69,+2.67%,0.006894751468451874,6.68,+2.67%,0.371801997567725,0.4100304615157865,0.38366070403679714,0.47740776736987905,2026-01-21T19:33:45.681Z,2026-01-21T21:43:43.234Z,129
M/USD,TRANSITION,morning_star,QUANT,MORNING_STAR,ROTATIONAL,250,152.439954,1.63999,1.603447,1.7008949999999998,1.603447,STOP_LOSS,-5.57,-2.23%,0.010498915473033813,-5.58,-2.23%,0.4233353166978933,0.5099899048357185,0.4441824106654582,0.4443408336315758,2026-01-21T19:45:50.390Z,2026-01-21T21:35:43.232Z,109
B2/USD,TRANSITION,liquidity_trap,QUANT,,ROTATIONAL,250,318.593093,0.7847,0.76586,0.8161,0.76586,STOP_LOSS,-6,-2.40%,0.008993650793650767,-6.01,-2.40%,0.39210705238204147,0.4317278821158007,0.37950514185678996,0.5350534696548189,2026-01-21T19:42:53.801Z,2026-01-21T21:29:43.234Z,106
ADA/USDC,TRANSITION,pivot_shift,HYBRID,MORNING_STAR,ROTATIONAL,250,692.457476,0.361033,0.369373,0.369373,0.356029,TAKE_PROFIT,5.78,+2.31%,0.009582511694854266,5.77,+2.31%,0.46023302447383585,0.5543649682250867,0.5440608075767418,0.43238801645955705,2026-01-21T19:33:48.338Z,2026-01-21T21:19:43.234Z,105
ENSO/USD,BEAR_VOLATILE,mean_reversion,QUANT,,ROTATIONAL,250,452.079566,0.553,0.5705,0.5705,0.5425000000000001,TAKE_PROFIT,7.91,+3.16%,0.00975871886120977,7.9,+3.16%,0.4408206454816032,0.41791645736905897,0.44571754739173747,0.7285714285714293,2026-01-21T19:34:53.946Z,2026-01-21T21:10:43.234Z,95
ADA/USD,TRANSITION,pivot_shift,HYBRID,MORNING_STAR,ROTATIONAL,250,689.599053,0.3625295,0.36796744249999996,0.36796744249999996,0.359629264,TAKE_PROFIT,3.75,+1.50%,0.007218090471724571,3.74,+1.50%,0.4235739484322085,0.4859667513097645,0.4957863914698907,0.4644174559656546,2026-01-21T19:33:47.913Z,2026-01-21T21:07:43.233Z,93
MORPHO/EUR,LOW_VOL_CHOP,range_trade,QUANT,,ROTATIONAL,250,254.021155,0.98417,1.00863,1.00863,0.9694940000000001,TAKE_PROFIT,6.21,+2.49%,0.015616497383194435,6.2,+2.48%,0.5371875488446134,0.6468733476325176,0.6121344505562683,0.5020072619885816,2026-01-21T19:45:49.232Z,2026-01-21T21:02:43.234Z,76
MORPHO/EUR,LOW_VOL_CHOP,range_trade,QUANT,,IDEAL,250,254.021155,0.98417,1.00863,1.00863,0.9694940000000001,TAKE_PROFIT,6.21,+2.49%,0.014097511388728699,6.2,+2.48%,0.47614446231441443,0.5720705112529941,0.5187931140837141,0.5020072619885816,2026-01-21T19:51:46.191Z,2026-01-21T21:02:43.234Z,70
GRASS/USD,BEAR_VOLATILE,mean_reversion,QUANT,,ROTATIONAL,250,909.090909,0.275,0.28580000000000005,0.28580000000000005,0.26852000000000004,TAKE_PROFIT,9.82,+3.93%,0.012500315015750676,9.81,+3.92%,0.4247224857058435,0.49407037799914844,0.44871264962423296,0.5,2026-01-21T19:44:53.466Z,2026-01-21T20:55:43.232Z,70
ICNT/USD,TRANSITION,pivot_shift,HYBRID,MORNING_STAR,ROTATIONAL,250,683.060109,0.366,0.34917,0.39405000000000007,0.34917,STOP_LOSS,-11.5,-4.60%,0.0162,-11.51,-4.60%,0.4230724895092692,0.46835387110606225,0.4988838922427271,0.46655129077754887,2026-01-21T19:53:53.974Z,2026-01-21T20:33:43.231Z,39
CRV/EUR,TRANSITION,liquidity_trap,QUANT,,IDEAL,250,771.843161,0.3239,0.31898000000000004,0.33210000000000006,0.31898000000000004,STOP_LOSS,-3.8,-1.52%,0.007127070457354829,-3.8,-1.52%,0.5164054402426995,0.5753250949420758,0.6125669169964987,0.5172371148652161,2026-01-21T19:47:48.768Z,2026-01-21T20:23:43.242Z,35
CRV/EUR,TRANSITION,liquidity_trap,QUANT,,IDEAL,250,772.558714,0.3236,0.31868,0.3318,0.31868,STOP_LOSS,-3.8,-1.52%,0.007127643784786539,-3.81,-1.52%,0.5076499673029417,0.5778882096343552,0.6135533470750444,0.5172419469639294,2026-01-21T19:53:50.021Z,2026-01-21T20:23:43.242Z,29
VIRTUAL/USD,BULL_STABLE,pivot_shift,HYBRID,MORNING_STAR,IDEAL,250,289.050757,0.8649,0.8412299999999999,0.9043500000000001,0.8412299999999999,STOP_LOSS,-6.84,-2.74%,0.008408275220827408,-6.85,-2.74%,0.6118419067531415,0.6931409661624761,0.6913284989296277,0.6541218637992828,2026-01-21T19:47:49.206Z,2026-01-21T20:22:43.229Z,34
0G/EUR,BEAR_VOLATILE,mean_reversion,QUANT,,ROTATIONAL,250,392.464678,0.637,0.656,0.656,0.6256,TAKE_PROFIT,7.46,+2.98%,0.007740832049306627,7.45,+2.98%,0.509741173395118,0.5330059628879541,0.45685158798965,0.872093023255814,2026-01-21T19:33:44.577Z,2026-01-21T20:09:43.229Z,35
XRP/USD,TRANSITION,liquidity_trap,QUANT,,ROTATIONAL,250,126.541593,1.975635,1.95982992,2.0052695249999997,1.95982992,STOP_LOSS,-2,-0.80%,0.006777136290228636,-2.01,-0.80%,0.4755109989957021,0.5624066579587896,0.5175547788928574,0.49074331364199664,2026-01-21T19:41:52.847Z,2026-01-21T20:04:43.232Z,22
EIGEN/USD,TRANSITION,liquidity_trap,QUANT,,ROTATIONAL,250,736.593989,0.3394,0.35335,0.35335,0.33102999999999994,TAKE_PROFIT,10.28,+4.11%,0.00826246317030063,10.27,+4.11%,0.4424031475694664,0.530442536263162,0.45634471750561545,0.528484081994919,2026-01-21T19:34:52.470Z,2026-01-21T19:57:43.226Z,22
AERO/EUR,BEAR_VOLATILE,mean_reversion,QUANT,,ROTATIONAL,250,638.732754,0.3914,0.4002,0.4002,0.38612,TAKE_PROFIT,5.62,+2.25%,0.013125550333910524,5.61,+2.24%,0.40754727979887106,0.42266290600540296,0.5076199498191403,0.5,2026-01-21T19:33:50.776Z,2026-01-21T19:52:43.224Z,18
AERO/USD,TRANSITION,liquidity_trap,QUANT,,ROTATIONAL,250,526.537489,0.4748,0.49029999999999996,0.49029999999999996,0.4655,TAKE_PROFIT,8.16,+3.26%,0.008103553299492411,8.15,+3.26%,0.4844307019134808,0.5928360703349264,0.5322965555707424,0.48514993413276136,2026-01-21T19:33:51.181Z,2026-01-21T19:51:43.224Z,17
EIGEN/EUR,TRANSITION,liquidity_trap,QUANT,,ROTATIONAL,250,858.811405,0.2911,0.30310000000000004,0.30310000000000004,0.28390000000000004,TAKE_PROFIT,10.31,+4.12%,0.008265404475043184,10.3,+4.12%,0.4927557585976046,0.5472575085296604,0.577463505763449,0.5163007513214908,2026-01-21T19:34:51.772Z,2026-01-21T19:46:43.226Z,11
VIRTUAL/EUR,TRANSITION,liquidity_trap,QUANT,,ROTATIONAL,250,351.222253,0.7118,0.73785,0.73785,0.69617,TAKE_PROFIT,9.15,+3.66%,0.008696186381916549,9.14,+3.66%,0.4278563806982566,0.4680244482558281,0.49040655268212735,0.5168764783103892,2026-01-21T19:40:47.896Z,2026-01-21T19:46:43.226Z,5
ADA/EUR,BEAR_VOLATILE,defensive_hedge,HYBRID,ENGULFING,ROTATIONAL,250,827.715901,0.302036,0.3093955,0.3093955,0.2976203,TAKE_PROFIT,6.09,+2.44%,0.006614111598106489,6.08,+2.43%,0.5345234033336737,0.5262699963183142,0.5708199110531139,0.800510266067308,2026-01-21T19:27:19.000Z,2026-01-21T19:32:15.372Z,4
ADA/GBP,BEAR_VOLATILE,defensive_hedge,HYBRID,ENGULFING,ROTATIONAL,250,950.5342,0.26301,0.26854,0.26854,0.25969200000000003,TAKE_PROFIT,5.26,+2.10%,0.006884358603908499,5.25,+2.10%,0.4791843617370966,0.4813346945734633,0.4660442862634139,0.7650273224043715,2026-01-21T19:27:19.661Z,2026-01-21T19:32:15.372Z,4
ADA/USD,BEAR_VOLATILE,defensive_hedge,HYBRID,ENGULFING,ROTATIONAL,250,707.305618,0.353454,0.35875580999999995,0.35875580999999995,0.35062636799999997,TAKE_PROFIT,3.75,+1.50%,0.006417975320664325,3.74,+1.50%,0.4545149583926539,0.4370151509448278,0.40517070578290776,0.8011324730050029,2026-01-21T19:27:20.093Z,2026-01-21T19:29:15.362Z,1
API3/EUR,BULL_STABLE,sma_trend_ride,QUANT,,ROTATIONAL,250,713.266762,0.3505,0.34246,0.3639,0.34246,STOP_LOSS,-5.73,-2.29%,0.014729411764705758,-5.75,-2.30%,0.6975973670333125,0.8458069823333195,0.7301305582463531,0.7222222222222213,2026-01-21T18:15:11.371Z,2026-01-21T18:17:02.897Z,1
AKT/EUR,TRANSITION,liquidity_trap,QUANT,,ROTATIONAL,250,688.705234,0.363,0.35819999999999996,0.371,0.35819999999999996,STOP_LOSS,-3.31,-1.32%,0.007834432034868005,-3.31,-1.33%,0.4464332966424768,0.5240702873395896,0.4578555281358827,0.5230384469978613,2026-01-21T15:21:16.750Z,2026-01-21T17:05:08.983Z,103
SOL/EUR,BULL_STABLE,sma_trend_ride,QUANT,,IDEAL,250,2.278112,109.74,108.024,112.6,108.024,STOP_LOSS,-3.91,-1.56%,0.006472851296043666,-3.92,-1.57%,0.6774125131355985,0.7940451108743874,0.7831092391088602,0.6927083333333343,2026-01-21T16:25:10.448Z,2026-01-21T16:58:08.975Z,32
AKT/USD,BULL_STABLE,sma_trend_ride,QUANT,,IDEAL,250,585.617241,0.4269,0.41919,0.43975,0.41919,STOP_LOSS,-4.52,-1.81%,0.00784319248826299,-4.52,-1.81%,0.7193438551700215,0.8388519638187221,0.7659092295517738,0.7970479704797043,2026-01-21T16:27:10.247Z,2026-01-21T16:58:08.975Z,30
SOL/EUR,BULL_STABLE,sma_trend_ride,QUANT,,IDEAL,250,2.283939,109.46,107.74399999999999,112.32000000000001,107.74399999999999,STOP_LOSS,-3.92,-1.57%,0.0062914578379366275,-3.93,-1.57%,0.5869213201416688,0.6599154094199825,0.7000019044260432,0.6302931596091211,2026-01-21T16:36:12.119Z,2026-01-21T16:58:08.975Z,21
0G/EUR,TRANSITION,liquidity_trap,QUANT,,ROTATIONAL,250,385.802469,0.648,0.6381,0.6645000000000001,0.6381,STOP_LOSS,-3.82,-1.53%,0.009286419753086422,-3.83,-1.53%,0.4321571667134132,0.49874817264466265,0.4359773882614615,0.5338861214067427,2026-01-21T15:21:09.883Z,2026-01-21T16:46:08.979Z,84
SOL/USDC,BULL_STABLE,sma_trend_ride,QUANT,,IDEAL,250,1.946889,128.41,126.481,131.625,126.481,STOP_LOSS,-3.76,-1.50%,0.006666599268994496,-3.76,-1.50%,0.599394722996124,0.7276342254943694,0.6459281677215946,0.637410071942446,2026-01-21T16:25:11.185Z,2026-01-21T16:46:08.979Z,20
SOL/USDT,BULL_STABLE,sma_trend_ride,QUANT,,IDEAL,250,1.945374,128.51,126.61099999999999,131.67499999999998,126.61099999999999,STOP_LOSS,-3.69,-1.48%,0.006277730275942408,-3.7,-1.48%,0.6027408837997913,0.7027594236143415,0.653383829247302,0.6290801186943641,2026-01-21T16:25:12.542Z,2026-01-21T16:46:08.979Z,20
SOL/GBP,BULL_STABLE,sma_trend_ride,QUANT,,IDEAL,250,2.616705,95.54,94.121,97.90500000000002,94.121,STOP_LOSS,-3.71,-1.49%,0.006513381385145734,-3.72,-1.49%,0.5910441443664991,0.6954201497514331,0.5964842921618982,0.6712328767123301,2026-01-21T16:25:12.919Z,2026-01-21T16:46:08.979Z,20
SOL/EUR,BULL_STABLE,sma_trend_ride,QUANT,,IDEAL,250,2.273347,109.97,108.25399999999999,112.83,108.25399999999999,STOP_LOSS,-3.9,-1.56%,0.006291091273456049,-3.91,-1.56%,0.6810448818694727,0.8459071682621224,0.7205442912983001,0.6927083333333343,2026-01-21T16:24:10.657Z,2026-01-21T16:45:08.974Z,20
SOL/USDC,BULL_STABLE,sma_trend_ride,QUANT,,IDEAL,250,1.942502,128.7,126.77099999999999,131.915,126.77099999999999,STOP_LOSS,-3.75,-1.50%,0.006277869490733681,-3.75,-1.50%,0.6773049808822169,0.7983564604926012,0.8136536752202485,0.637410071942446,2026-01-21T16:24:11.309Z,2026-01-21T16:45:08.974Z,20
SOL/USD,BULL_STABLE,sma_trend_ride,QUANT,,IDEAL,250,1.94303,128.665,126.718,131.91,126.718,STOP_LOSS,-3.78,-1.51%,0.00627780284758415,-3.79,-1.52%,0.6364823808148881,0.748080746486115,0.7089401054383963,0.663173652694611,2026-01-21T16:25:11.610Z,2026-01-21T16:45:08.974Z,19
ETH/EUR,BULL_STABLE,sma_trend_ride,QUANT,,IDEAL,250,0.099206,2520.01,2482.876,2581.9000000000005,2482.876,STOP_LOSS,-3.68,-1.47%,0.0062039565570041815,-3.69,-1.48%,0.6948455245623703,0.8390493591538626,0.7692079768235272,0.6808790945565627,2026-01-21T16:25:14.446Z,2026-01-21T16:45:08.974Z,19
ETH/EUR,TRANSITION,pivot_shift,HYBRID,MORNING_STAR,IDEAL,250,0.099423,2514.51,2477.376,2576.3999999999996,2477.376,STOP_LOSS,-3.69,-1.48%,0.006470614453995477,-3.7,-1.48%,0.4192400151152385,0.4680638925030506,0.42791102939641185,0.5494605004047738,2026-01-21T16:36:11.149Z,2026-01-21T16:45:08.974Z,8
ETH/USDC,LOW_VOL_CHOP,range_trade,QUANT,,IDEAL,250,0.084887,2945.08,2892.3940000000002,3032.89,2892.3940000000002,STOP_LOSS,-4.47,-1.79%,0.006376671241998825,-4.48,-1.79%,0.4960074735696409,0.5812632706850981,0.5440922948940546,0.5246817973355187,2026-01-21T16:36:11.591Z,2026-01-21T16:45:08.974Z,8
ETH/USD,LOW_VOL_CHOP,range_trade,QUANT,,IDEAL,250,0.085192,2934.5550000000003,2897.6940000000004,2995.9900000000002,2897.6940000000004,STOP_LOSS,-3.14,-1.26%,0.006574969746759037,-3.15,-1.26%,0.43789610992018213,0.5074512798980058,0.4808117119828119,0.5247388132266606,2026-01-21T16:37:10.185Z,2026-01-21T16:45:08.974Z,7
AKT/USD,BULL_STABLE,sma_trend_ride,QUANT,,ROTATIONAL,250,581.125058,0.4302,0.42249000000000003,0.44305000000000005,0.42249000000000003,STOP_LOSS,-4.48,-1.79%,0.00736360251338143,-4.49,-1.80%,0.6967096461322106,0.8467366615425144,0.7188205582903316,0.7491749174917492,2026-01-21T15:21:17.436Z,2026-01-21T16:42:08.976Z,80
ETH/USDC,BULL_STABLE,sma_trend_ride,QUANT,,IDEAL,250,0.084192,2969.42,2912.291,3064.6349999999998,2912.291,STOP_LOSS,-4.81,-1.92%,0.006947960796072801,-4.82,-1.93%,0.5710495110229689,0.6640179521622804,0.5751406706932167,0.7209788287049776,2026-01-21T16:22:10.074Z,2026-01-21T16:42:08.976Z,19
ETH/USD,BULL_STABLE,sma_trend_ride,QUANT,,IDEAL,250,0.084683,2952.185,2913.818,3016.13,2913.818,STOP_LOSS,-3.25,-1.30%,0.0062033859854064765,-3.26,-1.30%,0.6281862609044875,0.7503973637467043,0.7122637335364733,0.639138943248533,2026-01-21T16:24:10.252Z,2026-01-21T16:42:08.976Z,17
AERO/USD,BULL_STABLE,sma_trend_ride,QUANT,,ROTATIONAL,250,521.267723,0.4796,0.47207000000000005,0.4921500000000001,0.47207000000000005,STOP_LOSS,-3.93,-1.57%,0.008294240837696337,-3.93,-1.57%,0.649490407553633,0.7447087988835549,0.7238638149335619,0.7427745664739877,2026-01-21T15:21:16.378Z,2026-01-21T16:41:08.951Z,79
ETH/USD,BULL_STABLE,sma_trend_ride,QUANT,,IDEAL,250,0.084556,2956.615,2918.8509999999997,3019.5549999999994,2918.8509999999997,STOP_LOSS,-3.19,-1.28%,0.00620338360238619,-3.2,-1.28%,0.6427054804252873,0.793875131692984,0.663125662691001,0.639138943248533,2026-01-21T16:25:14.026Z,2026-01-21T16:41:08.951Z,15
ADA/GBP,BULL_STABLE,sma_trend_ride,QUANT,,ROTATIONAL,250,929.40258,0.26899,0.265672,0.27452000000000004,0.265672,STOP_LOSS,-3.08,-1.23%,0.006646212769122109,-3.09,-1.24%,0.6319624825291896,0.7583266225052282,0.6737496552011388,0.6531165311653069,2026-01-21T15:21:12.754Z,2026-01-21T16:40:08.950Z,78
SOL/EUR,BULL_STABLE,sma_trend_ride,QUANT,,IDEAL,250,2.259581,110.64,108.924,113.5,108.924,STOP_LOSS,-3.88,-1.55%,0.006290432266232638,-3.88,-1.55%,0.6411706032586615,0.6963102917397731,0.6825186297671124,0.8630136986301382,2026-01-21T15:39:10.757Z,2026-01-21T16:40:08.950Z,60
0G/USD,TRANSITION,liquidity_trap,QUANT,,ROTATIONAL,250,328.947368,0.76,0.7477,0.7805000000000001,0.7477,STOP_LOSS,-4.05,-1.62%,0.007517523056653493,-4.05,-1.62%,0.397156020188925,0.44958286323824204,0.4103764170753151,0.5311382747150281,2026-01-21T15:21:10.361Z,2026-01-21T16:37:08.947Z,75
SOL/USDC,BULL_STABLE,sma_trend_ride,QUANT,,IDEAL,250,1.925743,129.82,127.89099999999999,133.035,127.89099999999999,STOP_LOSS,-3.71,-1.49%,0.006586279357231237,-3.72,-1.49%,0.6433767804937711,0.7105522193794707,0.6760313607810939,0.8380000000000015,2026-01-21T15:39:11.446Z,2026-01-21T16:37:08.947Z,57
ADA/USDC,BULL_STABLE,pivot_shift,HYBRID,MORNING_STAR,ROTATIONAL,250,691.576324,0.361493,0.3564947,0.36982349999999997,0.3564947,STOP_LOSS,-3.46,-1.38%,0.007892950741219205,-3.46,-1.39%,0.6528565180659095,0.7631409136182191,0.7029915567946652,0.7523890956644217,2026-01-21T15:21:13.973Z,2026-01-21T16:36:08.948Z,74
SOL/EUR,BULL_STABLE,pivot_shift,HYBRID,MORNING_STAR,ROTATIONAL,250,2.245576,111.33,109.614,114.19,109.614,STOP_LOSS,-3.85,-1.54%,0.006289831117499148,-3.86,-1.54%,0.6232021166688861,0.6534099091074412,0.6930070802084014,0.7924528301886802,2026-01-21T15:21:21.659Z,2026-01-21T16:36:08.948Z,74
SOL/USD,BULL_STABLE,pivot_shift,HYBRID,MORNING_STAR,IDEAL,250,1.920934,130.14499999999998,128.19799999999998,133.38999999999996,128.19799999999998,STOP_LOSS,-3.74,-1.50%,0.006430574129582451,-3.75,-1.50%,0.6119207092184628,0.6852469657839413,0.6308942135727434,0.805293005671077,2026-01-21T15:22:12.316Z,2026-01-21T16:36:08.948Z,73
SOL/EUR,BULL_STABLE,pivot_shift,HYBRID,MORNING_STAR,IDEAL,250,2.245778,111.32,109.60399999999998,114.18,109.60399999999998,STOP_LOSS,-3.85,-1.54%,0.006289952325267654,-3.86,-1.54%,0.7336179176262762,0.8439318465442224,0.8292796079096126,0.7924528301886802,2026-01-21T15:22:13.617Z,2026-01-21T16:36:08.948Z,73
AAVE/USD,TRANSITION,pivot_shift,HYBRID,MORNING_STAR,ROTATIONAL,250,1.570746,159.16,156.619,163.395,156.619,STOP_LOSS,-3.99,-1.60%,0.00689069446188631,-4,-1.60%,0.41458871718232354,0.46602174184460027,0.4225950933175331,0.5355190411944736,2026-01-21T15:21:10.765Z,2026-01-21T16:27:08.947Z,65
ADA/EUR,BULL_STABLE,pivot_shift,HYBRID,MORNING_STAR,ROTATIONAL,250,809.022216,0.309015,0.30459929999999996,0.3163745,0.30459929999999996,STOP_LOSS,-3.57,-1.43%,0.0067959379058613,-3.58,-1.43%,0.6817229139897155,0.804998094568272,0.7577897811866064,0.6677401216582349,2026-01-21T15:21:12.073Z,2026-01-21T16:27:08.947Z,65
ADA/USDT,TRANSITION,liquidity_trap,QUANT,,ROTATIONAL,250,688.185777,0.363274,0.3584341,0.3713405,0.3584341,STOP_LOSS,-3.33,-1.33%,0.006816347299265714,-3.34,-1.34%,0.47083267354655345,0.5023612516404531,0.5568614856002049,0.5465027035293346,2026-01-21T15:21:14.730Z,2026-01-21T16:26:08.945Z,64
ETH/USDC,BULL_STABLE,sma_trend_ride,QUANT,,ROTATIONAL,250,0.083056,3010.01,2952.8810000000003,3105.2250000000004,2952.8810000000003,STOP_LOSS,-4.74,-1.90%,0.006538950383645306,-4.75,-1.90%,0.6038935754845284,0.6622856910352357,0.6706562978348366,0.6969436536498886,2026-01-21T15:21:20.994Z,2026-01-21T16:25:08.944Z,63
SOL/GBP,BULL_STABLE,pivot_shift,HYBRID,MORNING_STAR,ROTATIONAL,250,2.576788,97.02,95.601,99.38499999999999,95.601,STOP_LOSS,-3.66,-1.46%,0.00650943785456422,-3.66,-1.47%,0.7026443396689961,0.8381487553495784,0.7341495694760569,0.770334928229667,2026-01-21T15:21:22.073Z,2026-01-21T16:25:08.944Z,63
SOL/USDC,BULL_STABLE,pivot_shift,HYBRID,MORNING_STAR,ROTATIONAL,250,1.915415,130.52,128.591,133.735,128.591,STOP_LOSS,-3.69,-1.48%,0.006660440488066934,-3.7,-1.48%,0.6832294532506212,0.7788696776144444,0.746852548390944,0.7846441947565529,2026-01-21T15:21:23.424Z,2026-01-21T16:25:08.944Z,63
SOL/USDT,BULL_STABLE,pivot_shift,HYBRID,MORNING_STAR,ROTATIONAL,250,1.914389,130.59,128.691,133.755,128.691,STOP_LOSS,-3.64,-1.45%,0.006583406180507716,-3.64,-1.46%,0.6377707617717715,0.713033005416542,0.6637202774867189,0.7693761814744786,2026-01-21T15:21:24.084Z,2026-01-21T16:25:08.944Z,63
SOL/GBP,BULL_STABLE,pivot_shift,HYBRID,MORNING_STAR,IDEAL,250,2.576788,97.02,95.601,99.38499999999999,95.601,STOP_LOSS,-3.66,-1.46%,0.006303231134510074,-3.66,-1.47%,0.634252640762326,0.6967006216288443,0.6986703482118577,0.770334928229667,2026-01-21T15:22:09.831Z,2026-01-21T16:25:08.944Z,62
SOL/USDC,BULL_STABLE,pivot_shift,HYBRID,MORNING_STAR,IDEAL,250,1.915415,130.52,128.591,133.735,128.591,STOP_LOSS,-3.69,-1.48%,0.006968757687576831,-3.7,-1.48%,0.7012026544918717,0.8204031411648374,0.7526000310500475,0.7846441947565529,2026-01-21T15:22:11.226Z,2026-01-21T16:25:08.944Z,62
SOL/USDT,BULL_STABLE,pivot_shift,HYBRID,MORNING_STAR,IDEAL,250,1.914389,130.59,128.691,133.755,128.691,STOP_LOSS,-3.64,-1.45%,0.006583965596682624,-3.64,-1.46%,0.6251518465083408,0.727580797473809,0.6470625957865749,0.7693761814744786,2026-01-21T15:22:12.961Z,2026-01-21T16:25:08.944Z,62
ETH/USDC,BULL_STABLE,pivot_shift,HYBRID,MORNING_STAR,IDEAL,250,0.083056,3010.01,2952.8810000000003,3105.2250000000004,2952.8810000000003,STOP_LOSS,-4.74,-1.90%,0.00655968707224712,-4.75,-1.90%,0.6960597488171225,0.827211959885046,0.7535210406081085,0.6969436536498886,2026-01-21T15:22:14.657Z,2026-01-21T16:25:08.944Z,62
ETH/EUR,BULL_STABLE,sma_trend_ride,QUANT,,ROTATIONAL,250,0.097242,2570.9,2531.6600000000003,2636.2999999999997,2531.6600000000003,STOP_LOSS,-3.82,-1.53%,0.006359472263494798,-3.82,-1.53%,0.7028029539511933,0.8407805897693534,0.775971822036699,0.7080800405268498,2026-01-21T15:21:19.866Z,2026-01-21T16:24:08.944Z,62
ETH/EUR,BULL_STABLE,pivot_shift,HYBRID,MORNING_STAR,IDEAL,250,0.097242,2570.9,2531.6600000000003,2636.2999999999997,2531.6600000000003,STOP_LOSS,-3.82,-1.53%,0.006211695769640022,-3.82,-1.53%,0.6159877966368075,0.713062761410546,0.6313158204138227,0.7080800405268498,2026-01-21T15:22:10.563Z,2026-01-21T16:24:08.944Z,61
ETH/USD,BULL_STABLE,pivot_shift,HYBRID,MORNING_STAR,IDEAL,250,0.083269,3002.335,2960.641,3071.825,2960.641,STOP_LOSS,-3.47,-1.39%,0.006339926305479139,-3.48,-1.39%,0.6654688177053796,0.755346513439798,0.7715500046869735,0.6973115698511776,2026-01-21T15:22:11.923Z,2026-01-21T16:24:08.944Z,61
BTC/USD,BULL_STABLE,sma_trend_ride,QUANT,,ROTATIONAL,250,0.00277,90241.35,89519.4192,91594.97025,89519.4192,STOP_LOSS,-2,-0.80%,0.006201108518409784,-2.01,-0.80%,0.7199667374634867,0.8230769429704625,0.7893342478014974,0.8080027522692989,2026-01-21T15:21:31.941Z,2026-01-21T16:22:08.944Z,60
ADA/USD,BULL_STABLE,pivot_shift,HYBRID,MORNING_STAR,ROTATIONAL,250,691.161428,0.36171,0.35881631999999997,0.3671356499999999,0.35881631999999997,STOP_LOSS,-2,-0.80%,0.006601154217514133,-2.01,-0.80%,0.580928654093406,0.6883192610069947,0.6125654337894543,0.6735668058934214,2026-01-21T15:21:13.190Z,2026-01-21T16:16:08.944Z,54
ETH/USD,BULL_STABLE,sma_trend_ride,QUANT,,ROTATIONAL,250,0.083029,3010.99,2986.90208,3056.1548499999994,2986.90208,STOP_LOSS,-2,-0.80%,0.006223258904837907,-2.01,-0.80%,0.6915726663311105,0.7989363530308936,0.7758158687350909,0.6973115698511776,2026-01-21T15:21:20.347Z,2026-01-21T15:39:08.933Z,17
SOL/USD,BULL_STABLE,pivot_shift,HYBRID,MORNING_STAR,ROTATIONAL,250,1.915782,130.495,129.45104,132.452425,129.45104,STOP_LOSS,-2,-0.80%,0.006430273257599026,-2.01,-0.80%,0.6347098868538151,0.718948729721651,0.6336187563430226,0.805293005671077,2026-01-21T15:21:22.713Z,2026-01-21T15:39:08.933Z,17