timestamp,symbol,strategy,stage,block_reason
2025-12-05T09:55:51.153Z,AUD/USD,sma_trend_ride,attempt,
2025-12-05T09:55:51.769Z,AUD/USD,sma_trend_ride,rtb,
2025-12-05T09:55:51.847Z,AUD/USD,sma_trend_ride,opened,
2025-12-05T09:56:01.736Z,ADAAUD,mean_reversion,attempt,
2025-12-05T09:56:02.113Z,ADAAUD,mean_reversion,attempt,MAX_POSITION
2025-12-05T09:56:02.867Z,ADAEUR,mean_reversion,attempt,
2025-12-05T09:56:03.263Z,ADAEUR,mean_reversion,attempt,MAX_POSITION
2025-12-05T09:56:04.322Z,ADAGBP,mean_reversion,attempt,
2025-12-05T09:56:04.703Z,ADAGBP,mean_reversion,attempt,MAX_POSITION
2025-12-05T09:56:05.374Z,ADAUSDC,mean_reversion,attempt,
2025-12-05T09:56:05.746Z,ADAUSDC,mean_reversion,attempt,MAX_POSITION
2025-12-05T09:56:06.299Z,ADAUSDT,mean_reversion,attempt,
2025-12-05T09:56:06.654Z,ADAUSDT,mean_reversion,attempt,MAX_POSITION
2025-12-05T09:56:07.634Z,ATOMEUR,mean_reversion,attempt,
2025-12-05T09:56:07.961Z,ATOMEUR,mean_reversion,attempt,MAX_POSITION
2025-12-05T09:56:08.612Z,AUD/USD,sma_trend_ride,attempt,
2025-12-05T09:56:08.751Z,ATOMUSD,mean_reversion,attempt,
2025-12-05T09:56:09.083Z,ATOMUSD,mean_reversion,attempt,MAX_POSITION
2025-12-05T09:56:09.140Z,AUD/USD,sma_trend_ride,rtb,
2025-12-05T09:56:09.216Z,AUD/USD,sma_trend_ride,opened,
2025-12-05T09:56:09.556Z,AUDUSD,vwap_pullback,attempt,
2025-12-05T09:56:09.780Z,AUDUSD,vwap_pullback,attempt,POSITION_LIMIT
2025-12-05T09:56:10.084Z,AUDUSD,sma_trend_ride,attempt,
2025-12-05T09:56:10.304Z,AUDUSD,sma_trend_ride,attempt,POSITION_LIMIT
2025-12-05T09:56:11.154Z,CVXUSD,mean_reversion,attempt,
2025-12-05T09:56:11.524Z,CVXUSD,mean_reversion,attempt,MAX_POSITION
2025-12-05T09:56:11.825Z,ADAAUD,mean_reversion,attempt,
2025-12-05T09:56:12.193Z,ADAAUD,mean_reversion,attempt,MAX_POSITION
2025-12-05T09:56:12.916Z,DOTEUR,mean_reversion,attempt,
2025-12-05T09:56:13.277Z,ADAEUR,mean_reversion,attempt,
2025-12-05T09:56:13.301Z,DOTEUR,mean_reversion,attempt,MAX_POSITION
2025-12-05T09:56:13.655Z,ADAEUR,mean_reversion,attempt,MAX_POSITION
2025-12-05T09:56:14.158Z,DOTGBP,mean_reversion,attempt,
2025-12-05T09:56:14.528Z,DOTGBP,mean_reversion,attempt,MAX_POSITION
2025-12-05T09:56:14.584Z,ADAGBP,mean_reversion,attempt,
2025-12-05T09:56:14.964Z,ADAGBP,mean_reversion,attempt,MAX_POSITION
2025-12-05T09:56:15.478Z,DOTUSD,mean_reversion,attempt,
2025-12-05T09:56:15.740Z,ADAUSDC,mean_reversion,attempt,
2025-12-05T09:56:15.909Z,DOTUSD,mean_reversion,attempt,MAX_POSITION
2025-12-05T09:56:16.101Z,ADAUSDC,mean_reversion,attempt,MAX_POSITION
2025-12-05T09:56:16.769Z,DOTUSDC,mean_reversion,attempt,
2025-12-05T09:56:16.838Z,ADAUSDT,mean_reversion,attempt,
2025-12-05T09:56:17.139Z,DOTUSDC,mean_reversion,attempt,MAX_POSITION
2025-12-05T09:56:17.215Z,ADAUSDT,mean_reversion,attempt,MAX_POSITION
2025-12-05T09:56:17.935Z,DOTUSDT,mean_reversion,attempt,
2025-12-05T09:56:18.308Z,DOTUSDT,mean_reversion,attempt,MAX_POSITION
2025-12-05T09:56:18.739Z,ATOMEUR,mean_reversion,attempt,
2025-12-05T09:56:19.107Z,ATOMEUR,mean_reversion,attempt,MAX_POSITION
2025-12-05T09:56:19.307Z,XETCZUSD,mean_reversion,attempt,
2025-12-05T09:56:19.675Z,XETCZUSD,mean_reversion,attempt,MAX_POSITION
2025-12-05T09:56:20.191Z,ATOMUSD,mean_reversion,attempt,
2025-12-05T09:56:20.536Z,ETHFIEUR,mean_reversion,attempt,
2025-12-05T09:56:20.572Z,ATOMUSD,mean_reversion,attempt,MAX_POSITION
2025-12-05T09:56:20.904Z,ETHFIEUR,mean_reversion,attempt,MAX_POSITION
2025-12-05T09:56:21.672Z,ETHFIUSD,mean_reversion,attempt,
2025-12-05T09:56:21.730Z,AUDUSD,vwap_pullback,attempt,
2025-12-05T09:56:21.951Z,AUDUSD,vwap_pullback,attempt,POSITION_LIMIT
2025-12-05T09:56:22.047Z,ETHFIUSD,mean_reversion,attempt,MAX_POSITION
2025-12-05T09:56:22.271Z,AUDUSD,sma_trend_ride,attempt,
2025-12-05T09:56:22.491Z,AUDUSD,sma_trend_ride,attempt,POSITION_LIMIT
2025-12-05T09:56:23.336Z,EURCAD,vwap_pullback,attempt,
2025-12-05T09:56:23.443Z,CVXUSD,mean_reversion,attempt,
2025-12-05T09:56:23.709Z,EURCAD,vwap_pullback,attempt,MAX_POSITION
2025-12-05T09:56:23.821Z,CVXUSD,mean_reversion,attempt,MAX_POSITION
2025-12-05T09:56:24.750Z,EWTUSD,mean_reversion,attempt,
2025-12-05T09:56:25.134Z,EWTUSD,mean_reversion,attempt,MAX_POSITION
2025-12-05T09:56:25.363Z,DOTEUR,mean_reversion,attempt,
2025-12-05T09:56:25.738Z,DOTEUR,mean_reversion,attempt,MAX_POSITION
2025-12-05T09:56:26.399Z,FORTHUSD,mean_reversion,attempt,
2025-12-05T09:56:26.644Z,DOTGBP,mean_reversion,attempt,
2025-12-05T09:56:26.776Z,FORTHUSD,mean_reversion,attempt,MAX_POSITION
2025-12-05T09:56:27.015Z,DOTGBP,mean_reversion,attempt,MAX_POSITION
2025-12-05T09:56:27.509Z,KSMEUR,mean_reversion,attempt,
2025-12-05T09:56:27.890Z,KSMEUR,mean_reversion,attempt,MAX_POSITION
2025-12-05T09:56:28.332Z,DOTUSD,mean_reversion,attempt,
2025-12-05T09:56:28.669Z,KSMUSD,mean_reversion,attempt,
2025-12-05T09:56:28.695Z,DOTUSD,mean_reversion,attempt,MAX_POSITION
2025-12-05T09:56:29.053Z,KSMUSD,mean_reversion,attempt,MAX_POSITION
2025-12-05T09:56:29.696Z,DOTUSDC,mean_reversion,attempt,
2025-12-05T09:56:30.073Z,DOTUSDC,mean_reversion,attempt,MAX_POSITION
2025-12-05T09:56:30.102Z,LDOEUR,mean_reversion,attempt,
2025-12-05T09:56:30.473Z,LDOEUR,mean_reversion,attempt,MAX_POSITION
2025-12-05T09:56:31.235Z,LINKEUR,vwap_pullback,attempt,
2025-12-05T09:56:31.258Z,DOTUSDT,mean_reversion,attempt,
2025-12-05T09:56:31.603Z,LINKEUR,vwap_pullback,attempt,MAX_POSITION
2025-12-05T09:56:31.636Z,DOTUSDT,mean_reversion,attempt,MAX_POSITION
2025-12-05T09:56:32.332Z,LINKUSDT,vwap_pullback,attempt,
2025-12-05T09:56:32.729Z,LINKUSDT,vwap_pullback,attempt,MAX_POSITION
2025-12-05T09:56:32.936Z,XETCZUSD,mean_reversion,attempt,
2025-12-05T09:56:33.315Z,XETCZUSD,mean_reversion,attempt,MAX_POSITION
2025-12-05T09:56:33.857Z,XLTCZEUR,mean_reversion,attempt,
2025-12-05T09:56:34.255Z,XLTCZEUR,mean_reversion,attempt,MAX_POSITION
2025-12-05T09:56:34.311Z,ETHFIEUR,mean_reversion,attempt,
2025-12-05T09:56:34.689Z,ETHFIEUR,mean_reversion,attempt,MAX_POSITION
2025-12-05T09:56:35.262Z,XLTCZUSD,mean_reversion,attempt,
2025-12-05T09:56:35.606Z,ETHFIUSD,mean_reversion,attempt,
2025-12-05T09:56:35.685Z,XLTCZUSD,mean_reversion,attempt,MAX_POSITION
2025-12-05T09:56:36.084Z,ETHFIUSD,mean_reversion,attempt,MAX_POSITION
2025-12-05T09:56:36.802Z,EURCAD,vwap_pullback,attempt,
2025-12-05T09:56:37.185Z,EURCAD,vwap_pullback,attempt,MAX_POSITION
2025-12-05T09:56:37.888Z,MNTUSD,mean_reversion,attempt,
2025-12-05T09:56:38.283Z,MNTUSD,mean_reversion,attempt,MAX_POSITION
2025-12-05T09:56:38.557Z,EWTUSD,mean_reversion,attempt,
2025-12-05T09:56:38.881Z,EWTUSD,mean_reversion,attempt,MAX_POSITION
2025-12-05T09:56:39.260Z,NANOEUR,mean_reversion,attempt,
2025-12-05T09:56:39.587Z,NANOEUR,mean_reversion,attempt,MAX_POSITION
2025-12-05T09:56:39.851Z,FORTHUSD,mean_reversion,attempt,
2025-12-05T09:56:40.223Z,FORTHUSD,mean_reversion,attempt,MAX_POSITION
2025-12-05T09:56:40.618Z,NOSUSD,mean_reversion,attempt,
2025-12-05T09:56:40.991Z,NOSUSD,mean_reversion,attempt,MAX_POSITION
2025-12-05T09:56:41.263Z,KSMEUR,mean_reversion,attempt,
2025-12-05T09:56:41.642Z,KSMEUR,mean_reversion,attempt,MAX_POSITION
2025-12-05T09:56:41.692Z,OPEUR,mean_reversion,attempt,
2025-12-05T09:56:41.758Z,ADAAUD,mean_reversion,attempt,
2025-12-05T09:56:42.077Z,OPEUR,mean_reversion,attempt,MAX_POSITION
2025-12-05T09:56:42.135Z,ADAAUD,mean_reversion,attempt,MAX_POSITION
2025-12-05T09:56:42.849Z,KSMUSD,mean_reversion,attempt,
2025-12-05T09:56:42.881Z,ADAEUR,mean_reversion,attempt,
2025-12-05T09:56:42.989Z,OPUSD,mean_reversion,attempt,
2025-12-05T09:56:43.216Z,KSMUSD,mean_reversion,attempt,MAX_POSITION
2025-12-05T09:56:43.265Z,ADAEUR,mean_reversion,attempt,MAX_POSITION
2025-12-05T09:56:43.407Z,OPUSD,mean_reversion,attempt,MAX_POSITION
2025-12-05T09:56:43.950Z,LDOEUR,mean_reversion,attempt,
2025-12-05T09:56:43.990Z,ADAGBP,mean_reversion,attempt,
2025-12-05T09:56:44.323Z,LDOEUR,mean_reversion,attempt,MAX_POSITION
2025-12-05T09:56:44.361Z,ADAGBP,mean_reversion,attempt,MAX_POSITION
2025-12-05T09:56:44.685Z,RUNEEUR,mean_reversion,attempt,
2025-12-05T09:56:44.987Z,LINKEUR,vwap_pullback,attempt,
2025-12-05T09:56:45.055Z,RUNEEUR,mean_reversion,attempt,MAX_POSITION
2025-12-05T09:56:45.077Z,ADAUSDC,mean_reversion,attempt,
2025-12-05T09:56:45.392Z,LINKEUR,vwap_pullback,attempt,MAX_POSITION
2025-12-05T09:56:45.466Z,ADAUSDC,mean_reversion,attempt,MAX_POSITION
2025-12-05T09:56:46.268Z,ADAUSDT,mean_reversion,attempt,
2025-12-05T09:56:46.321Z,RUNEUSD,mean_reversion,attempt,
2025-12-05T09:56:46.674Z,ADAUSDT,mean_reversion,attempt,MAX_POSITION
2025-12-05T09:56:46.676Z,LINKUSDT,vwap_pullback,attempt,
2025-12-05T09:56:46.717Z,RUNEUSD,mean_reversion,attempt,MAX_POSITION
2025-12-05T09:56:47.054Z,LINKUSDT,vwap_pullback,attempt,MAX_POSITION
2025-12-05T09:56:47.643Z,ATOMEUR,mean_reversion,attempt,
2025-12-05T09:56:47.970Z,SOSOUSD,mean_reversion,attempt,
2025-12-05T09:56:48.014Z,ATOMEUR,mean_reversion,attempt,MAX_POSITION
2025-12-05T09:56:48.104Z,XLTCZEUR,mean_reversion,attempt,
2025-12-05T09:56:48.335Z,SOSOUSD,mean_reversion,attempt,MAX_POSITION
2025-12-05T09:56:48.474Z,XLTCZEUR,mean_reversion,attempt,MAX_POSITION
2025-12-05T09:56:49.020Z,ATOMUSD,mean_reversion,attempt,
2025-12-05T09:56:49.328Z,TONEUR,mean_reversion,attempt,
2025-12-05T09:56:49.405Z,ATOMUSD,mean_reversion,attempt,MAX_POSITION
2025-12-05T09:56:49.694Z,TONEUR,mean_reversion,attempt,MAX_POSITION
2025-12-05T09:56:49.850Z,XLTCZUSD,mean_reversion,attempt,
2025-12-05T09:56:50.220Z,XLTCZUSD,mean_reversion,attempt,MAX_POSITION
2025-12-05T09:56:50.412Z,AUDUSD,vwap_pullback,attempt,
2025-12-05T09:56:50.632Z,AUDUSD,vwap_pullback,attempt,POSITION_LIMIT
2025-12-05T09:56:50.738Z,TONUSD,mean_reversion,attempt,
2025-12-05T09:56:50.937Z,AUDUSD,sma_trend_ride,attempt,
2025-12-05T09:56:51.120Z,TONUSD,mean_reversion,attempt,MAX_POSITION
2025-12-05T09:56:51.164Z,AUDUSD,sma_trend_ride,attempt,POSITION_LIMIT
2025-12-05T09:56:52.018Z,CVXUSD,mean_reversion,attempt,
2025-12-05T09:56:52.073Z,TRUMPUSD,mean_reversion,attempt,
2025-12-05T09:56:52.393Z,CVXUSD,mean_reversion,attempt,MAX_POSITION
2025-12-05T09:56:52.443Z,TRUMPUSD,mean_reversion,attempt,MAX_POSITION
2025-12-05T09:56:52.921Z,MNTUSD,mean_reversion,attempt,
2025-12-05T09:56:53.298Z,MNTUSD,mean_reversion,attempt,MAX_POSITION
2025-12-05T09:56:53.425Z,DOTEUR,mean_reversion,attempt,
2025-12-05T09:56:53.808Z,DOTEUR,mean_reversion,attempt,MAX_POSITION
2025-12-05T09:56:54.246Z,UNIEUR,mean_reversion,attempt,
2025-12-05T09:56:54.313Z,NANOEUR,mean_reversion,attempt,
2025-12-05T09:56:54.607Z,UNIEUR,mean_reversion,attempt,MAX_POSITION
2025-12-05T09:56:54.684Z,NANOEUR,mean_reversion,attempt,MAX_POSITION
2025-12-05T09:56:55.211Z,DOTGBP,mean_reversion,attempt,
2025-12-05T09:56:55.602Z,DOTGBP,mean_reversion,attempt,MAX_POSITION
2025-12-05T09:56:55.675Z,NOSUSD,mean_reversion,attempt,
2025-12-05T09:56:55.849Z,USDCHF,vwap_pullback,attempt,
2025-12-05T09:56:56.055Z,NOSUSD,mean_reversion,attempt,MAX_POSITION
2025-12-05T09:56:56.223Z,USDCHF,vwap_pullback,attempt,MAX_POSITION
2025-12-05T09:56:56.628Z,DOTUSD,mean_reversion,attempt,
2025-12-05T09:56:57.005Z,DOTUSD,mean_reversion,attempt,MAX_POSITION
2025-12-05T09:56:57.207Z,WLDEUR,mean_reversion,attempt,
2025-12-05T09:56:57.216Z,OPEUR,mean_reversion,attempt,
2025-12-05T09:56:57.578Z,WLDEUR,mean_reversion,attempt,MAX_POSITION
2025-12-05T09:56:57.585Z,OPEUR,mean_reversion,attempt,MAX_POSITION
2025-12-05T09:56:58.132Z,DOTUSDC,mean_reversion,attempt,
2025-12-05T09:56:58.332Z,OPUSD,mean_reversion,attempt,
2025-12-05T09:56:58.498Z,DOTUSDC,mean_reversion,attempt,MAX_POSITION
2025-12-05T09:56:58.696Z,OPUSD,mean_reversion,attempt,MAX_POSITION
2025-12-05T09:56:58.854Z,XRPRLUSD,mean_reversion,attempt,
2025-12-05T09:56:59.224Z,XRPRLUSD,mean_reversion,attempt,MAX_POSITION
2025-12-05T09:56:59.498Z,DOTUSDT,mean_reversion,attempt,
2025-12-05T09:56:59.864Z,DOTUSDT,mean_reversion,attempt,MAX_POSITION
2025-12-05T09:56:59.907Z,RUNEEUR,mean_reversion,attempt,
2025-12-05T09:57:00.179Z,XTZEUR,mean_reversion,attempt,
2025-12-05T09:57:00.299Z,RUNEEUR,mean_reversion,attempt,MAX_POSITION
2025-12-05T09:57:00.541Z,XTZEUR,mean_reversion,attempt,MAX_POSITION
2025-12-05T09:57:00.806Z,XETCZUSD,mean_reversion,attempt,
2025-12-05T09:57:01.051Z,RUNEUSD,mean_reversion,attempt,
2025-12-05T09:57:01.179Z,XETCZUSD,mean_reversion,attempt,MAX_POSITION
2025-12-05T09:57:01.434Z,RUNEUSD,mean_reversion,attempt,MAX_POSITION
2025-12-05T09:57:01.739Z,XTZUSD,mean_reversion,attempt,
2025-12-05T09:57:02.109Z,XTZUSD,mean_reversion,attempt,MAX_POSITION
2025-12-05T09:57:02.149Z,ETHFIEUR,mean_reversion,attempt,
2025-12-05T09:57:02.537Z,ETHFIEUR,mean_reversion,attempt,MAX_POSITION
2025-12-05T09:57:02.727Z,SOSOUSD,mean_reversion,attempt,
2025-12-05T09:57:03.099Z,SOSOUSD,mean_reversion,attempt,MAX_POSITION
2025-12-05T09:57:03.509Z,ETHFIUSD,mean_reversion,attempt,
2025-12-05T09:57:03.880Z,ETHFIUSD,mean_reversion,attempt,MAX_POSITION
2025-12-05T09:57:04.258Z,TONEUR,mean_reversion,attempt,
2025-12-05T09:57:04.628Z,TONEUR,mean_reversion,attempt,MAX_POSITION
2025-12-05T09:57:04.630Z,EURCAD,vwap_pullback,attempt,
2025-12-05T09:57:05.001Z,EURCAD,vwap_pullback,attempt,MAX_POSITION
2025-12-05T09:57:05.652Z,TONUSD,mean_reversion,attempt,
2025-12-05T09:57:05.728Z,EWTUSD,mean_reversion,attempt,
2025-12-05T09:57:06.022Z,TONUSD,mean_reversion,attempt,MAX_POSITION
2025-12-05T09:57:06.103Z,EWTUSD,mean_reversion,attempt,MAX_POSITION
2025-12-05T09:57:07.098Z,FORTHUSD,mean_reversion,attempt,
2025-12-05T09:57:07.264Z,TRUMPUSD,mean_reversion,attempt,
2025-12-05T09:57:07.462Z,FORTHUSD,mean_reversion,attempt,MAX_POSITION
2025-12-05T09:57:07.627Z,TRUMPUSD,mean_reversion,attempt,MAX_POSITION
2025-12-05T09:57:08.581Z,KSMEUR,mean_reversion,attempt,
2025-12-05T09:57:08.962Z,KSMEUR,mean_reversion,attempt,MAX_POSITION
2025-12-05T09:57:09.160Z,UNIEUR,mean_reversion,attempt,
2025-12-05T09:57:09.524Z,UNIEUR,mean_reversion,attempt,MAX_POSITION
2025-12-05T09:57:09.911Z,KSMUSD,mean_reversion,attempt,
2025-12-05T09:57:10.285Z,KSMUSD,mean_reversion,attempt,MAX_POSITION
2025-12-05T09:57:10.613Z,USDCHF,vwap_pullback,attempt,
2025-12-05T09:57:10.999Z,LDOEUR,mean_reversion,attempt,
2025-12-05T09:57:11.033Z,USDCHF,vwap_pullback,attempt,MAX_POSITION
2025-12-05T09:57:11.373Z,LDOEUR,mean_reversion,attempt,MAX_POSITION
2025-12-05T09:57:12.021Z,WLDEUR,mean_reversion,attempt,
2025-12-05T09:57:12.164Z,LINKEUR,vwap_pullback,attempt,
2025-12-05T09:57:12.362Z,WLDEUR,mean_reversion,attempt,MAX_POSITION
2025-12-05T09:57:12.494Z,LINKEUR,vwap_pullback,attempt,MAX_POSITION
2025-12-05T09:57:13.563Z,LINKUSDT,vwap_pullback,attempt,
2025-12-05T09:57:13.786Z,XRPRLUSD,mean_reversion,attempt,
2025-12-05T09:57:13.934Z,LINKUSDT,vwap_pullback,attempt,MAX_POSITION
2025-12-05T09:57:14.158Z,XRPRLUSD,mean_reversion,attempt,MAX_POSITION
2025-12-05T09:57:14.860Z,XTZEUR,mean_reversion,attempt,
2025-12-05T09:57:15.007Z,XLTCZEUR,mean_reversion,attempt,
2025-12-05T09:57:15.232Z,XTZEUR,mean_reversion,attempt,MAX_POSITION
2025-12-05T09:57:15.381Z,XLTCZEUR,mean_reversion,attempt,MAX_POSITION
2025-12-05T09:57:16.242Z,XTZUSD,mean_reversion,attempt,
2025-12-05T09:57:16.616Z,XTZUSD,mean_reversion,attempt,MAX_POSITION
2025-12-05T09:57:16.732Z,XLTCZUSD,mean_reversion,attempt,
2025-12-05T09:57:17.103Z,XLTCZUSD,mean_reversion,attempt,MAX_POSITION
2025-12-05T09:57:19.546Z,MNTUSD,mean_reversion,attempt,
2025-12-05T09:57:19.923Z,MNTUSD,mean_reversion,attempt,MAX_POSITION
2025-12-05T09:57:20.659Z,NANOEUR,mean_reversion,attempt,
2025-12-05T09:57:21.036Z,NANOEUR,mean_reversion,attempt,MAX_POSITION
2025-12-05T09:57:22.204Z,NOSUSD,mean_reversion,attempt,
2025-12-05T09:57:22.576Z,NOSUSD,mean_reversion,attempt,MAX_POSITION
2025-12-05T09:57:23.680Z,OPEUR,mean_reversion,attempt,
2025-12-05T09:57:24.051Z,OPEUR,mean_reversion,attempt,MAX_POSITION
2025-12-05T09:57:25.058Z,OPUSD,mean_reversion,attempt,
2025-12-05T09:57:25.429Z,OPUSD,mean_reversion,attempt,MAX_POSITION
2025-12-05T09:57:26.471Z,RUNEEUR,mean_reversion,attempt,
2025-12-05T09:57:26.830Z,RUNEEUR,mean_reversion,attempt,MAX_POSITION
2025-12-05T09:57:27.596Z,RUNEUSD,mean_reversion,attempt,
2025-12-05T09:57:27.964Z,RUNEUSD,mean_reversion,attempt,MAX_POSITION
2025-12-05T09:57:29.513Z,SOSOUSD,mean_reversion,attempt,
2025-12-05T09:57:29.887Z,SOSOUSD,mean_reversion,attempt,MAX_POSITION
2025-12-05T09:57:31.676Z,TONEUR,mean_reversion,attempt,
2025-12-05T09:57:32.540Z,TONEUR,mean_reversion,attempt,MAX_POSITION
2025-12-05T09:57:32.700Z,ADAAUD,mean_reversion,attempt,
2025-12-05T09:57:33.242Z,TONUSD,mean_reversion,attempt,
2025-12-05T09:57:33.355Z,ADAAUD,mean_reversion,attempt,MAX_POSITION
2025-12-05T09:57:33.615Z,TONUSD,mean_reversion,attempt,MAX_POSITION
2025-12-05T09:57:34.578Z,TRUMPUSD,mean_reversion,attempt,
2025-12-05T09:57:34.664Z,ADAEUR,mean_reversion,attempt,
2025-12-05T09:57:34.964Z,TRUMPUSD,mean_reversion,attempt,MAX_POSITION
2025-12-05T09:57:35.054Z,ADAEUR,mean_reversion,attempt,MAX_POSITION
2025-12-05T09:57:36.070Z,ADAGBP,mean_reversion,attempt,
2025-12-05T09:57:36.433Z,ADAGBP,mean_reversion,attempt,MAX_POSITION
2025-12-05T09:57:37.084Z,UNIEUR,mean_reversion,attempt,
2025-12-05T09:57:37.414Z,ADAUSDC,mean_reversion,attempt,
2025-12-05T09:57:37.456Z,UNIEUR,mean_reversion,attempt,MAX_POSITION
2025-12-05T09:57:37.785Z,ADAUSDC,mean_reversion,attempt,MAX_POSITION
2025-12-05T09:57:38.527Z,USDCHF,vwap_pullback,attempt,
2025-12-05T09:57:38.832Z,ADAUSDT,mean_reversion,attempt,
2025-12-05T09:57:38.898Z,USDCHF,vwap_pullback,attempt,MAX_POSITION
2025-12-05T09:57:39.203Z,ADAUSDT,mean_reversion,attempt,MAX_POSITION
2025-12-05T09:57:39.922Z,WLDEUR,mean_reversion,attempt,
2025-12-05T09:57:40.297Z,WLDEUR,mean_reversion,attempt,MAX_POSITION
2025-12-05T09:57:40.468Z,ATOMEUR,mean_reversion,attempt,
2025-12-05T09:57:40.836Z,ATOMEUR,mean_reversion,attempt,MAX_POSITION
2025-12-05T09:57:41.029Z,XRPRLUSD,mean_reversion,attempt,
2025-12-05T09:57:41.411Z,XRPRLUSD,mean_reversion,attempt,MAX_POSITION
2025-12-05T09:57:41.835Z,ATOMUSD,mean_reversion,attempt,
2025-12-05T09:57:41.883Z,ADAAUD,mean_reversion,attempt,
2025-12-05T09:57:42.212Z,ATOMUSD,mean_reversion,attempt,MAX_POSITION
2025-12-05T09:57:42.263Z,ADAAUD,mean_reversion,attempt,MAX_POSITION
2025-12-05T09:57:42.331Z,XTZEUR,mean_reversion,attempt,
2025-12-05T09:57:42.698Z,XTZEUR,mean_reversion,attempt,MAX_POSITION
2025-12-05T09:57:43.205Z,ADAEUR,mean_reversion,attempt,
2025-12-05T09:57:43.248Z,AUDUSD,vwap_pullback,attempt,
2025-12-05T09:57:43.477Z,XTZUSD,mean_reversion,attempt,
2025-12-05T09:57:43.478Z,AUDUSD,vwap_pullback,attempt,POSITION_LIMIT
2025-12-05T09:57:43.568Z,ADAEUR,mean_reversion,attempt,MAX_POSITION
2025-12-05T09:57:43.771Z,AUDUSD,sma_trend_ride,attempt,
2025-12-05T09:57:43.849Z,XTZUSD,mean_reversion,attempt,MAX_POSITION
2025-12-05T09:57:43.999Z,AUDUSD,sma_trend_ride,attempt,POSITION_LIMIT
2025-12-05T09:57:44.848Z,ADAGBP,mean_reversion,attempt,
2025-12-05T09:57:45.068Z,CVXUSD,mean_reversion,attempt,
2025-12-05T09:57:45.219Z,ADAGBP,mean_reversion,attempt,MAX_POSITION
2025-12-05T09:57:45.456Z,CVXUSD,mean_reversion,attempt,MAX_POSITION
2025-12-05T09:57:46.149Z,ADAUSDC,mean_reversion,attempt,
2025-12-05T09:57:46.383Z,DOTEUR,mean_reversion,attempt,
2025-12-05T09:57:46.520Z,ADAUSDC,mean_reversion,attempt,MAX_POSITION
2025-12-05T09:57:46.764Z,DOTEUR,mean_reversion,attempt,MAX_POSITION
2025-12-05T09:57:47.295Z,ADAUSDT,mean_reversion,attempt,
2025-12-05T09:57:47.688Z,ADAUSDT,mean_reversion,attempt,MAX_POSITION
2025-12-05T09:57:47.764Z,DOTGBP,mean_reversion,attempt,
2025-12-05T09:57:48.152Z,DOTGBP,mean_reversion,attempt,MAX_POSITION
2025-12-05T09:57:48.812Z,ATOMEUR,mean_reversion,attempt,
2025-12-05T09:57:49.028Z,DOTUSD,mean_reversion,attempt,
2025-12-05T09:57:49.191Z,ATOMEUR,mean_reversion,attempt,MAX_POSITION
2025-12-05T09:57:49.393Z,DOTUSD,mean_reversion,attempt,MAX_POSITION
2025-12-05T09:57:50.155Z,DOTUSDC,mean_reversion,attempt,
2025-12-05T09:57:50.188Z,ATOMUSD,mean_reversion,attempt,
2025-12-05T09:57:50.516Z,DOTUSDC,mean_reversion,attempt,MAX_POSITION
2025-12-05T09:57:50.567Z,ATOMUSD,mean_reversion,attempt,MAX_POSITION
2025-12-05T09:57:51.544Z,DOTUSDT,mean_reversion,attempt,
2025-12-05T09:57:51.914Z,DOTUSDT,mean_reversion,attempt,MAX_POSITION
2025-12-05T09:57:52.175Z,AUDUSD,vwap_pullback,attempt,
2025-12-05T09:57:52.397Z,AUDUSD,vwap_pullback,attempt,POSITION_LIMIT
2025-12-05T09:57:52.732Z,AUDUSD,sma_trend_ride,attempt,
2025-12-05T09:57:52.908Z,XETCZUSD,mean_reversion,attempt,
2025-12-05T09:57:52.946Z,AUDUSD,sma_trend_ride,attempt,POSITION_LIMIT
2025-12-05T09:57:53.278Z,XETCZUSD,mean_reversion,attempt,MAX_POSITION
2025-12-05T09:57:53.920Z,CVXUSD,mean_reversion,attempt,
2025-12-05T09:57:54.282Z,CVXUSD,mean_reversion,attempt,MAX_POSITION
2025-12-05T09:57:54.569Z,ETHFIEUR,mean_reversion,attempt,
2025-12-05T09:57:54.938Z,ETHFIEUR,mean_reversion,attempt,MAX_POSITION
2025-12-05T09:57:55.596Z,DOTEUR,mean_reversion,attempt,
2025-12-05T09:57:55.931Z,ETHFIUSD,mean_reversion,attempt,
2025-12-05T09:57:55.968Z,DOTEUR,mean_reversion,attempt,MAX_POSITION
2025-12-05T09:57:56.308Z,ETHFIUSD,mean_reversion,attempt,MAX_POSITION
2025-12-05T09:57:56.951Z,DOTGBP,mean_reversion,attempt,
2025-12-05T09:57:57.041Z,EURCAD,vwap_pullback,attempt,
2025-12-05T09:57:57.324Z,DOTGBP,mean_reversion,attempt,MAX_POSITION
2025-12-05T09:57:57.417Z,EURCAD,vwap_pullback,attempt,MAX_POSITION
2025-12-05T09:57:57.962Z,EWTUSD,mean_reversion,attempt,
2025-12-05T09:57:58.037Z,DOTUSD,mean_reversion,attempt,
2025-12-05T09:57:58.398Z,EWTUSD,mean_reversion,attempt,MAX_POSITION
2025-12-05T09:57:58.465Z,DOTUSD,mean_reversion,attempt,MAX_POSITION
2025-12-05T09:57:59.380Z,FORTHUSD,mean_reversion,attempt,
2025-12-05T09:57:59.434Z,DOTUSDC,mean_reversion,attempt,
2025-12-05T09:57:59.800Z,FORTHUSD,mean_reversion,attempt,MAX_POSITION
2025-12-05T09:57:59.866Z,DOTUSDC,mean_reversion,attempt,MAX_POSITION
2025-12-05T09:58:00.522Z,KSMEUR,mean_reversion,attempt,
2025-12-05T09:58:00.892Z,KSMEUR,mean_reversion,attempt,MAX_POSITION
2025-12-05T09:58:00.952Z,DOTUSDT,mean_reversion,attempt,
2025-12-05T09:58:01.325Z,DOTUSDT,mean_reversion,attempt,MAX_POSITION
2025-12-05T09:58:01.550Z,KSMUSD,mean_reversion,attempt,
2025-12-05T09:58:01.922Z,KSMUSD,mean_reversion,attempt,MAX_POSITION
2025-12-05T09:58:02.356Z,XETCZUSD,mean_reversion,attempt,
2025-12-05T09:58:02.743Z,LDOEUR,mean_reversion,attempt,
2025-12-05T09:58:02.751Z,XETCZUSD,mean_reversion,attempt,MAX_POSITION
2025-12-05T09:58:03.123Z,LDOEUR,mean_reversion,attempt,MAX_POSITION
2025-12-05T09:58:04.010Z,ETHFIEUR,mean_reversion,attempt,
2025-12-05T09:58:04.074Z,LINKEUR,vwap_pullback,attempt,
2025-12-05T09:58:04.396Z,ETHFIEUR,mean_reversion,attempt,MAX_POSITION
2025-12-05T09:58:04.505Z,LINKEUR,vwap_pullback,attempt,MAX_POSITION
2025-12-05T09:58:05.209Z,ETHFIUSD,mean_reversion,attempt,
2025-12-05T09:58:05.583Z,ETHFIUSD,mean_reversion,attempt,MAX_POSITION
2025-12-05T09:58:05.818Z,LINKUSD,vwap_pullback,attempt,
2025-12-05T09:58:05.853Z,AKT/USD,vwap_pullback,attempt,
2025-12-05T09:58:06.253Z,LINKUSD,vwap_pullback,attempt,MAX_POSITION
2025-12-05T09:58:06.313Z,EURCAD,vwap_pullback,attempt,
2025-12-05T09:58:06.499Z,AKT/USD,vwap_pullback,rtb,
2025-12-05T09:58:06.581Z,AKT/USD,vwap_pullback,opened,
2025-12-05T09:58:06.685Z,EURCAD,vwap_pullback,attempt,MAX_POSITION
2025-12-05T09:58:06.893Z,LINKUSDT,vwap_pullback,attempt,
2025-12-05T09:58:07.263Z,LINKUSDT,vwap_pullback,attempt,MAX_POSITION
2025-12-05T09:58:07.777Z,EWTUSD,mean_reversion,attempt,
2025-12-05T09:58:08.206Z,XLTCZEUR,mean_reversion,attempt,
2025-12-05T09:58:08.220Z,EWTUSD,mean_reversion,attempt,MAX_POSITION
2025-12-05T09:58:08.583Z,XLTCZEUR,mean_reversion,attempt,MAX_POSITION
2025-12-05T09:58:09.071Z,FORTHUSD,mean_reversion,attempt,
2025-12-05T09:58:09.297Z,TIA/USD,vwap_pullback,attempt,
2025-12-05T09:58:09.474Z,FORTHUSD,mean_reversion,attempt,MAX_POSITION
2025-12-05T09:58:09.653Z,XLTCZUSD,mean_reversion,attempt,
2025-12-05T09:58:09.985Z,TIA/USD,vwap_pullback,rtb,
2025-12-05T09:58:10.054Z,XLTCZUSD,mean_reversion,attempt,MAX_POSITION
2025-12-05T09:58:10.276Z,KSMEUR,mean_reversion,attempt,
2025-12-05T09:58:10.344Z,TIA/USD,vwap_pullback,opened,
2025-12-05T09:58:10.722Z,KSMEUR,mean_reversion,attempt,MAX_POSITION
2025-12-05T09:58:11.474Z,KSMUSD,mean_reversion,attempt,
2025-12-05T09:58:11.868Z,KSMUSD,mean_reversion,attempt,MAX_POSITION
2025-12-05T09:58:12.456Z,XRP/GBP,dhma,attempt,
2025-12-05T09:58:12.598Z,XRP/GBP,dhma,attempt,INVALID_STOP_LOSS
2025-12-05T09:58:12.642Z,MEUSD,mean_reversion,attempt,
2025-12-05T09:58:12.955Z,LDOEUR,mean_reversion,attempt,
2025-12-05T09:58:13.059Z,MEUSD,mean_reversion,attempt,MAX_POSITION
2025-12-05T09:58:13.332Z,LDOEUR,mean_reversion,attempt,MAX_POSITION
2025-12-05T09:58:14.132Z,LINKEUR,vwap_pullback,attempt,
2025-12-05T09:58:14.140Z,MNTUSD,mean_reversion,attempt,
2025-12-05T09:58:14.457Z,LINKEUR,vwap_pullback,attempt,MAX_POSITION
2025-12-05T09:58:14.464Z,MNTUSD,mean_reversion,attempt,MAX_POSITION
2025-12-05T09:58:15.335Z,LINKUSD,vwap_pullback,attempt,
2025-12-05T09:58:15.470Z,NANOEUR,mean_reversion,attempt,
2025-12-05T09:58:15.709Z,LINKUSD,vwap_pullback,attempt,MAX_POSITION
2025-12-05T09:58:15.839Z,NANOEUR,mean_reversion,attempt,MAX_POSITION
2025-12-05T09:58:16.724Z,LINKUSDT,vwap_pullback,attempt,
2025-12-05T09:58:17.099Z,LINKUSDT,vwap_pullback,attempt,MAX_POSITION
2025-12-05T09:58:17.214Z,NOSUSD,mean_reversion,attempt,
2025-12-05T09:58:17.649Z,NOSUSD,mean_reversion,attempt,MAX_POSITION
2025-12-05T09:58:18.248Z,XLTCZEUR,mean_reversion,attempt,
2025-12-05T09:58:18.622Z,XLTCZEUR,mean_reversion,attempt,MAX_POSITION
2025-12-05T09:58:19.285Z,OPEUR,mean_reversion,attempt,
2025-12-05T09:58:19.628Z,XLTCZUSD,mean_reversion,attempt,
2025-12-05T09:58:19.662Z,OPEUR,mean_reversion,attempt,MAX_POSITION
2025-12-05T09:58:19.994Z,XLTCZUSD,mean_reversion,attempt,MAX_POSITION
2025-12-05T09:58:21.027Z,OPUSD,mean_reversion,attempt,
2025-12-05T09:58:21.399Z,OPUSD,mean_reversion,attempt,MAX_POSITION
2025-12-05T09:58:22.519Z,MEUSD,mean_reversion,attempt,
2025-12-05T09:58:22.666Z,RUNEEUR,mean_reversion,attempt,
2025-12-05T09:58:22.891Z,MEUSD,mean_reversion,attempt,MAX_POSITION
2025-12-05T09:58:23.049Z,RUNEEUR,mean_reversion,attempt,MAX_POSITION
2025-12-05T09:58:23.764Z,MNTUSD,mean_reversion,attempt,
2025-12-05T09:58:24.128Z,RUNEUSD,mean_reversion,attempt,
2025-12-05T09:58:24.144Z,MNTUSD,mean_reversion,attempt,MAX_POSITION
2025-12-05T09:58:24.501Z,RUNEUSD,mean_reversion,attempt,MAX_POSITION
2025-12-05T09:58:25.226Z,SOSOUSD,mean_reversion,attempt,
2025-12-05T09:58:25.390Z,NANOEUR,mean_reversion,attempt,
2025-12-05T09:58:25.590Z,SOSOUSD,mean_reversion,attempt,MAX_POSITION
2025-12-05T09:58:25.758Z,NANOEUR,mean_reversion,attempt,MAX_POSITION
2025-12-05T09:58:26.378Z,TONEUR,mean_reversion,attempt,
2025-12-05T09:58:26.547Z,XRP/GBP,dhma,attempt,
2025-12-05T09:58:26.692Z,XRP/GBP,dhma,attempt,INVALID_STOP_LOSS
2025-12-05T09:58:26.750Z,TONEUR,mean_reversion,attempt,MAX_POSITION
2025-12-05T09:58:27.126Z,NOSUSD,mean_reversion,attempt,
2025-12-05T09:58:27.499Z,NOSUSD,mean_reversion,attempt,MAX_POSITION
2025-12-05T09:58:28.002Z,TONUSD,mean_reversion,attempt,
2025-12-05T09:58:28.373Z,TONUSD,mean_reversion,attempt,MAX_POSITION
2025-12-05T09:58:28.813Z,OPEUR,mean_reversion,attempt,
2025-12-05T09:58:29.181Z,OPEUR,mean_reversion,attempt,MAX_POSITION
2025-12-05T09:58:29.296Z,ADAAUD,mean_reversion,attempt,
2025-12-05T09:58:29.334Z,TRUMPUSD,mean_reversion,attempt,
2025-12-05T09:58:29.667Z,ADAAUD,mean_reversion,attempt,MAX_POSITION
2025-12-05T09:58:29.705Z,TRUMPUSD,mean_reversion,attempt,MAX_POSITION
2025-12-05T09:58:30.168Z,OPUSD,mean_reversion,attempt,
2025-12-05T09:58:30.499Z,ADAEUR,mean_reversion,attempt,
2025-12-05T09:58:30.552Z,OPUSD,mean_reversion,attempt,MAX_POSITION
2025-12-05T09:58:30.861Z,ADAEUR,mean_reversion,attempt,MAX_POSITION
2025-12-05T09:58:31.262Z,RUNEEUR,mean_reversion,attempt,
2025-12-05T09:58:31.408Z,UNIEUR,mean_reversion,attempt,
2025-12-05T09:58:31.605Z,ADAGBP,mean_reversion,attempt,
2025-12-05T09:58:31.667Z,RUNEEUR,mean_reversion,attempt,MAX_POSITION
2025-12-05T09:58:31.791Z,UNIEUR,mean_reversion,attempt,MAX_POSITION
2025-12-05T09:58:31.983Z,ADAGBP,mean_reversion,attempt,MAX_POSITION
2025-12-05T09:58:32.713Z,ADAUSDC,mean_reversion,attempt,
2025-12-05T09:58:32.920Z,RUNEUSD,mean_reversion,attempt,
2025-12-05T09:58:33.091Z,ADAUSDC,mean_reversion,attempt,MAX_POSITION
2025-12-05T09:58:33.185Z,USDCHF,vwap_pullback,attempt,
2025-12-05T09:58:33.297Z,RUNEUSD,mean_reversion,attempt,MAX_POSITION
2025-12-05T09:58:33.562Z,USDCHF,vwap_pullback,attempt,MAX_POSITION
2025-12-05T09:58:33.827Z,ADAUSDT,mean_reversion,attempt,
2025-12-05T09:58:34.205Z,ADAUSDT,mean_reversion,attempt,MAX_POSITION
2025-12-05T09:58:34.271Z,SOSOUSD,mean_reversion,attempt,
2025-12-05T09:58:34.646Z,SOSOUSD,mean_reversion,attempt,MAX_POSITION
2025-12-05T09:58:34.861Z,WLDEUR,mean_reversion,attempt,
2025-12-05T09:58:35.212Z,ATOMEUR,mean_reversion,attempt,
2025-12-05T09:58:35.237Z,WLDEUR,mean_reversion,attempt,MAX_POSITION
2025-12-05T09:58:35.592Z,ATOMEUR,mean_reversion,attempt,MAX_POSITION
2025-12-05T09:58:35.760Z,TONEUR,mean_reversion,attempt,
2025-12-05T09:58:35.979Z,XRPRLUSD,mean_reversion,attempt,
2025-12-05T09:58:36.127Z,TONEUR,mean_reversion,attempt,MAX_POSITION
2025-12-05T09:58:36.350Z,XRPRLUSD,mean_reversion,attempt,MAX_POSITION
2025-12-05T09:58:36.627Z,ATOMUSD,mean_reversion,attempt,
2025-12-05T09:58:37.002Z,ATOMUSD,mean_reversion,attempt,MAX_POSITION
2025-12-05T09:58:37.065Z,XTZEUR,mean_reversion,attempt,
2025-12-05T09:58:37.381Z,TONUSD,mean_reversion,attempt,
2025-12-05T09:58:37.446Z,XTZEUR,mean_reversion,attempt,MAX_POSITION
2025-12-05T09:58:37.755Z,TONUSD,mean_reversion,attempt,MAX_POSITION
2025-12-05T09:58:38.279Z,AUDUSD,vwap_pullback,attempt,
2025-12-05T09:58:38.501Z,AUDUSD,vwap_pullback,attempt,POSITION_LIMIT
2025-12-05T09:58:38.751Z,XTZUSD,mean_reversion,attempt,
2025-12-05T09:58:38.807Z,AUDUSD,sma_trend_ride,attempt,
2025-12-05T09:58:38.840Z,TRUMPUSD,mean_reversion,attempt,
2025-12-05T09:58:39.027Z,AUDUSD,sma_trend_ride,attempt,POSITION_LIMIT
2025-12-05T09:58:39.127Z,XTZUSD,mean_reversion,attempt,MAX_POSITION
2025-12-05T09:58:39.226Z,TRUMPUSD,mean_reversion,attempt,MAX_POSITION
2025-12-05T09:58:39.606Z,CVXUSD,mean_reversion,attempt,
2025-12-05T09:58:39.621Z,XRP/GBP,dhma,attempt,
2025-12-05T09:58:39.775Z,XRP/GBP,dhma,attempt,INVALID_STOP_LOSS
2025-12-05T09:58:39.988Z,CVXUSD,mean_reversion,attempt,MAX_POSITION
2025-12-05T09:58:40.642Z,UNIEUR,mean_reversion,attempt,
2025-12-05T09:58:41.010Z,DOTEUR,mean_reversion,attempt,
2025-12-05T09:58:41.022Z,UNIEUR,mean_reversion,attempt,MAX_POSITION
2025-12-05T09:58:41.381Z,DOTEUR,mean_reversion,attempt,MAX_POSITION
2025-12-05T09:58:41.479Z,ADAAUD,mean_reversion,attempt,
2025-12-05T09:58:41.752Z,USDCHF,vwap_pullback,attempt,
2025-12-05T09:58:41.865Z,ADAAUD,mean_reversion,attempt,MAX_POSITION
2025-12-05T09:58:42.122Z,USDCHF,vwap_pullback,attempt,MAX_POSITION
2025-12-05T09:58:42.590Z,ADAEUR,mean_reversion,attempt,
2025-12-05T09:58:42.689Z,DOTGBP,mean_reversion,attempt,
2025-12-05T09:58:42.967Z,ADAEUR,mean_reversion,attempt,MAX_POSITION
2025-12-05T09:58:43.058Z,DOTGBP,mean_reversion,attempt,MAX_POSITION
2025-12-05T09:58:43.103Z,WLDEUR,mean_reversion,attempt,
2025-12-05T09:58:43.491Z,WLDEUR,mean_reversion,attempt,MAX_POSITION
2025-12-05T09:58:44.281Z,ADAGBP,mean_reversion,attempt,
2025-12-05T09:58:44.306Z,DOTUSD,mean_reversion,attempt,
2025-12-05T09:58:44.407Z,XRPRLUSD,mean_reversion,attempt,
2025-12-05T09:58:44.655Z,ADAGBP,mean_reversion,attempt,MAX_POSITION
2025-12-05T09:58:44.684Z,DOTUSD,mean_reversion,attempt,MAX_POSITION
2025-12-05T09:58:44.794Z,XRPRLUSD,mean_reversion,attempt,MAX_POSITION
2025-12-05T09:58:45.500Z,XTZEUR,mean_reversion,attempt,
2025-12-05T09:58:45.602Z,DOTUSDC,mean_reversion,attempt,
2025-12-05T09:58:45.774Z,ADAUSDC,mean_reversion,attempt,
2025-12-05T09:58:45.879Z,XTZEUR,mean_reversion,attempt,MAX_POSITION
2025-12-05T09:58:45.977Z,DOTUSDC,mean_reversion,attempt,MAX_POSITION
2025-12-05T09:58:46.128Z,ADAUSDC,mean_reversion,attempt,MAX_POSITION
2025-12-05T09:58:46.781Z,XTZUSD,mean_reversion,attempt,
2025-12-05T09:58:47.140Z,XTZUSD,mean_reversion,attempt,MAX_POSITION
2025-12-05T09:58:47.290Z,DOTUSDT,mean_reversion,attempt,
2025-12-05T09:58:47.394Z,ADAUSDT,mean_reversion,attempt,
2025-12-05T09:58:47.770Z,DOTUSDT,mean_reversion,attempt,MAX_POSITION
2025-12-05T09:58:47.852Z,ADAUSDT,mean_reversion,attempt,MAX_POSITION
2025-12-05T09:58:49.015Z,XETCZUSD,mean_reversion,attempt,
2025-12-05T09:58:49.388Z,XETCZUSD,mean_reversion,attempt,MAX_POSITION
2025-12-05T09:58:49.433Z,ATOMEUR,mean_reversion,attempt,
2025-12-05T09:58:49.795Z,ATOMEUR,mean_reversion,attempt,MAX_POSITION
2025-12-05T09:58:50.403Z,ETHFIEUR,mean_reversion,attempt,
2025-12-05T09:58:50.771Z,ATOMUSD,mean_reversion,attempt,
2025-12-05T09:58:50.774Z,ETHFIEUR,mean_reversion,attempt,MAX_POSITION
2025-12-05T09:58:51.153Z,ATOMUSD,mean_reversion,attempt,MAX_POSITION
2025-12-05T09:58:51.497Z,ETHFIUSD,mean_reversion,attempt,
2025-12-05T09:58:51.863Z,ETHFIUSD,mean_reversion,attempt,MAX_POSITION
2025-12-05T09:58:51.902Z,AUDUSD,vwap_pullback,attempt,
2025-12-05T09:58:51.913Z,AKT/USD,vwap_pullback,attempt,
2025-12-05T09:58:52.120Z,AUDUSD,vwap_pullback,attempt,POSITION_LIMIT
2025-12-05T09:58:52.420Z,AUDUSD,sma_trend_ride,attempt,
2025-12-05T09:58:52.502Z,AKT/USD,vwap_pullback,rtb,
2025-12-05T09:58:52.579Z,AKT/USD,vwap_pullback,opened,
2025-12-05T09:58:52.862Z,EURCAD,vwap_pullback,attempt,
2025-12-05T09:58:52.924Z,AUDUSD,sma_trend_ride,attempt,POSITION_LIMIT
2025-12-05T09:58:53.219Z,EURCAD,vwap_pullback,attempt,MAX_POSITION
2025-12-05T09:58:53.876Z,CVXUSD,mean_reversion,attempt,
2025-12-05T09:58:54.204Z,CVXUSD,mean_reversion,attempt,MAX_POSITION
2025-12-05T09:58:54.459Z,EWTUSD,mean_reversion,attempt,
2025-12-05T09:58:54.790Z,EWTUSD,mean_reversion,attempt,MAX_POSITION
2025-12-05T09:58:55.163Z,DOTEUR,mean_reversion,attempt,
2025-12-05T09:58:55.490Z,DOTEUR,mean_reversion,attempt,MAX_POSITION
2025-12-05T09:58:55.778Z,FORTHUSD,mean_reversion,attempt,
2025-12-05T09:58:55.973Z,XRP/GBP,dhma,attempt,
2025-12-05T09:58:56.101Z,FORTHUSD,mean_reversion,attempt,MAX_POSITION
2025-12-05T09:58:56.102Z,XRP/GBP,dhma,attempt,INVALID_STOP_LOSS
2025-12-05T09:58:56.156Z,DOTGBP,mean_reversion,attempt,
2025-12-05T09:58:56.550Z,DOTGBP,mean_reversion,attempt,MAX_POSITION
2025-12-05T09:58:57.072Z,KSMEUR,mean_reversion,attempt,
2025-12-05T09:58:57.400Z,KSMEUR,mean_reversion,attempt,MAX_POSITION
2025-12-05T09:58:57.438Z,DOTUSD,mean_reversion,attempt,
2025-12-05T09:58:57.769Z,DOTUSD,mean_reversion,attempt,MAX_POSITION
2025-12-05T09:58:58.069Z,KSMUSD,mean_reversion,attempt,
2025-12-05T09:58:58.512Z,KSMUSD,mean_reversion,attempt,MAX_POSITION
2025-12-05T09:58:58.716Z,DOTUSDC,mean_reversion,attempt,
2025-12-05T09:58:59.072Z,DOTUSDC,mean_reversion,attempt,MAX_POSITION
2025-12-05T09:58:59.189Z,LDOEUR,mean_reversion,attempt,
2025-12-05T09:58:59.518Z,LDOEUR,mean_reversion,attempt,MAX_POSITION
2025-12-05T09:59:00.259Z,DOTUSDT,mean_reversion,attempt,
2025-12-05T09:59:00.471Z,LINKEUR,vwap_pullback,attempt,
2025-12-05T09:59:00.582Z,DOTUSDT,mean_reversion,attempt,MAX_POSITION
2025-12-05T09:59:00.793Z,LINKEUR,vwap_pullback,attempt,MAX_POSITION
2025-12-05T09:59:01.287Z,LINKUSD,vwap_pullback,attempt,
2025-12-05T09:59:01.526Z,XETCZUSD,mean_reversion,attempt,
2025-12-05T09:59:01.610Z,LINKUSD,vwap_pullback,attempt,MAX_POSITION
2025-12-05T09:59:01.851Z,XETCZUSD,mean_reversion,attempt,MAX_POSITION
2025-12-05T09:59:02.305Z,LINKUSDT,vwap_pullback,attempt,
2025-12-05T09:59:02.671Z,LINKUSDT,vwap_pullback,attempt,MAX_POSITION
2025-12-05T09:59:02.998Z,ETHFIEUR,mean_reversion,attempt,
2025-12-05T09:59:03.323Z,ETHFIEUR,mean_reversion,attempt,MAX_POSITION
2025-12-05T09:59:03.863Z,XLTCZEUR,mean_reversion,attempt,
2025-12-05T09:59:03.999Z,ETHFIUSD,mean_reversion,attempt,
2025-12-05T09:59:04.185Z,XLTCZEUR,mean_reversion,attempt,MAX_POSITION
2025-12-05T09:59:04.320Z,ETHFIUSD,mean_reversion,attempt,MAX_POSITION
2025-12-05T09:59:05.227Z,EURCAD,vwap_pullback,attempt,
2025-12-05T09:59:05.348Z,XLTCZUSD,mean_reversion,attempt,
2025-12-05T09:59:05.549Z,EURCAD,vwap_pullback,attempt,MAX_POSITION
2025-12-05T09:59:05.671Z,XLTCZUSD,mean_reversion,attempt,MAX_POSITION
2025-12-05T09:59:07.101Z,EWTUSD,mean_reversion,attempt,
2025-12-05T09:59:07.454Z,EWTUSD,mean_reversion,attempt,MAX_POSITION
2025-12-05T09:59:08.159Z,FORTHUSD,mean_reversion,attempt,
2025-12-05T09:59:08.491Z,FORTHUSD,mean_reversion,attempt,MAX_POSITION
2025-12-05T09:59:08.972Z,MEUSD,mean_reversion,attempt,
2025-12-05T09:59:09.207Z,KSMEUR,mean_reversion,attempt,
2025-12-05T09:59:09.304Z,MEUSD,mean_reversion,attempt,MAX_POSITION
2025-12-05T09:59:09.535Z,KSMEUR,mean_reversion,attempt,MAX_POSITION
2025-12-05T09:59:09.855Z,MNTUSD,mean_reversion,attempt,
2025-12-05T09:59:10.181Z,MNTUSD,mean_reversion,attempt,MAX_POSITION
2025-12-05T09:59:10.213Z,XRP/GBP,dhma,attempt,
2025-12-05T09:59:10.226Z,KSMUSD,mean_reversion,attempt,
2025-12-05T09:59:10.343Z,XRP/GBP,dhma,attempt,INVALID_STOP_LOSS
2025-12-05T09:59:10.561Z,KSMUSD,mean_reversion,attempt,MAX_POSITION
2025-12-05T09:59:11.084Z,NANOEUR,mean_reversion,attempt,
2025-12-05T09:59:11.261Z,LDOEUR,mean_reversion,attempt,
2025-12-05T09:59:11.410Z,NANOEUR,mean_reversion,attempt,MAX_POSITION
2025-12-05T09:59:11.582Z,LDOEUR,mean_reversion,attempt,MAX_POSITION
2025-12-05T09:59:12.017Z,ADAAUD,mean_reversion,attempt,
2025-12-05T09:59:12.296Z,LINKEUR,vwap_pullback,attempt,
2025-12-05T09:59:12.341Z,ADAAUD,mean_reversion,attempt,MAX_POSITION
2025-12-05T09:59:12.561Z,NOSUSD,mean_reversion,attempt,
2025-12-05T09:59:12.625Z,LINKEUR,vwap_pullback,attempt,MAX_POSITION
2025-12-05T09:59:12.888Z,NOSUSD,mean_reversion,attempt,MAX_POSITION
2025-12-05T09:59:13.229Z,LINKUSD,vwap_pullback,attempt,
2025-12-05T09:59:13.552Z,LINKUSD,vwap_pullback,attempt,MAX_POSITION
2025-12-05T09:59:13.811Z,OPEUR,mean_reversion,attempt,
2025-12-05T09:59:13.841Z,ADAEUR,mean_reversion,attempt,
2025-12-05T09:59:14.134Z,OPEUR,mean_reversion,attempt,MAX_POSITION
2025-12-05T09:59:14.165Z,ADAEUR,mean_reversion,attempt,MAX_POSITION
2025-12-05T09:59:14.500Z,LINKUSDT,vwap_pullback,attempt,
2025-12-05T09:59:14.825Z,LINKUSDT,vwap_pullback,attempt,MAX_POSITION
2025-12-05T09:59:14.860Z,OPUSD,mean_reversion,attempt,
2025-12-05T09:59:15.198Z,OPUSD,mean_reversion,attempt,MAX_POSITION
2025-12-05T09:59:15.370Z,ADAGBP,mean_reversion,attempt,
2025-12-05T09:59:15.697Z,ADAGBP,mean_reversion,attempt,MAX_POSITION
2025-12-05T09:59:15.757Z,XLTCZEUR,mean_reversion,attempt,
2025-12-05T09:59:16.084Z,XLTCZEUR,mean_reversion,attempt,MAX_POSITION
2025-12-05T09:59:16.116Z,RUNEEUR,mean_reversion,attempt,
2025-12-05T09:59:16.440Z,RUNEEUR,mean_reversion,attempt,MAX_POSITION
2025-12-05T09:59:16.663Z,ADAUSDC,mean_reversion,attempt,
2025-12-05T09:59:16.990Z,ADAUSDC,mean_reversion,attempt,MAX_POSITION
2025-12-05T09:59:17.032Z,XLTCZUSD,mean_reversion,attempt,
2025-12-05T09:59:17.102Z,RUNEUSD,mean_reversion,attempt,
2025-12-05T09:59:17.357Z,XLTCZUSD,mean_reversion,attempt,MAX_POSITION
2025-12-05T09:59:17.427Z,RUNEUSD,mean_reversion,attempt,MAX_POSITION
2025-12-05T09:59:17.834Z,ADAUSDT,mean_reversion,attempt,
2025-12-05T09:59:18.155Z,ADAUSDT,mean_reversion,attempt,MAX_POSITION
2025-12-05T09:59:18.496Z,SOSOUSD,mean_reversion,attempt,
2025-12-05T09:59:18.823Z,SOSOUSD,mean_reversion,attempt,MAX_POSITION
2025-12-05T09:59:18.843Z,MEUSD,mean_reversion,attempt,
2025-12-05T09:59:19.162Z,ATOMEUR,mean_reversion,attempt,
2025-12-05T09:59:19.167Z,MEUSD,mean_reversion,attempt,MAX_POSITION
2025-12-05T09:59:19.486Z,ATOMEUR,mean_reversion,attempt,MAX_POSITION
2025-12-05T09:59:19.580Z,TONEUR,mean_reversion,attempt,
2025-12-05T09:59:19.905Z,TONEUR,mean_reversion,attempt,MAX_POSITION
2025-12-05T09:59:19.922Z,MNTUSD,mean_reversion,attempt,
2025-12-05T09:59:20.250Z,MNTUSD,mean_reversion,attempt,MAX_POSITION
2025-12-05T09:59:20.522Z,ATOMUSD,mean_reversion,attempt,
2025-12-05T09:59:20.853Z,ATOMUSD,mean_reversion,attempt,MAX_POSITION
2025-12-05T09:59:20.855Z,TONUSD,mean_reversion,attempt,
2025-12-05T09:59:21.186Z,TONUSD,mean_reversion,attempt,MAX_POSITION
2025-12-05T09:59:21.516Z,NANOEUR,mean_reversion,attempt,
2025-12-05T09:59:21.840Z,NANOEUR,mean_reversion,attempt,MAX_POSITION
2025-12-05T09:59:21.847Z,TRUMPUSD,mean_reversion,attempt,
2025-12-05T09:59:21.866Z,AUDUSD,vwap_pullback,attempt,
2025-12-05T09:59:22.063Z,AUDUSD,vwap_pullback,attempt,POSITION_LIMIT
2025-12-05T09:59:22.170Z,TRUMPUSD,mean_reversion,attempt,MAX_POSITION
2025-12-05T09:59:22.327Z,AUDUSD,sma_trend_ride,attempt,
2025-12-05T09:59:22.523Z,AUDUSD,sma_trend_ride,attempt,POSITION_LIMIT
2025-12-05T09:59:22.839Z,NOSUSD,mean_reversion,attempt,
2025-12-05T09:59:23.169Z,NOSUSD,mean_reversion,attempt,MAX_POSITION
2025-12-05T09:59:23.240Z,CVXUSD,mean_reversion,attempt,
2025-12-05T09:59:23.562Z,CVXUSD,mean_reversion,attempt,MAX_POSITION
2025-12-05T09:59:23.728Z,UNIEUR,mean_reversion,attempt,
2025-12-05T09:59:24.056Z,UNIEUR,mean_reversion,attempt,MAX_POSITION
2025-12-05T09:59:24.103Z,OPEUR,mean_reversion,attempt,
2025-12-05T09:59:24.430Z,OPEUR,mean_reversion,attempt,MAX_POSITION
2025-12-05T09:59:24.710Z,DOTEUR,mean_reversion,attempt,
2025-12-05T09:59:25.033Z,DOTEUR,mean_reversion,attempt,MAX_POSITION
2025-12-05T09:59:25.200Z,OPUSD,mean_reversion,attempt,
2025-12-05T09:59:25.526Z,OPUSD,mean_reversion,attempt,MAX_POSITION
2025-12-05T09:59:25.713Z,DOTGBP,mean_reversion,attempt,
2025-12-05T09:59:25.836Z,WLDEUR,mean_reversion,attempt,
2025-12-05T09:59:26.048Z,DOTGBP,mean_reversion,attempt,MAX_POSITION
2025-12-05T09:59:26.158Z,WLDEUR,mean_reversion,attempt,MAX_POSITION
2025-12-05T09:59:26.244Z,XRP/GBP,vwap_pullback,attempt,
2025-12-05T09:59:26.456Z,RUNEEUR,mean_reversion,attempt,
2025-12-05T09:59:26.779Z,RUNEEUR,mean_reversion,attempt,MAX_POSITION
2025-12-05T09:59:26.812Z,XRP/GBP,vwap_pullback,rtb,
2025-12-05T09:59:26.880Z,XRP/GBP,vwap_pullback,opened,
2025-12-05T09:59:27.099Z,XRPRLUSD,mean_reversion,attempt,
2025-12-05T09:59:27.429Z,XRPRLUSD,mean_reversion,attempt,MAX_POSITION
2025-12-05T09:59:27.457Z,DOTUSD,mean_reversion,attempt,
2025-12-05T09:59:27.702Z,RUNEUSD,mean_reversion,attempt,
2025-12-05T09:59:27.787Z,DOTUSD,mean_reversion,attempt,MAX_POSITION
2025-12-05T09:59:28.030Z,RUNEUSD,mean_reversion,attempt,MAX_POSITION
2025-12-05T09:59:28.355Z,XTZEUR,mean_reversion,attempt,
2025-12-05T09:59:28.682Z,XTZEUR,mean_reversion,attempt,MAX_POSITION
2025-12-05T09:59:28.958Z,SOSOUSD,mean_reversion,attempt,
2025-12-05T09:59:28.974Z,DOTUSDC,mean_reversion,attempt,
2025-12-05T09:59:29.285Z,SOSOUSD,mean_reversion,attempt,MAX_POSITION
2025-12-05T09:59:29.301Z,DOTUSDC,mean_reversion,attempt,MAX_POSITION
2025-12-05T09:59:29.613Z,XTZUSD,mean_reversion,attempt,
2025-12-05T09:59:29.939Z,XTZUSD,mean_reversion,attempt,MAX_POSITION
2025-12-05T09:59:30.265Z,TONEUR,mean_reversion,attempt,
2025-12-05T09:59:30.386Z,DOTUSDT,mean_reversion,attempt,
2025-12-05T09:59:30.587Z,TONEUR,mean_reversion,attempt,MAX_POSITION
2025-12-05T09:59:30.712Z,DOTUSDT,mean_reversion,attempt,MAX_POSITION
2025-12-05T09:59:31.290Z,TONUSD,mean_reversion,attempt,
2025-12-05T09:59:31.620Z,TONUSD,mean_reversion,attempt,MAX_POSITION
2025-12-05T09:59:32.479Z,XETCZUSD,mean_reversion,attempt,
2025-12-05T09:59:32.624Z,TRUMPUSD,mean_reversion,attempt,
2025-12-05T09:59:32.824Z,XETCZUSD,mean_reversion,attempt,MAX_POSITION
2025-12-05T09:59:32.947Z,TRUMPUSD,mean_reversion,attempt,MAX_POSITION
2025-12-05T09:59:33.483Z,ETHFIEUR,mean_reversion,attempt,
2025-12-05T09:59:33.818Z,ETHFIEUR,mean_reversion,attempt,MAX_POSITION
2025-12-05T09:59:34.473Z,ETHFIUSD,mean_reversion,attempt,
2025-12-05T09:59:34.725Z,UNIEUR,mean_reversion,attempt,
2025-12-05T09:59:34.801Z,ETHFIUSD,mean_reversion,attempt,MAX_POSITION
2025-12-05T09:59:35.048Z,UNIEUR,mean_reversion,attempt,MAX_POSITION
2025-12-05T09:59:35.751Z,EURCAD,vwap_pullback,attempt,
2025-12-05T09:59:36.081Z,EURCAD,vwap_pullback,attempt,MAX_POSITION
2025-12-05T09:59:36.910Z,WLDEUR,mean_reversion,attempt,
2025-12-05T09:59:37.233Z,WLDEUR,mean_reversion,attempt,MAX_POSITION
2025-12-05T09:59:37.330Z,EWTUSD,mean_reversion,attempt,
2025-12-05T09:59:37.656Z,EWTUSD,mean_reversion,attempt,MAX_POSITION
2025-12-05T09:59:37.914Z,XRPRLUSD,mean_reversion,attempt,
2025-12-05T09:59:38.241Z,XRPRLUSD,mean_reversion,attempt,MAX_POSITION
2025-12-05T09:59:38.910Z,FORTHUSD,mean_reversion,attempt,
2025-12-05T09:59:39.230Z,XTZEUR,mean_reversion,attempt,
2025-12-05T09:59:39.236Z,FORTHUSD,mean_reversion,attempt,MAX_POSITION
2025-12-05T09:59:39.558Z,XTZEUR,mean_reversion,attempt,MAX_POSITION
2025-12-05T09:59:39.871Z,KSMEUR,mean_reversion,attempt,
2025-12-05T09:59:40.174Z,XTZUSD,mean_reversion,attempt,
2025-12-05T09:59:40.205Z,KSMEUR,mean_reversion,attempt,MAX_POSITION
2025-12-05T09:59:40.496Z,XTZUSD,mean_reversion,attempt,MAX_POSITION
2025-12-05T09:59:41.399Z,KSMUSD,mean_reversion,attempt,
2025-12-05T09:59:41.726Z,KSMUSD,mean_reversion,attempt,MAX_POSITION
2025-12-05T09:59:42.641Z,LDOEUR,mean_reversion,attempt,
2025-12-05T09:59:42.966Z,LDOEUR,mean_reversion,attempt,MAX_POSITION
2025-12-05T09:59:44.171Z,LINKEUR,vwap_pullback,attempt,
2025-12-05T09:59:44.494Z,LINKEUR,vwap_pullback,attempt,MAX_POSITION
2025-12-05T09:59:45.327Z,LINKUSD,vwap_pullback,attempt,
2025-12-05T09:59:45.655Z,LINKUSD,vwap_pullback,attempt,MAX_POSITION
2025-12-05T09:59:46.597Z,LINKUSDT,vwap_pullback,attempt,
2025-12-05T09:59:46.930Z,LINKUSDT,vwap_pullback,attempt,MAX_POSITION
2025-12-05T09:59:47.724Z,XRP/CAD,dhma,attempt,
2025-12-05T09:59:47.860Z,XRP/CAD,dhma,attempt,INVALID_STOP_LOSS
2025-12-05T09:59:47.947Z,XLTCZEUR,mean_reversion,attempt,
2025-12-05T09:59:48.269Z,XLTCZEUR,mean_reversion,attempt,MAX_POSITION
2025-12-05T09:59:49.798Z,XLTCZUSD,mean_reversion,attempt,
2025-12-05T09:59:50.123Z,XLTCZUSD,mean_reversion,attempt,MAX_POSITION
2025-12-05T09:59:51.900Z,SUSHI/EUR,dhma,attempt,
2025-12-05T09:59:52.029Z,SUSHI/EUR,dhma,attempt,INVALID_STOP_LOSS
2025-12-05T09:59:52.132Z,MEUSD,mean_reversion,attempt,
2025-12-05T09:59:52.457Z,MEUSD,mean_reversion,attempt,MAX_POSITION
2025-12-05T09:59:53.393Z,MNTUSD,mean_reversion,attempt,
2025-12-05T09:59:53.718Z,MNTUSD,mean_reversion,attempt,MAX_POSITION
2025-12-05T09:59:54.662Z,NANOEUR,mean_reversion,attempt,
2025-12-05T09:59:54.987Z,NANOEUR,mean_reversion,attempt,MAX_POSITION
2025-12-05T09:59:55.914Z,NOSUSD,mean_reversion,attempt,
2025-12-05T09:59:56.240Z,NOSUSD,mean_reversion,attempt,MAX_POSITION
2025-12-05T09:59:56.860Z,OPEUR,mean_reversion,attempt,
2025-12-05T09:59:57.185Z,OPEUR,mean_reversion,attempt,MAX_POSITION
2025-12-05T09:59:58.122Z,OPUSD,mean_reversion,attempt,
2025-12-05T09:59:58.454Z,OPUSD,mean_reversion,attempt,MAX_POSITION
2025-12-05T09:59:59.374Z,ADAAUD,mean_reversion,attempt,
2025-12-05T09:59:59.375Z,RUNEEUR,mean_reversion,attempt,
2025-12-05T09:59:59.704Z,RUNEEUR,mean_reversion,attempt,MAX_POSITION
2025-12-05T09:59:59.706Z,ADAAUD,mean_reversion,attempt,MAX_POSITION
2025-12-05T10:00:00.595Z,ADAEUR,mean_reversion,attempt,
2025-12-05T10:00:00.601Z,RUNEUSD,mean_reversion,attempt,
2025-12-05T10:00:00.921Z,ADAEUR,mean_reversion,attempt,MAX_POSITION
2025-12-05T10:00:00.925Z,RUNEUSD,mean_reversion,attempt,MAX_POSITION
2025-12-05T10:00:01.598Z,ADAGBP,mean_reversion,attempt,
2025-12-05T10:00:01.615Z,SOSOUSD,mean_reversion,attempt,
2025-12-05T10:00:01.923Z,ADAGBP,mean_reversion,attempt,MAX_POSITION
2025-12-05T10:00:01.944Z,SOSOUSD,mean_reversion,attempt,MAX_POSITION
2025-12-05T10:00:02.626Z,ADAUSDC,mean_reversion,attempt,
2025-12-05T10:00:02.889Z,TONEUR,mean_reversion,attempt,
2025-12-05T10:00:02.949Z,ADAUSDC,mean_reversion,attempt,MAX_POSITION
2025-12-05T10:00:03.280Z,TONEUR,mean_reversion,attempt,MAX_POSITION
2025-12-05T10:00:03.553Z,ADAUSDT,mean_reversion,attempt,
2025-12-05T10:00:03.736Z,TONUSD,mean_reversion,attempt,
2025-12-05T10:00:03.885Z,ADAUSDT,mean_reversion,attempt,MAX_POSITION
2025-12-05T10:00:04.070Z,TONUSD,mean_reversion,attempt,MAX_POSITION
2025-12-05T10:00:05.073Z,ATOMEUR,mean_reversion,attempt,
2025-12-05T10:00:05.291Z,TRUMPUSD,mean_reversion,attempt,
2025-12-05T10:00:05.398Z,ATOMEUR,mean_reversion,attempt,MAX_POSITION
2025-12-05T10:00:05.624Z,TRUMPUSD,mean_reversion,attempt,MAX_POSITION
2025-12-05T10:00:06.938Z,UNIEUR,mean_reversion,attempt,
2025-12-05T10:00:06.981Z,ATOMUSD,mean_reversion,attempt,
2025-12-05T10:00:07.262Z,UNIEUR,mean_reversion,attempt,MAX_POSITION
2025-12-05T10:00:07.305Z,ATOMUSD,mean_reversion,attempt,MAX_POSITION
2025-12-05T10:00:08.146Z,USDCHF,vwap_pullback,attempt,
2025-12-05T10:00:08.189Z,AUDUSD,vwap_pullback,attempt,
2025-12-05T10:00:08.385Z,AUDUSD,vwap_pullback,attempt,POSITION_LIMIT
2025-12-05T10:00:08.470Z,USDCHF,vwap_pullback,attempt,MAX_POSITION
2025-12-05T10:00:08.671Z,AUDUSD,sma_trend_ride,attempt,
2025-12-05T10:00:08.863Z,AUDUSD,sma_trend_ride,attempt,POSITION_LIMIT
2025-12-05T10:00:09.143Z,WLDEUR,mean_reversion,attempt,
2025-12-05T10:00:09.484Z,WLDEUR,mean_reversion,attempt,MAX_POSITION
2025-12-05T10:00:09.540Z,CVXUSD,mean_reversion,attempt,
2025-12-05T10:00:09.867Z,CVXUSD,mean_reversion,attempt,MAX_POSITION
2025-12-05T10:00:10.483Z,XRPRLUSD,mean_reversion,attempt,
2025-12-05T10:00:10.815Z,XRPRLUSD,mean_reversion,attempt,MAX_POSITION
2025-12-05T10:00:10.884Z,DOTEUR,mean_reversion,attempt,
2025-12-05T10:00:11.210Z,DOTEUR,mean_reversion,attempt,MAX_POSITION
2025-12-05T10:00:11.507Z,XTZEUR,mean_reversion,attempt,
2025-12-05T10:00:11.834Z,XTZEUR,mean_reversion,attempt,MAX_POSITION
2025-12-05T10:00:11.842Z,ADAAUD,mean_reversion,attempt,
2025-12-05T10:00:12.169Z,ADAAUD,mean_reversion,attempt,MAX_POSITION
2025-12-05T10:00:12.289Z,DOTGBP,mean_reversion,attempt,
2025-12-05T10:00:12.616Z,DOTGBP,mean_reversion,attempt,MAX_POSITION
2025-12-05T10:00:12.778Z,XTZUSD,mean_reversion,attempt,
2025-12-05T10:00:13.064Z,ADAEUR,mean_reversion,attempt,
2025-12-05T10:00:13.104Z,XTZUSD,mean_reversion,attempt,MAX_POSITION
2025-12-05T10:00:13.240Z,DOTUSD,mean_reversion,attempt,
2025-12-05T10:00:13.394Z,ADAEUR,mean_reversion,attempt,MAX_POSITION
2025-12-05T10:00:13.577Z,DOTUSD,mean_reversion,attempt,MAX_POSITION
2025-12-05T10:00:14.283Z,ADAGBP,mean_reversion,attempt,
2025-12-05T10:00:14.501Z,DOTUSDC,mean_reversion,attempt,
2025-12-05T10:00:14.611Z,ADAGBP,mean_reversion,attempt,MAX_POSITION
2025-12-05T10:00:14.827Z,DOTUSDC,mean_reversion,attempt,MAX_POSITION
2025-12-05T10:00:15.374Z,ADAUSDC,mean_reversion,attempt,
2025-12-05T10:00:15.491Z,DOTUSDT,mean_reversion,attempt,
2025-12-05T10:00:15.704Z,ADAUSDC,mean_reversion,attempt,MAX_POSITION
2025-12-05T10:00:15.816Z,DOTUSDT,mean_reversion,attempt,MAX_POSITION
2025-12-05T10:00:16.369Z,ADAUSDT,mean_reversion,attempt,
2025-12-05T10:00:16.697Z,ADAUSDT,mean_reversion,attempt,MAX_POSITION
2025-12-05T10:00:16.779Z,XETCZUSD,mean_reversion,attempt,
2025-12-05T10:00:17.104Z,XETCZUSD,mean_reversion,attempt,MAX_POSITION
2025-12-05T10:00:17.557Z,ATOMEUR,mean_reversion,attempt,
2025-12-05T10:00:17.812Z,ETHFIEUR,mean_reversion,attempt,
2025-12-05T10:00:17.905Z,ATOMEUR,mean_reversion,attempt,MAX_POSITION
2025-12-05T10:00:18.134Z,ETHFIEUR,mean_reversion,attempt,MAX_POSITION
2025-12-05T10:00:18.538Z,ATOMUSD,mean_reversion,attempt,
2025-12-05T10:00:18.823Z,ETHFIUSD,mean_reversion,attempt,
2025-12-05T10:00:18.870Z,ATOMUSD,mean_reversion,attempt,MAX_POSITION
2025-12-05T10:00:19.149Z,ETHFIUSD,mean_reversion,attempt,MAX_POSITION
2025-12-05T10:00:19.819Z,AUDUSD,vwap_pullback,attempt,
2025-12-05T10:00:20.012Z,AUDUSD,vwap_pullback,attempt,POSITION_LIMIT
2025-12-05T10:00:20.151Z,EURCAD,vwap_pullback,attempt,
2025-12-05T10:00:20.281Z,AUDUSD,sma_trend_ride,attempt,
2025-12-05T10:00:20.474Z,EURCAD,vwap_pullback,attempt,MAX_POSITION
2025-12-05T10:00:20.477Z,AUDUSD,sma_trend_ride,attempt,POSITION_LIMIT
2025-12-05T10:00:20.734Z,EURCAD,vwap_bounce,attempt,
2025-12-05T10:00:21.064Z,EURCAD,vwap_bounce,attempt,MAX_POSITION
2025-12-05T10:00:21.524Z,CVXUSD,mean_reversion,attempt,
2025-12-05T10:00:21.792Z,EWTUSD,mean_reversion,attempt,
2025-12-05T10:00:21.867Z,CVXUSD,mean_reversion,attempt,MAX_POSITION
2025-12-05T10:00:22.119Z,EWTUSD,mean_reversion,attempt,MAX_POSITION
2025-12-05T10:00:22.546Z,USD/CHF,vwap_pullback,attempt,
2025-12-05T10:00:22.969Z,DOTEUR,mean_reversion,attempt,
2025-12-05T10:00:23.071Z,USD/CHF,vwap_pullback,rtb,
2025-12-05T10:00:23.087Z,FORTHUSD,sma_trend_ride,attempt,
2025-12-05T10:00:23.140Z,USD/CHF,vwap_pullback,opened,
2025-12-05T10:00:23.294Z,DOTEUR,mean_reversion,attempt,MAX_POSITION
2025-12-05T10:00:23.411Z,FORTHUSD,sma_trend_ride,attempt,MAX_POSITION
2025-12-05T10:00:23.687Z,FORTHUSD,mean_reversion,attempt,
2025-12-05T10:00:24.020Z,FORTHUSD,mean_reversion,attempt,MAX_POSITION
2025-12-05T10:00:24.278Z,DOTGBP,mean_reversion,attempt,
2025-12-05T10:00:24.611Z,DOTGBP,mean_reversion,attempt,MAX_POSITION
2025-12-05T10:00:24.697Z,FARTCOIN/EUR,vwap_pullback,attempt,
2025-12-05T10:00:25.075Z,KSMEUR,mean_reversion,attempt,
2025-12-05T10:00:25.215Z,FARTCOIN/EUR,vwap_pullback,rtb,
2025-12-05T10:00:25.284Z,FARTCOIN/EUR,vwap_pullback,opened,
2025-12-05T10:00:25.362Z,DOTUSD,mean_reversion,attempt,
2025-12-05T10:00:25.402Z,KSMEUR,mean_reversion,attempt,MAX_POSITION
2025-12-05T10:00:25.695Z,DOTUSD,mean_reversion,attempt,MAX_POSITION
2025-12-05T10:00:26.015Z,KSMUSD,mean_reversion,attempt,
2025-12-05T10:00:26.347Z,KSMUSD,mean_reversion,attempt,MAX_POSITION
2025-12-05T10:00:26.616Z,DOTUSDC,mean_reversion,attempt,
2025-12-05T10:00:26.943Z,DOTUSDC,mean_reversion,attempt,MAX_POSITION
2025-12-05T10:00:27.035Z,LDOEUR,mean_reversion,attempt,
2025-12-05T10:00:27.359Z,LDOEUR,mean_reversion,attempt,MAX_POSITION
2025-12-05T10:00:28.080Z,LINKEUR,vwap_pullback,attempt,
2025-12-05T10:00:28.271Z,DOTUSDT,mean_reversion,attempt,
2025-12-05T10:00:28.405Z,LINKEUR,vwap_pullback,attempt,MAX_POSITION
2025-12-05T10:00:28.598Z,DOTUSDT,mean_reversion,attempt,MAX_POSITION
2025-12-05T10:00:29.607Z,LINKUSD,vwap_pullback,attempt,
2025-12-05T10:00:29.789Z,XETCZUSD,mean_reversion,attempt,
2025-12-05T10:00:29.957Z,LINKUSD,vwap_pullback,attempt,MAX_POSITION
2025-12-05T10:00:30.114Z,XETCZUSD,mean_reversion,attempt,MAX_POSITION
2025-12-05T10:00:30.692Z,LINKUSDT,vwap_pullback,attempt,
2025-12-05T10:00:30.775Z,ETHFIEUR,mean_reversion,attempt,
2025-12-05T10:00:31.031Z,LINKUSDT,vwap_pullback,attempt,MAX_POSITION
2025-12-05T10:00:31.100Z,ETHFIEUR,mean_reversion,attempt,MAX_POSITION
2025-12-05T10:00:31.951Z,XLTCZEUR,mean_reversion,attempt,
2025-12-05T10:00:32.039Z,ETHFIUSD,mean_reversion,attempt,
2025-12-05T10:00:32.277Z,XLTCZEUR,mean_reversion,attempt,MAX_POSITION
2025-12-05T10:00:32.405Z,ETHFIUSD,mean_reversion,attempt,MAX_POSITION
2025-12-05T10:00:33.074Z,EURCAD,vwap_pullback,attempt,
2025-12-05T10:00:33.404Z,EURCAD,vwap_pullback,attempt,MAX_POSITION
2025-12-05T10:00:33.548Z,XLTCZUSD,mean_reversion,attempt,
2025-12-05T10:00:33.669Z,EURCAD,vwap_bounce,attempt,
2025-12-05T10:00:33.873Z,XLTCZUSD,mean_reversion,attempt,MAX_POSITION
2025-12-05T10:00:34.066Z,EURCAD,vwap_bounce,attempt,MAX_POSITION
2025-12-05T10:00:35.271Z,EWTUSD,mean_reversion,attempt,
2025-12-05T10:00:35.603Z,EWTUSD,mean_reversion,attempt,MAX_POSITION
2025-12-05T10:00:35.833Z,MASKUSD,sma_trend_ride,attempt,
2025-12-05T10:00:36.159Z,MASKUSD,sma_trend_ride,attempt,MAX_POSITION
2025-12-05T10:00:36.520Z,FORTHUSD,sma_trend_ride,attempt,
2025-12-05T10:00:36.844Z,FORTHUSD,sma_trend_ride,attempt,MAX_POSITION
2025-12-05T10:00:37.104Z,FORTHUSD,mean_reversion,attempt,
2025-12-05T10:00:37.151Z,MEUSD,mean_reversion,attempt,
2025-12-05T10:00:37.432Z,FORTHUSD,mean_reversion,attempt,MAX_POSITION
2025-12-05T10:00:37.475Z,MEUSD,mean_reversion,attempt,MAX_POSITION
2025-12-05T10:00:38.547Z,KSMEUR,mean_reversion,attempt,
2025-12-05T10:00:38.679Z,MNTUSD,mean_reversion,attempt,
2025-12-05T10:00:38.873Z,KSMEUR,mean_reversion,attempt,MAX_POSITION
2025-12-05T10:00:39.002Z,MNTUSD,mean_reversion,attempt,MAX_POSITION
2025-12-05T10:00:39.350Z,XRP/CAD,vwap_pullback,attempt,
2025-12-05T10:00:39.767Z,KSMUSD,mean_reversion,attempt,
2025-12-05T10:00:39.871Z,XRP/CAD,vwap_pullback,attempt,MAX_TOTAL_EXPOSURE
2025-12-05T10:00:40.123Z,KSMUSD,mean_reversion,attempt,MAX_POSITION
2025-12-05T10:00:40.267Z,NANOEUR,mean_reversion,attempt,
2025-12-05T10:00:40.605Z,NANOEUR,mean_reversion,attempt,MAX_POSITION
2025-12-05T10:00:40.799Z,LDOEUR,mean_reversion,attempt,
2025-12-05T10:00:40.892Z,SOL/USD,vwap_pullback,attempt,
2025-12-05T10:00:41.128Z,LDOEUR,mean_reversion,attempt,MAX_POSITION
2025-12-05T10:00:41.457Z,SOL/USD,vwap_pullback,attempt,MAX_TOTAL_EXPOSURE
2025-12-05T10:00:41.656Z,ADAAUD,mean_reversion,attempt,
2025-12-05T10:00:41.802Z,LINKEUR,vwap_pullback,attempt,
2025-12-05T10:00:41.858Z,NOSUSD,mean_reversion,attempt,
2025-12-05T10:00:42.011Z,ADAAUD,mean_reversion,attempt,MAX_POSITION
2025-12-05T10:00:42.179Z,LINKEUR,vwap_pullback,attempt,MAX_POSITION
2025-12-05T10:00:42.198Z,NOSUSD,mean_reversion,attempt,MAX_POSITION
2025-12-05T10:00:42.995Z,ADAEUR,mean_reversion,attempt,
2025-12-05T10:00:43.129Z,LINKUSD,vwap_pullback,attempt,
2025-12-05T10:00:43.191Z,OPEUR,mean_reversion,attempt,
2025-12-05T10:00:43.318Z,ADAEUR,mean_reversion,attempt,MAX_POSITION
2025-12-05T10:00:43.485Z,LINKUSD,vwap_pullback,attempt,MAX_POSITION
2025-12-05T10:00:43.525Z,OPEUR,mean_reversion,attempt,MAX_POSITION
2025-12-05T10:00:44.246Z,ADAGBP,mean_reversion,attempt,
2025-12-05T10:00:44.453Z,LINKUSDT,vwap_pullback,attempt,
2025-12-05T10:00:44.575Z,OPUSD,mean_reversion,attempt,
2025-12-05T10:00:44.577Z,ADAGBP,mean_reversion,attempt,MAX_POSITION
2025-12-05T10:00:44.796Z,LINKUSDT,vwap_pullback,attempt,MAX_POSITION
2025-12-05T10:00:44.904Z,OPUSD,mean_reversion,attempt,MAX_POSITION
2025-12-05T10:00:45.104Z,ADAUSDC,mean_reversion,attempt,
2025-12-05T10:00:45.434Z,ADAUSDC,mean_reversion,attempt,MAX_POSITION
2025-12-05T10:00:45.739Z,XLTCZEUR,mean_reversion,attempt,
2025-12-05T10:00:45.957Z,RUNEEUR,mean_reversion,attempt,
2025-12-05T10:00:46.062Z,ADAUSDT,mean_reversion,attempt,
2025-12-05T10:00:46.076Z,XLTCZEUR,mean_reversion,attempt,MAX_POSITION
2025-12-05T10:00:46.283Z,RUNEEUR,mean_reversion,attempt,MAX_POSITION
2025-12-05T10:00:46.388Z,ADAUSDT,mean_reversion,attempt,MAX_POSITION
2025-12-05T10:00:47.324Z,ATOMEUR,mean_reversion,attempt,
2025-12-05T10:00:47.452Z,RUNEUSD,mean_reversion,attempt,
2025-12-05T10:00:47.695Z,ATOMEUR,mean_reversion,attempt,MAX_POSITION
2025-12-05T10:00:47.723Z,XLTCZUSD,mean_reversion,attempt,
2025-12-05T10:00:47.824Z,RUNEUSD,mean_reversion,attempt,MAX_POSITION
2025-12-05T10:00:48.050Z,XLTCZUSD,mean_reversion,attempt,MAX_POSITION
2025-12-05T10:00:48.157Z,ATOMUSD,mean_reversion,attempt,
2025-12-05T10:00:48.472Z,SOSOUSD,mean_reversion,attempt,
2025-12-05T10:00:48.482Z,ATOMUSD,mean_reversion,attempt,MAX_POSITION
2025-12-05T10:00:48.799Z,SOSOUSD,mean_reversion,attempt,MAX_POSITION
2025-12-05T10:00:49.423Z,AUDUSD,vwap_pullback,attempt,
2025-12-05T10:00:49.617Z,AUDUSD,vwap_pullback,attempt,POSITION_LIMIT
2025-12-05T10:00:49.618Z,MASKUSD,sma_trend_ride,attempt,
2025-12-05T10:00:49.879Z,AUDUSD,sma_trend_ride,attempt,
2025-12-05T10:00:49.946Z,MASKUSD,sma_trend_ride,attempt,MAX_POSITION
2025-12-05T10:00:50.076Z,AUDUSD,sma_trend_ride,attempt,POSITION_LIMIT
2025-12-05T10:00:50.197Z,TONEUR,mean_reversion,attempt,
2025-12-05T10:00:50.525Z,TONEUR,mean_reversion,attempt,MAX_POSITION
2025-12-05T10:00:50.922Z,MEUSD,mean_reversion,attempt,
2025-12-05T10:00:51.031Z,CVXUSD,mean_reversion,attempt,
2025-12-05T10:00:51.249Z,MEUSD,mean_reversion,attempt,MAX_POSITION
2025-12-05T10:00:51.358Z,CVXUSD,mean_reversion,attempt,MAX_POSITION
2025-12-05T10:00:51.416Z,TONUSD,mean_reversion,attempt,
2025-12-05T10:00:51.744Z,TONUSD,mean_reversion,attempt,MAX_POSITION
2025-12-05T10:00:51.904Z,MNTUSD,mean_reversion,attempt,
2025-12-05T10:00:52.237Z,MNTUSD,mean_reversion,attempt,MAX_POSITION
2025-12-05T10:00:52.303Z,DOTEUR,mean_reversion,attempt,
2025-12-05T10:00:52.635Z,DOTEUR,mean_reversion,attempt,MAX_POSITION
2025-12-05T10:00:52.952Z,TRUMPUSD,mean_reversion,attempt,
2025-12-05T10:00:53.275Z,NANOEUR,mean_reversion,attempt,
2025-12-05T10:00:53.288Z,TRUMPUSD,mean_reversion,attempt,MAX_POSITION
2025-12-05T10:00:53.329Z,DOTGBP,mean_reversion,attempt,
2025-12-05T10:00:53.606Z,NANOEUR,mean_reversion,attempt,MAX_POSITION
2025-12-05T10:00:53.665Z,DOTGBP,mean_reversion,attempt,MAX_POSITION
2025-12-05T10:00:54.545Z,UNIEUR,mean_reversion,attempt,
2025-12-05T10:00:54.546Z,DOTUSD,mean_reversion,attempt,
2025-12-05T10:00:54.873Z,NOSUSD,mean_reversion,attempt,
2025-12-05T10:00:54.874Z,DOTUSD,mean_reversion,attempt,MAX_POSITION
2025-12-05T10:00:54.876Z,UNIEUR,mean_reversion,attempt,MAX_POSITION
2025-12-05T10:00:55.199Z,NOSUSD,mean_reversion,attempt,MAX_POSITION
2025-12-05T10:00:55.961Z,DOTUSDC,mean_reversion,attempt,
2025-12-05T10:00:56.135Z,OPEUR,mean_reversion,attempt,
2025-12-05T10:00:56.290Z,DOTUSDC,mean_reversion,attempt,MAX_POSITION
2025-12-05T10:00:56.467Z,OPEUR,mean_reversion,attempt,MAX_POSITION
2025-12-05T10:00:56.953Z,DOTUSDT,mean_reversion,attempt,
2025-12-05T10:00:57.021Z,WLDEUR,mean_reversion,attempt,
2025-12-05T10:00:57.280Z,DOTUSDT,mean_reversion,attempt,MAX_POSITION
2025-12-05T10:00:57.339Z,OPUSD,mean_reversion,attempt,
2025-12-05T10:00:57.353Z,WLDEUR,mean_reversion,attempt,MAX_POSITION
2025-12-05T10:00:57.682Z,OPUSD,mean_reversion,attempt,MAX_POSITION
2025-12-05T10:00:58.075Z,XETCZUSD,mean_reversion,attempt,
2025-12-05T10:00:58.232Z,XRP/USDC,vwap_pullback,attempt,
2025-12-05T10:00:58.283Z,XRPRLUSD,mean_reversion,attempt,
2025-12-05T10:00:58.396Z,XETCZUSD,mean_reversion,attempt,MAX_POSITION
2025-12-05T10:00:58.613Z,XRPRLUSD,mean_reversion,attempt,MAX_POSITION
2025-12-05T10:00:58.763Z,XRP/USDC,vwap_pullback,attempt,MAX_TOTAL_EXPOSURE
2025-12-05T10:00:59.060Z,ETHFIEUR,mean_reversion,attempt,
2025-12-05T10:00:59.117Z,RUNEEUR,mean_reversion,attempt,
2025-12-05T10:00:59.384Z,ETHFIEUR,mean_reversion,attempt,MAX_POSITION
2025-12-05T10:00:59.444Z,RUNEEUR,mean_reversion,attempt,MAX_POSITION
2025-12-05T10:00:59.494Z,XTZEUR,mean_reversion,attempt,
2025-12-05T10:00:59.834Z,XTZEUR,mean_reversion,attempt,MAX_POSITION
2025-12-05T10:01:00.122Z,RUNEUSD,mean_reversion,attempt,
2025-12-05T10:01:00.384Z,ETHFIUSD,mean_reversion,attempt,
2025-12-05T10:01:00.448Z,RUNEUSD,mean_reversion,attempt,MAX_POSITION
2025-12-05T10:01:00.450Z,XTZUSD,mean_reversion,attempt,
2025-12-05T10:01:00.711Z,ETHFIUSD,mean_reversion,attempt,MAX_POSITION
2025-12-05T10:01:00.777Z,XTZUSD,mean_reversion,attempt,MAX_POSITION
2025-12-05T10:01:01.118Z,SOSOUSD,mean_reversion,attempt,
2025-12-05T10:01:01.336Z,EURCAD,vwap_pullback,attempt,
2025-12-05T10:01:01.444Z,SOSOUSD,mean_reversion,attempt,MAX_POSITION
2025-12-05T10:01:01.665Z,EURCAD,vwap_pullback,attempt,MAX_POSITION
2025-12-05T10:01:01.931Z,EURCAD,vwap_bounce,attempt,
2025-12-05T10:01:02.272Z,EURCAD,vwap_bounce,attempt,MAX_POSITION
2025-12-05T10:01:02.693Z,TONEUR,mean_reversion,attempt,
2025-12-05T10:01:02.914Z,EWTUSD,mean_reversion,attempt,
2025-12-05T10:01:03.019Z,TONEUR,mean_reversion,attempt,MAX_POSITION
2025-12-05T10:01:03.259Z,EWTUSD,mean_reversion,attempt,MAX_POSITION
2025-12-05T10:01:04.155Z,TONUSD,mean_reversion,attempt,
2025-12-05T10:01:04.250Z,FORTHUSD,sma_trend_ride,attempt,
2025-12-05T10:01:04.497Z,TONUSD,mean_reversion,attempt,MAX_POSITION
2025-12-05T10:01:04.576Z,FORTHUSD,sma_trend_ride,attempt,MAX_POSITION
2025-12-05T10:01:04.835Z,FORTHUSD,mean_reversion,attempt,
2025-12-05T10:01:05.158Z,FORTHUSD,mean_reversion,attempt,MAX_POSITION
2025-12-05T10:01:05.429Z,TRUMPUSD,mean_reversion,attempt,
2025-12-05T10:01:05.753Z,TRUMPUSD,mean_reversion,attempt,MAX_POSITION
2025-12-05T10:01:06.002Z,KSMEUR,mean_reversion,attempt,
2025-12-05T10:01:06.327Z,KSMEUR,mean_reversion,attempt,MAX_POSITION
2025-12-05T10:01:07.264Z,KSMUSD,mean_reversion,attempt,
2025-12-05T10:01:07.474Z,UNIEUR,mean_reversion,attempt,
2025-12-05T10:01:07.597Z,KSMUSD,mean_reversion,attempt,MAX_POSITION
2025-12-05T10:01:07.803Z,UNIEUR,mean_reversion,attempt,MAX_POSITION
2025-12-05T10:01:08.254Z,LDOEUR,mean_reversion,attempt,
2025-12-05T10:01:08.584Z,LDOEUR,mean_reversion,attempt,MAX_POSITION
2025-12-05T10:01:09.156Z,WLDEUR,mean_reversion,attempt,
2025-12-05T10:01:09.470Z,LINKEUR,vwap_pullback,attempt,
2025-12-05T10:01:09.489Z,WLDEUR,mean_reversion,attempt,MAX_POSITION
2025-12-05T10:01:09.803Z,LINKEUR,vwap_pullback,attempt,MAX_POSITION
2025-12-05T10:01:10.228Z,XRPRLUSD,mean_reversion,attempt,
2025-12-05T10:01:10.565Z,XRPRLUSD,mean_reversion,attempt,MAX_POSITION
2025-12-05T10:01:10.588Z,LINKUSD,vwap_pullback,attempt,
2025-12-05T10:01:10.600Z,XRP/CAD,vwap_pullback,attempt,
2025-12-05T10:01:10.918Z,LINKUSD,vwap_pullback,attempt,MAX_POSITION
2025-12-05T10:01:11.126Z,XRP/CAD,vwap_pullback,attempt,MAX_TOTAL_EXPOSURE
2025-12-05T10:01:11.507Z,XTZEUR,mean_reversion,attempt,
2025-12-05T10:01:11.838Z,XTZEUR,mean_reversion,attempt,MAX_POSITION
2025-12-05T10:01:11.988Z,LINKUSDT,vwap_pullback,attempt,
2025-12-05T10:01:12.312Z,LINKUSDT,vwap_pullback,attempt,MAX_POSITION
2025-12-05T10:01:12.393Z,SOL/USD,vwap_pullback,attempt,
2025-12-05T10:01:12.921Z,SOL/USD,vwap_pullback,attempt,MAX_TOTAL_EXPOSURE
2025-12-05T10:01:13.023Z,XTZUSD,mean_reversion,attempt,
2025-12-05T10:01:13.191Z,XLTCZEUR,mean_reversion,attempt,
2025-12-05T10:01:13.350Z,XTZUSD,mean_reversion,attempt,MAX_POSITION
2025-12-05T10:01:13.516Z,XLTCZEUR,mean_reversion,attempt,MAX_POSITION
2025-12-05T10:01:14.406Z,XLTCZUSD,mean_reversion,attempt,
2025-12-05T10:01:14.734Z,XLTCZUSD,mean_reversion,attempt,MAX_POSITION
2025-12-05T10:01:17.078Z,MASKUSD,sma_trend_ride,attempt,
2025-12-05T10:01:17.409Z,MASKUSD,sma_trend_ride,attempt,MAX_POSITION
2025-12-05T10:01:18.357Z,MEUSD,mean_reversion,attempt,
2025-12-05T10:01:18.706Z,MEUSD,mean_reversion,attempt,MAX_POSITION
2025-12-05T10:01:19.353Z,MNTUSD,mean_reversion,attempt,
2025-12-05T10:01:19.683Z,MNTUSD,mean_reversion,attempt,MAX_POSITION
2025-12-05T10:01:20.362Z,NANOEUR,mean_reversion,attempt,
2025-12-05T10:01:20.702Z,NANOEUR,mean_reversion,attempt,MAX_POSITION
2025-12-05T10:01:21.913Z,NOSUSD,mean_reversion,attempt,
2025-12-05T10:01:22.240Z,NOSUSD,mean_reversion,attempt,MAX_POSITION
2025-12-05T10:01:23.534Z,OPEUR,mean_reversion,attempt,
2025-12-05T10:01:23.909Z,OPEUR,mean_reversion,attempt,MAX_POSITION
2025-12-05T10:01:24.917Z,OPUSD,mean_reversion,attempt,
2025-12-05T10:01:25.295Z,OPUSD,mean_reversion,attempt,MAX_POSITION
2025-12-05T10:01:26.010Z,RUNEEUR,mean_reversion,attempt,
2025-12-05T10:01:26.377Z,RUNEEUR,mean_reversion,attempt,MAX_POSITION
2025-12-05T10:01:27.292Z,RUNEUSD,mean_reversion,attempt,
2025-12-05T10:01:27.674Z,RUNEUSD,mean_reversion,attempt,MAX_POSITION
2025-12-05T10:01:28.205Z,ADAAUD,mean_reversion,attempt,
2025-12-05T10:01:28.569Z,ADAAUD,mean_reversion,attempt,MAX_POSITION
2025-12-05T10:01:29.073Z,SOSOUSD,mean_reversion,attempt,
2025-12-05T10:01:29.454Z,SOSOUSD,mean_reversion,attempt,MAX_POSITION
2025-12-05T10:01:29.521Z,ADAEUR,mean_reversion,attempt,
2025-12-05T10:01:29.883Z,ADAEUR,mean_reversion,attempt,MAX_POSITION
2025-12-05T10:01:30.638Z,ADAGBP,mean_reversion,attempt,
2025-12-05T10:01:30.715Z,TONEUR,mean_reversion,attempt,
2025-12-05T10:01:31.014Z,ADAGBP,mean_reversion,attempt,MAX_POSITION
2025-12-05T10:01:31.089Z,TONEUR,mean_reversion,attempt,MAX_POSITION
2025-12-05T10:01:31.962Z,ADAUSDC,mean_reversion,attempt,
2025-12-05T10:01:32.071Z,TONUSD,mean_reversion,attempt,
2025-12-05T10:01:32.317Z,ADAUSDC,mean_reversion,attempt,MAX_POSITION
2025-12-05T10:01:32.441Z,TONUSD,mean_reversion,attempt,MAX_POSITION
2025-12-05T10:01:33.515Z,TRUMPUSD,mean_reversion,attempt,
2025-12-05T10:01:33.897Z,TRUMPUSD,mean_reversion,attempt,MAX_POSITION
2025-12-05T10:01:34.021Z,ADAUSDT,mean_reversion,attempt,
2025-12-05T10:01:34.404Z,ADAUSDT,mean_reversion,attempt,MAX_POSITION
2025-12-05T10:01:35.105Z,ATOMEUR,mean_reversion,attempt,
2025-12-05T10:01:35.488Z,ATOMEUR,mean_reversion,attempt,MAX_POSITION
2025-12-05T10:01:35.928Z,UNIEUR,mean_reversion,attempt,
2025-12-05T10:01:36.304Z,UNIEUR,mean_reversion,attempt,MAX_POSITION
2025-12-05T10:01:36.713Z,ATOMUSD,mean_reversion,attempt,
2025-12-05T10:01:36.752Z,XRP/USDC,vwap_pullback,attempt,
2025-12-05T10:01:37.073Z,ATOMUSD,mean_reversion,attempt,MAX_POSITION
2025-12-05T10:01:37.352Z,XRP/USDC,vwap_pullback,attempt,MAX_TOTAL_EXPOSURE
2025-12-05T10:01:37.810Z,AUDUSD,vwap_pullback,attempt,
2025-12-05T10:01:38.034Z,AUDUSD,vwap_pullback,attempt,POSITION_LIMIT
2025-12-05T10:01:38.316Z,WLDEUR,mean_reversion,attempt,
2025-12-05T10:01:38.337Z,AUDUSD,sma_trend_ride,attempt,
2025-12-05T10:01:38.559Z,AUDUSD,sma_trend_ride,attempt,POSITION_LIMIT
2025-12-05T10:01:38.679Z,WLDEUR,mean_reversion,attempt,MAX_POSITION
2025-12-05T10:01:39.288Z,CVXUSD,mean_reversion,attempt,
2025-12-05T10:01:39.641Z,XRPRLUSD,mean_reversion,attempt,
2025-12-05T10:01:39.664Z,CVXUSD,mean_reversion,attempt,MAX_POSITION
2025-12-05T10:01:40.022Z,XRPRLUSD,mean_reversion,attempt,MAX_POSITION
2025-12-05T10:01:40.341Z,DOTEUR,mean_reversion,attempt,
2025-12-05T10:01:40.719Z,DOTEUR,mean_reversion,attempt,MAX_POSITION
2025-12-05T10:01:40.776Z,XTZEUR,mean_reversion,attempt,
2025-12-05T10:01:41.120Z,XTZEUR,mean_reversion,attempt,MAX_POSITION
2025-12-05T10:01:41.752Z,DOTGBP,mean_reversion,attempt,
2025-12-05T10:01:42.076Z,ADAAUD,mean_reversion,attempt,
2025-12-05T10:01:42.079Z,DOTGBP,mean_reversion,attempt,MAX_POSITION
2025-12-05T10:01:42.331Z,XTZUSD,mean_reversion,attempt,
2025-12-05T10:01:42.402Z,ADAAUD,mean_reversion,attempt,MAX_POSITION
2025-12-05T10:01:42.653Z,XTZUSD,mean_reversion,attempt,MAX_POSITION
2025-12-05T10:01:43.227Z,DOTUSD,mean_reversion,attempt,
2025-12-05T10:01:43.354Z,ADAEUR,mean_reversion,attempt,
2025-12-05T10:01:43.552Z,DOTUSD,mean_reversion,attempt,MAX_POSITION
2025-12-05T10:01:43.679Z,ADAEUR,mean_reversion,attempt,MAX_POSITION
2025-12-05T10:01:44.518Z,DOTUSDC,mean_reversion,attempt,
2025-12-05T10:01:44.660Z,ADAGBP,mean_reversion,attempt,
2025-12-05T10:01:44.868Z,DOTUSDC,mean_reversion,attempt,MAX_POSITION
2025-12-05T10:01:44.998Z,ADAGBP,mean_reversion,attempt,MAX_POSITION
2025-12-05T10:01:45.690Z,ADAUSDC,mean_reversion,attempt,
2025-12-05T10:01:45.838Z,DOTUSDT,mean_reversion,attempt,
2025-12-05T10:01:46.110Z,ADAUSDC,mean_reversion,attempt,MAX_POSITION
2025-12-05T10:01:46.249Z,DOTUSDT,mean_reversion,attempt,MAX_POSITION
2025-12-05T10:01:46.786Z,ADAUSDT,mean_reversion,attempt,
2025-12-05T10:01:46.964Z,XETCZUSD,mean_reversion,attempt,
2025-12-05T10:01:47.158Z,ADAUSDT,mean_reversion,attempt,MAX_POSITION
2025-12-05T10:01:47.290Z,LINK/USD,vwap_pullback,attempt,
2025-12-05T10:01:47.367Z,XETCZUSD,mean_reversion,attempt,MAX_POSITION
2025-12-05T10:01:47.958Z,LINK/USD,vwap_pullback,attempt,MAX_TOTAL_EXPOSURE
2025-12-05T10:01:48.259Z,ATOMEUR,mean_reversion,attempt,
2025-12-05T10:01:48.600Z,ETHFIEUR,mean_reversion,attempt,
2025-12-05T10:01:48.635Z,ATOMEUR,mean_reversion,attempt,MAX_POSITION
2025-12-05T10:01:48.981Z,ETHFIEUR,mean_reversion,attempt,MAX_POSITION
2025-12-05T10:01:49.626Z,ATOMUSD,mean_reversion,attempt,
2025-12-05T10:01:49.994Z,ATOMUSD,mean_reversion,attempt,MAX_POSITION
2025-12-05T10:01:50.038Z,ETHFIUSD,mean_reversion,attempt,
2025-12-05T10:01:50.090Z,XRP/CAD,vwap_pullback,attempt,
2025-12-05T10:01:50.413Z,ETHFIUSD,mean_reversion,attempt,MAX_POSITION
2025-12-05T10:01:50.697Z,XRP/CAD,vwap_pullback,attempt,MAX_TOTAL_EXPOSURE
2025-12-05T10:01:51.017Z,AUDUSD,vwap_pullback,attempt,
2025-12-05T10:01:51.241Z,AUDUSD,vwap_pullback,attempt,POSITION_LIMIT
2025-12-05T10:01:51.397Z,EURCAD,vwap_pullback,attempt,
2025-12-05T10:01:51.498Z,SOL/USD,vwap_pullback,attempt,
2025-12-05T10:01:51.546Z,AUDUSD,sma_trend_ride,attempt,
2025-12-05T10:01:51.768Z,EURCAD,vwap_pullback,attempt,MAX_POSITION
2025-12-05T10:01:51.770Z,AUDUSD,sma_trend_ride,attempt,POSITION_LIMIT
2025-12-05T10:01:52.062Z,EURCAD,vwap_bounce,attempt,
2025-12-05T10:01:52.093Z,SOL/USD,vwap_pullback,attempt,MAX_TOTAL_EXPOSURE
2025-12-05T10:01:52.440Z,EURCAD,vwap_bounce,attempt,MAX_POSITION
2025-12-05T10:01:52.761Z,CVXUSD,mean_reversion,attempt,
2025-12-05T10:01:53.137Z,CVXUSD,mean_reversion,attempt,MAX_POSITION
2025-12-05T10:01:53.427Z,EWTUSD,mean_reversion,attempt,
2025-12-05T10:01:53.816Z,EWTUSD,mean_reversion,attempt,MAX_POSITION
2025-12-05T10:01:54.397Z,DOTEUR,mean_reversion,attempt,
2025-12-05T10:01:54.758Z,DOTEUR,mean_reversion,attempt,MAX_POSITION
2025-12-05T10:01:55.058Z,FORTHUSD,sma_trend_ride,attempt,
2025-12-05T10:01:55.428Z,FORTHUSD,sma_trend_ride,attempt,MAX_POSITION
2025-12-05T10:01:55.484Z,DOTGBP,mean_reversion,attempt,
2025-12-05T10:01:55.739Z,FORTHUSD,mean_reversion,attempt,
2025-12-05T10:01:55.851Z,DOTGBP,mean_reversion,attempt,MAX_POSITION
2025-12-05T10:01:56.121Z,FORTHUSD,mean_reversion,attempt,MAX_POSITION
2025-12-05T10:01:56.591Z,DOTUSD,mean_reversion,attempt,
2025-12-05T10:01:56.969Z,DOTUSD,mean_reversion,attempt,MAX_POSITION
2025-12-05T10:01:57.025Z,KSMEUR,mean_reversion,attempt,
2025-12-05T10:01:57.394Z,KSMEUR,mean_reversion,attempt,MAX_POSITION
2025-12-05T10:01:57.965Z,DOTUSDC,mean_reversion,attempt,
2025-12-05T10:01:58.330Z,DOTUSDC,mean_reversion,attempt,MAX_POSITION
2025-12-05T10:01:58.384Z,KSMUSD,mean_reversion,attempt,
2025-12-05T10:01:58.761Z,KSMUSD,mean_reversion,attempt,MAX_POSITION
2025-12-05T10:01:59.591Z,DOTUSDT,mean_reversion,attempt,
2025-12-05T10:01:59.757Z,LDOEUR,mean_reversion,attempt,
2025-12-05T10:01:59.963Z,DOTUSDT,mean_reversion,attempt,MAX_POSITION
2025-12-05T10:02:00.121Z,LDOEUR,mean_reversion,attempt,MAX_POSITION
2025-12-05T10:02:00.841Z,XETCZUSD,mean_reversion,attempt,
2025-12-05T10:02:01.073Z,LINKEUR,vwap_pullback,attempt,
2025-12-05T10:02:01.218Z,XETCZUSD,mean_reversion,attempt,MAX_POSITION
2025-12-05T10:02:01.440Z,LINKEUR,vwap_pullback,attempt,MAX_POSITION
2025-12-05T10:02:01.924Z,ETHFIEUR,mean_reversion,attempt,
2025-12-05T10:02:02.297Z,LINKUSD,vwap_pullback,attempt,
2025-12-05T10:02:02.571Z,ETHFIEUR,mean_reversion,attempt,MAX_POSITION
2025-12-05T10:02:02.756Z,LINKUSD,vwap_pullback,attempt,MAX_POSITION
2025-12-05T10:02:03.307Z,ETHFIUSD,mean_reversion,attempt,
2025-12-05T10:02:03.679Z,ETHFIUSD,mean_reversion,attempt,MAX_POSITION
2025-12-05T10:02:03.757Z,LINKUSDT,vwap_pullback,attempt,
2025-12-05T10:02:04.144Z,LINKUSDT,vwap_pullback,attempt,MAX_POSITION
2025-12-05T10:02:04.350Z,EURCAD,vwap_pullback,attempt,
2025-12-05T10:02:04.731Z,EURCAD,vwap_pullback,attempt,MAX_POSITION
2025-12-05T10:02:05.030Z,EURCAD,vwap_bounce,attempt,
2025-12-05T10:02:05.081Z,XLTCZEUR,mean_reversion,attempt,
2025-12-05T10:02:05.400Z,EURCAD,vwap_bounce,attempt,MAX_POSITION
2025-12-05T10:02:05.456Z,XLTCZEUR,mean_reversion,attempt,MAX_POSITION
2025-12-05T10:02:06.371Z,EWTUSD,mean_reversion,attempt,
2025-12-05T10:02:06.595Z,XLTCZUSD,mean_reversion,attempt,
2025-12-05T10:02:06.733Z,EWTUSD,mean_reversion,attempt,MAX_POSITION
2025-12-05T10:02:06.969Z,XLTCZUSD,mean_reversion,attempt,MAX_POSITION
2025-12-05T10:02:07.975Z,FORTHUSD,sma_trend_ride,attempt,
2025-12-05T10:02:08.355Z,FORTHUSD,sma_trend_ride,attempt,MAX_POSITION
2025-12-05T10:02:08.544Z,MASKUSD,sma_trend_ride,attempt,
2025-12-05T10:02:08.695Z,FORTHUSD,mean_reversion,attempt,
2025-12-05T10:02:08.918Z,MASKUSD,sma_trend_ride,attempt,MAX_POSITION
2025-12-05T10:02:09.064Z,FORTHUSD,mean_reversion,attempt,MAX_POSITION
2025-12-05T10:02:09.621Z,MEUSD,mean_reversion,attempt,
2025-12-05T10:02:09.997Z,MEUSD,mean_reversion,attempt,MAX_POSITION
2025-12-05T10:02:10.037Z,KSMEUR,mean_reversion,attempt,
2025-12-05T10:02:10.408Z,KSMEUR,mean_reversion,attempt,MAX_POSITION
2025-12-05T10:02:11.106Z,KSMUSD,mean_reversion,attempt,
2025-12-05T10:02:11.179Z,NANO/USD,vwap_pullback,attempt,
2025-12-05T10:02:11.190Z,MNTUSD,mean_reversion,attempt,
2025-12-05T10:02:11.480Z,KSMUSD,mean_reversion,attempt,MAX_POSITION
2025-12-05T10:02:11.557Z,MNTUSD,mean_reversion,attempt,MAX_POSITION
2025-12-05T10:02:11.791Z,NANO/USD,vwap_pullback,attempt,MAX_TOTAL_EXPOSURE
2025-12-05T10:02:12.185Z,LDOEUR,mean_reversion,attempt,
2025-12-05T10:02:12.286Z,NANOEUR,mean_reversion,attempt,
2025-12-05T10:02:12.556Z,LDOEUR,mean_reversion,attempt,MAX_POSITION
2025-12-05T10:02:12.654Z,NANOEUR,mean_reversion,attempt,MAX_POSITION
2025-12-05T10:02:12.930Z,TON/EUR,vwap_pullback,attempt,
2025-12-05T10:02:13.522Z,TON/EUR,vwap_pullback,attempt,MAX_TOTAL_EXPOSURE
2025-12-05T10:02:13.523Z,NOSUSD,mean_reversion,attempt,
2025-12-05T10:02:13.813Z,LINKEUR,vwap_pullback,attempt,
2025-12-05T10:02:13.972Z,NOSUSD,mean_reversion,attempt,MAX_POSITION
2025-12-05T10:02:14.194Z,LINKEUR,vwap_pullback,attempt,MAX_POSITION
2025-12-05T10:02:14.862Z,LINKUSD,vwap_pullback,attempt,
2025-12-05T10:02:15.209Z,UNI/USD,vwap_pullback,attempt,
2025-12-05T10:02:15.242Z,LINKUSD,vwap_pullback,attempt,MAX_POSITION
2025-12-05T10:02:15.275Z,OPEUR,mean_reversion,attempt,
2025-12-05T10:02:15.658Z,OPEUR,mean_reversion,attempt,MAX_POSITION
2025-12-05T10:02:15.817Z,UNI/USD,vwap_pullback,attempt,MAX_TOTAL_EXPOSURE
2025-12-05T10:02:16.481Z,LINKUSDT,vwap_pullback,attempt,
2025-12-05T10:02:16.812Z,LINKUSDT,vwap_pullback,attempt,MAX_POSITION
2025-12-05T10:02:16.869Z,SOL/EUR,vwap_pullback,attempt,
2025-12-05T10:02:16.873Z,OPUSD,mean_reversion,attempt,
2025-12-05T10:02:17.211Z,OPUSD,mean_reversion,attempt,MAX_POSITION
2025-12-05T10:02:17.415Z,SOL/EUR,vwap_pullback,attempt,MAX_TOTAL_EXPOSURE
2025-12-05T10:02:17.447Z,XLTCZEUR,mean_reversion,attempt,
2025-12-05T10:02:17.857Z,XLTCZEUR,mean_reversion,attempt,MAX_POSITION
2025-12-05T10:02:18.166Z,RUNEEUR,mean_reversion,attempt,
2025-12-05T10:02:18.493Z,RUNEEUR,mean_reversion,attempt,MAX_POSITION
2025-12-05T10:02:19.128Z,XLTCZUSD,mean_reversion,attempt,
2025-12-05T10:02:19.426Z,RUNEUSD,mean_reversion,attempt,
2025-12-05T10:02:19.464Z,XLTCZUSD,mean_reversion,attempt,MAX_POSITION
2025-12-05T10:02:19.756Z,RUNEUSD,mean_reversion,attempt,MAX_POSITION
2025-12-05T10:02:20.445Z,SOSOUSD,mean_reversion,attempt,
2025-12-05T10:02:20.775Z,MASKUSD,sma_trend_ride,attempt,
2025-12-05T10:02:20.776Z,SOSOUSD,mean_reversion,attempt,MAX_POSITION
2025-12-05T10:02:21.100Z,MASKUSD,sma_trend_ride,attempt,MAX_POSITION
2025-12-05T10:02:21.707Z,MEUSD,mean_reversion,attempt,
2025-12-05T10:02:22.025Z,TONEUR,mean_reversion,attempt,
2025-12-05T10:02:22.032Z,MEUSD,mean_reversion,attempt,MAX_POSITION
2025-12-05T10:02:22.350Z,TONEUR,mean_reversion,attempt,MAX_POSITION
2025-12-05T10:02:22.700Z,MNTUSD,mean_reversion,attempt,
2025-12-05T10:02:22.891Z,TONUSD,mean_reversion,attempt,
2025-12-05T10:02:23.021Z,MNTUSD,mean_reversion,attempt,MAX_POSITION
2025-12-05T10:02:23.230Z,TONUSD,mean_reversion,attempt,MAX_POSITION
2025-12-05T10:02:23.985Z,NANOEUR,mean_reversion,attempt,
2025-12-05T10:02:24.180Z,TRUMPUSD,mean_reversion,attempt,
2025-12-05T10:02:24.310Z,NANOEUR,mean_reversion,attempt,MAX_POSITION
2025-12-05T10:02:24.505Z,TRUMPUSD,mean_reversion,attempt,MAX_POSITION
2025-12-05T10:02:24.945Z,NOSUSD,mean_reversion,attempt,
2025-12-05T10:02:25.290Z,NOSUSD,mean_reversion,attempt,MAX_POSITION
2025-12-05T10:02:26.330Z,OPEUR,mean_reversion,attempt,
2025-12-05T10:02:26.448Z,UNIEUR,mean_reversion,attempt,
2025-12-05T10:02:26.695Z,OPEUR,mean_reversion,attempt,MAX_POSITION
2025-12-05T10:02:26.810Z,UNIEUR,mean_reversion,attempt,MAX_POSITION
2025-12-05T10:02:27.944Z,OPUSD,mean_reversion,attempt,
2025-12-05T10:02:28.321Z,OPUSD,mean_reversion,attempt,MAX_POSITION
2025-12-05T10:02:28.452Z,WLDEUR,mean_reversion,attempt,
2025-12-05T10:02:28.843Z,WLDEUR,mean_reversion,attempt,MAX_POSITION
2025-12-05T10:02:29.050Z,RUNEEUR,mean_reversion,attempt,
2025-12-05T10:02:29.438Z,RUNEEUR,mean_reversion,attempt,MAX_POSITION
2025-12-05T10:02:29.548Z,LINK/USD,vwap_pullback,attempt,
2025-12-05T10:02:29.803Z,XRPRLUSD,mean_reversion,attempt,
2025-12-05T10:02:30.114Z,RUNEUSD,mean_reversion,attempt,
2025-12-05T10:02:30.167Z,LINK/USD,vwap_pullback,attempt,MAX_TOTAL_EXPOSURE
2025-12-05T10:02:30.184Z,XRPRLUSD,mean_reversion,attempt,MAX_POSITION
2025-12-05T10:02:30.484Z,RUNEUSD,mean_reversion,attempt,MAX_POSITION
2025-12-05T10:02:30.864Z,XTZEUR,mean_reversion,attempt,
2025-12-05T10:02:31.111Z,ADAAUD,mean_reversion,attempt,
2025-12-05T10:02:31.224Z,XTZEUR,mean_reversion,attempt,MAX_POSITION
2025-12-05T10:02:31.483Z,ADAAUD,mean_reversion,attempt,MAX_POSITION
2025-12-05T10:02:31.844Z,SOSOUSD,mean_reversion,attempt,
2025-12-05T10:02:32.187Z,XTZUSD,mean_reversion,attempt,
2025-12-05T10:02:32.222Z,SOSOUSD,mean_reversion,attempt,MAX_POSITION
2025-12-05T10:02:32.420Z,ADAEUR,mean_reversion,attempt,
2025-12-05T10:02:32.580Z,XTZUSD,mean_reversion,attempt,MAX_POSITION
2025-12-05T10:02:32.777Z,SOL/USD,vwap_pullback,attempt,
2025-12-05T10:02:32.804Z,ADAEUR,mean_reversion,attempt,MAX_POSITION
2025-12-05T10:02:33.435Z,SOL/USD,vwap_pullback,attempt,MAX_TOTAL_EXPOSURE
2025-12-05T10:02:33.513Z,TONEUR,mean_reversion,attempt,
2025-12-05T10:02:33.757Z,ADAGBP,mean_reversion,attempt,
2025-12-05T10:02:33.899Z,TONEUR,mean_reversion,attempt,MAX_POSITION
2025-12-05T10:02:34.130Z,ADAGBP,mean_reversion,attempt,MAX_POSITION
2025-12-05T10:02:34.488Z,TONUSD,mean_reversion,attempt,
2025-12-05T10:02:34.852Z,TONUSD,mean_reversion,attempt,MAX_POSITION
2025-12-05T10:02:35.699Z,ADAUSDC,mean_reversion,attempt,
2025-12-05T10:02:35.844Z,TRUMPUSD,mean_reversion,attempt,
2025-12-05T10:02:36.065Z,ADAUSDC,mean_reversion,attempt,MAX_POSITION
2025-12-05T10:02:36.225Z,TRUMPUSD,mean_reversion,attempt,MAX_POSITION
2025-12-05T10:02:36.641Z,ADAUSDT,mean_reversion,attempt,
2025-12-05T10:02:37.010Z,ADAUSDT,mean_reversion,attempt,MAX_POSITION
2025-12-05T10:02:37.973Z,UNIEUR,mean_reversion,attempt,
2025-12-05T10:02:38.063Z,ATOMEUR,mean_reversion,attempt,
2025-12-05T10:02:38.357Z,UNIEUR,mean_reversion,attempt,MAX_POSITION
2025-12-05T10:02:38.437Z,ATOMEUR,mean_reversion,attempt,MAX_POSITION
2025-12-05T10:02:39.430Z,ATOMUSD,mean_reversion,attempt,
2025-12-05T10:02:39.777Z,WLDEUR,mean_reversion,attempt,
2025-12-05T10:02:39.800Z,ATOMUSD,mean_reversion,attempt,MAX_POSITION
2025-12-05T10:02:40.139Z,WLDEUR,mean_reversion,attempt,MAX_POSITION
2025-12-05T10:02:40.865Z,XRPRLUSD,mean_reversion,attempt,
2025-12-05T10:02:40.880Z,AUDUSD,vwap_pullback,attempt,
2025-12-05T10:02:41.109Z,AUDUSD,vwap_pullback,attempt,POSITION_LIMIT
2025-12-05T10:02:41.255Z,XRPRLUSD,mean_reversion,attempt,MAX_POSITION
2025-12-05T10:02:41.414Z,AUDUSD,sma_trend_ride,attempt,
2025-12-05T10:02:41.641Z,AUDUSD,sma_trend_ride,attempt,POSITION_LIMIT
2025-12-05T10:02:41.867Z,ADAAUD,mean_reversion,attempt,
2025-12-05T10:02:42.242Z,ADAAUD,mean_reversion,attempt,MAX_POSITION
2025-12-05T10:02:42.252Z,XTZEUR,mean_reversion,attempt,
2025-12-05T10:02:42.355Z,CVXUSD,mean_reversion,attempt,
2025-12-05T10:02:42.620Z,XTZEUR,mean_reversion,attempt,MAX_POSITION
2025-12-05T10:02:42.736Z,CVXUSD,mean_reversion,attempt,MAX_POSITION
2025-12-05T10:02:43.310Z,XTZUSD,mean_reversion,attempt,
2025-12-05T10:02:43.552Z,ADAEUR,mean_reversion,attempt,
2025-12-05T10:02:43.683Z,XTZUSD,mean_reversion,attempt,MAX_POSITION
2025-12-05T10:02:43.809Z,DOTEUR,mean_reversion,attempt,
2025-12-05T10:02:43.957Z,ADAEUR,mean_reversion,attempt,MAX_POSITION
2025-12-05T10:02:44.186Z,DOTEUR,mean_reversion,attempt,MAX_POSITION
2025-12-05T10:02:44.293Z,AVAX/USD,vwap_pullback,attempt,
2025-12-05T10:02:44.894Z,AVAX/USD,vwap_pullback,attempt,MAX_TOTAL_EXPOSURE
2025-12-05T10:02:45.002Z,ADAGBP,mean_reversion,attempt,
2025-12-05T10:02:45.178Z,DOTGBP,mean_reversion,attempt,
2025-12-05T10:02:45.375Z,ADAGBP,mean_reversion,attempt,MAX_POSITION
2025-12-05T10:02:45.547Z,DOTGBP,mean_reversion,attempt,MAX_POSITION
2025-12-05T10:02:46.051Z,DOTUSD,mean_reversion,attempt,
2025-12-05T10:02:46.434Z,DOTUSD,mean_reversion,attempt,MAX_POSITION
2025-12-05T10:02:46.598Z,ADAUSDC,mean_reversion,attempt,
2025-12-05T10:02:46.970Z,ADAUSDC,mean_reversion,attempt,MAX_POSITION
2025-12-05T10:02:47.435Z,DOTUSDC,mean_reversion,attempt,
2025-12-05T10:02:47.892Z,DOTUSDC,mean_reversion,attempt,MAX_POSITION
2025-12-05T10:02:48.034Z,ADAUSDT,mean_reversion,attempt,
2025-12-05T10:02:48.431Z,ADAUSDT,mean_reversion,attempt,MAX_POSITION
2025-12-05T10:02:49.175Z,DOTUSDT,mean_reversion,attempt,
2025-12-05T10:02:49.549Z,DOTUSDT,mean_reversion,attempt,MAX_POSITION
2025-12-05T10:02:49.627Z,ATOMEUR,mean_reversion,attempt,
2025-12-05T10:02:49.989Z,ATOMEUR,mean_reversion,attempt,MAX_POSITION
2025-12-05T10:02:50.565Z,XETCZUSD,mean_reversion,attempt,
2025-12-05T10:02:50.680Z,ATOMUSD,mean_reversion,attempt,
2025-12-05T10:02:50.964Z,XETCZUSD,mean_reversion,attempt,MAX_POSITION
2025-12-05T10:02:51.646Z,ATOMUSD,mean_reversion,attempt,MAX_POSITION
2025-12-05T10:02:52.453Z,ETHFIEUR,mean_reversion,attempt,
2025-12-05T10:02:52.707Z,AUDUSD,vwap_pullback,attempt,
2025-12-05T10:02:52.835Z,ETHFIEUR,mean_reversion,attempt,MAX_POSITION
2025-12-05T10:02:52.930Z,AUDUSD,vwap_pullback,attempt,POSITION_LIMIT
2025-12-05T10:02:53.236Z,AUDUSD,sma_trend_ride,attempt,
2025-12-05T10:02:53.456Z,AUDUSD,sma_trend_ride,attempt,POSITION_LIMIT
2025-12-05T10:02:53.797Z,ETHFIUSD,mean_reversion,attempt,
2025-12-05T10:02:54.129Z,ETHFIUSD,mean_reversion,attempt,MAX_POSITION
2025-12-05T10:02:54.148Z,CVXUSD,mean_reversion,attempt,
2025-12-05T10:02:54.473Z,CVXUSD,mean_reversion,attempt,MAX_POSITION
2025-12-05T10:02:55.110Z,EURCAD,vwap_pullback,attempt,
2025-12-05T10:02:55.417Z,DOTEUR,mean_reversion,attempt,
2025-12-05T10:02:55.466Z,EURCAD,vwap_pullback,attempt,MAX_POSITION
2025-12-05T10:02:55.765Z,EURCAD,vwap_bounce,attempt,
2025-12-05T10:02:55.803Z,DOTEUR,mean_reversion,attempt,MAX_POSITION
2025-12-05T10:02:55.978Z,NANO/USD,vwap_pullback,attempt,
2025-12-05T10:02:56.142Z,EURCAD,vwap_bounce,attempt,MAX_POSITION
2025-12-05T10:02:56.573Z,NANO/USD,vwap_pullback,attempt,MAX_TOTAL_EXPOSURE
2025-12-05T10:02:56.915Z,DOTGBP,mean_reversion,attempt,
2025-12-05T10:02:57.081Z,EWTUSD,mean_reversion,attempt,
2025-12-05T10:02:57.288Z,DOTGBP,mean_reversion,attempt,MAX_POSITION
2025-12-05T10:02:57.455Z,EWTUSD,mean_reversion,attempt,MAX_POSITION
2025-12-05T10:02:57.988Z,DOTUSD,mean_reversion,attempt,
2025-12-05T10:02:58.219Z,FORTHUSD,sma_trend_ride,attempt,
2025-12-05T10:02:58.281Z,TON/EUR,vwap_pullback,attempt,
2025-12-05T10:02:58.374Z,DOTUSD,mean_reversion,attempt,MAX_POSITION
2025-12-05T10:02:58.604Z,FORTHUSD,sma_trend_ride,attempt,MAX_POSITION
2025-12-05T10:02:58.876Z,TON/EUR,vwap_pullback,attempt,MAX_TOTAL_EXPOSURE
2025-12-05T10:02:58.905Z,FORTHUSD,mean_reversion,attempt,
2025-12-05T10:02:59.315Z,DOTUSDC,mean_reversion,attempt,
2025-12-05T10:02:59.333Z,FORTHUSD,mean_reversion,attempt,MAX_POSITION
2025-12-05T10:02:59.681Z,DOTUSDC,mean_reversion,attempt,MAX_POSITION
2025-12-05T10:03:00.043Z,KSMEUR,mean_reversion,attempt,
2025-12-05T10:03:00.418Z,DOTUSDT,mean_reversion,attempt,
2025-12-05T10:03:00.419Z,KSMEUR,mean_reversion,attempt,MAX_POSITION
2025-12-05T10:03:00.818Z,DOTUSDT,mean_reversion,attempt,MAX_POSITION
2025-12-05T10:03:01.138Z,KSMUSD,mean_reversion,attempt,
2025-12-05T10:03:01.407Z,UNI/USD,vwap_pullback,attempt,
2025-12-05T10:03:01.523Z,KSMUSD,mean_reversion,attempt,MAX_POSITION
2025-12-05T10:03:01.936Z,XETCZUSD,mean_reversion,attempt,
2025-12-05T10:03:02.025Z,UNI/USD,vwap_pullback,attempt,MAX_TOTAL_EXPOSURE
2025-12-05T10:03:02.303Z,XETCZUSD,mean_reversion,attempt,MAX_POSITION
2025-12-05T10:03:02.668Z,LDOEUR,mean_reversion,attempt,
2025-12-05T10:03:02.867Z,SOL/EUR,vwap_pullback,attempt,
2025-12-05T10:03:03.020Z,ETHFIEUR,mean_reversion,attempt,
2025-12-05T10:03:03.042Z,LDOEUR,mean_reversion,attempt,MAX_POSITION
2025-12-05T10:03:03.498Z,ETHFIEUR,mean_reversion,attempt,MAX_POSITION
2025-12-05T10:03:03.554Z,SOL/EUR,vwap_pullback,attempt,MAX_TOTAL_EXPOSURE
2025-12-05T10:03:03.734Z,LINKEUR,vwap_pullback,attempt,
2025-12-05T10:03:04.130Z,LINKEUR,vwap_pullback,attempt,MAX_POSITION
2025-12-05T10:03:04.214Z,ETHFIUSD,mean_reversion,attempt,
2025-12-05T10:03:04.620Z,ETHFIUSD,mean_reversion,attempt,MAX_POSITION
2025-12-05T10:03:04.765Z,LINKUSD,vwap_pullback,attempt,
2025-12-05T10:03:05.232Z,LINKUSD,vwap_pullback,attempt,MAX_POSITION
2025-12-05T10:03:05.345Z,EURCAD,vwap_pullback,attempt,
2025-12-05T10:03:05.679Z,EURCAD,vwap_pullback,attempt,MAX_POSITION
2025-12-05T10:03:05.947Z,EURCAD,vwap_bounce,attempt,
2025-12-05T10:03:06.333Z,EURCAD,vwap_bounce,attempt,MAX_POSITION
2025-12-05T10:03:06.652Z,LINKUSDC,vwap_pullback,attempt,
2025-12-05T10:03:07.033Z,LINKUSDC,vwap_pullback,attempt,MAX_POSITION
2025-12-05T10:03:07.046Z,EWTUSD,mean_reversion,attempt,
2025-12-05T10:03:07.412Z,EWTUSD,mean_reversion,attempt,MAX_POSITION
2025-12-05T10:03:07.764Z,PENDLE/USD,vwap_pullback,attempt,
2025-12-05T10:03:08.303Z,LINKUSDT,vwap_pullback,attempt,
2025-12-05T10:03:08.349Z,FORTHUSD,sma_trend_ride,attempt,
2025-12-05T10:03:08.611Z,PENDLE/USD,vwap_pullback,attempt,MAX_TOTAL_EXPOSURE