timestamp,symbol,strategy,entry_price,portfolio_balance,max_single_position_allowed,max_total_exposure_allowed,current_total_exposure,calculated_quantity,calculated_notional,buffered_max_notional,block_reason
2025-12-05T09:55:51.541Z,AUD/USD,sma_trend_ride,0.66416568,32000,4800,8000,0,7010.298996479312,4656,4656,PASS
2025-12-05T09:56:02.113Z,ADAAUD,mean_reversion,0.65049985,32000,4800,8000,0,0,87360.00000000103,4656,MAX_POSITION
2025-12-05T09:56:03.263Z,ADAEUR,mean_reversion,0.37037,32000,4800,8000,0,0,87360.0000000008,4656,MAX_POSITION
2025-12-05T09:56:04.703Z,ADAGBP,mean_reversion,0.32278246,32000,4800,8000,0,0,87360.00000000023,4656,MAX_POSITION
2025-12-05T09:56:05.746Z,ADAUSDC,mean_reversion,0.43210667499999994,32000,4800,8000,0,0,87360.000000001,4656,MAX_POSITION
2025-12-05T09:56:06.654Z,ADAUSDT,mean_reversion,0.43108565499999996,32000,4800,8000,0,0,87360.00000000061,4656,MAX_POSITION
2025-12-05T09:56:07.961Z,ATOMEUR,mean_reversion,1.9505485999999999,32000,4800,8000,0,0,87360.00000000057,4656,MAX_POSITION
2025-12-05T09:56:08.941Z,AUD/USD,sma_trend_ride,0.66416568,32000,4800,8000,0,7010.298996479312,4656,4656,PASS
2025-12-05T09:56:09.083Z,ATOMUSD,mean_reversion,2.2727705,32000,4800,8000,0,0,87359.99999999985,4656,MAX_POSITION
2025-12-05T09:56:11.524Z,CVXUSD,mean_reversion,1.8238219999999998,32000,4800,8000,0,0,87360.00000000047,4656,MAX_POSITION
2025-12-05T09:56:12.193Z,ADAAUD,mean_reversion,0.65049985,32000,4800,8000,0,0,87360.00000000103,4656,MAX_POSITION
2025-12-05T09:56:13.301Z,DOTEUR,mean_reversion,1.9262242999999997,32000,4800,8000,0,0,87360.00000000045,4656,MAX_POSITION
2025-12-05T09:56:13.654Z,ADAEUR,mean_reversion,0.37037,32000,4800,8000,0,0,87360.0000000008,4656,MAX_POSITION
2025-12-05T09:56:14.528Z,DOTGBP,mean_reversion,1.6791774999999998,32000,4800,8000,0,0,87360.00000000112,4656,MAX_POSITION
2025-12-05T09:56:14.964Z,ADAGBP,mean_reversion,0.32278246,32000,4800,8000,0,0,87360.00000000023,4656,MAX_POSITION
2025-12-05T09:56:15.909Z,DOTUSD,mean_reversion,2.2425403,32000,4800,8000,0,0,87359.99999999948,4656,MAX_POSITION
2025-12-05T09:56:16.101Z,ADAUSDC,mean_reversion,0.43210667499999994,32000,4800,8000,0,0,87360.000000001,4656,MAX_POSITION
2025-12-05T09:56:17.139Z,DOTUSDC,mean_reversion,2.246244,32000,4800,8000,0,0,87360.00000000103,4656,MAX_POSITION
2025-12-05T09:56:17.215Z,ADAUSDT,mean_reversion,0.43108565499999996,32000,4800,8000,0,0,87360.00000000061,4656,MAX_POSITION
2025-12-05T09:56:18.308Z,DOTUSDT,mean_reversion,2.2456433999999996,32000,4800,8000,0,0,87360.00000000051,4656,MAX_POSITION
2025-12-05T09:56:19.107Z,ATOMEUR,mean_reversion,1.9505485999999999,32000,4800,8000,0,0,87360.00000000057,4656,MAX_POSITION
2025-12-05T09:56:19.675Z,XETCZUSD,mean_reversion,13.606592999999998,32000,4800,8000,0,0,87360.00000000086,4656,MAX_POSITION
2025-12-05T09:56:20.572Z,ATOMUSD,mean_reversion,2.2727705,32000,4800,8000,0,0,87359.99999999985,4656,MAX_POSITION
2025-12-05T09:56:20.904Z,ETHFIEUR,mean_reversion,0.6881875,32000,4800,8000,0,0,87360.00000000096,4656,MAX_POSITION
2025-12-05T09:56:22.047Z,ETHFIUSD,mean_reversion,0.7996989,32000,4800,8000,0,0,87360.0000000004,4656,MAX_POSITION
2025-12-05T09:56:23.709Z,EURCAD,vwap_pullback,1.6267250999999998,32000,4800,8000,0,0,229660.78517511568,4656,MAX_POSITION
2025-12-05T09:56:23.821Z,CVXUSD,mean_reversion,1.8238219999999998,32000,4800,8000,0,0,87360.00000000047,4656,MAX_POSITION
2025-12-05T09:56:25.134Z,EWTUSD,mean_reversion,0.6906899999999999,32000,4800,8000,0,0,87360.00000000016,4656,MAX_POSITION
2025-12-05T09:56:25.738Z,DOTEUR,mean_reversion,1.9262242999999997,32000,4800,8000,0,0,87360.00000000045,4656,MAX_POSITION
2025-12-05T09:56:26.776Z,FORTHUSD,mean_reversion,1.738737,32000,4800,8000,0,0,87360.00000000007,4656,MAX_POSITION
2025-12-05T09:56:27.015Z,DOTGBP,mean_reversion,1.6791774999999998,32000,4800,8000,0,0,87360.00000000112,4656,MAX_POSITION
2025-12-05T09:56:27.890Z,KSMEUR,mean_reversion,7.257249999999999,32000,4800,8000,0,0,87360.00000000122,4656,MAX_POSITION
2025-12-05T09:56:28.695Z,DOTUSD,mean_reversion,2.2425403,32000,4800,8000,0,0,87359.99999999948,4656,MAX_POSITION
2025-12-05T09:56:29.052Z,KSMUSD,mean_reversion,8.448439999999998,32000,4800,8000,0,0,87360.00000000099,4656,MAX_POSITION
2025-12-05T09:56:30.073Z,DOTUSDC,mean_reversion,2.246244,32000,4800,8000,0,0,87360.00000000103,4656,MAX_POSITION
2025-12-05T09:56:30.473Z,LDOEUR,mean_reversion,0.53053,32000,4800,8000,0,0,87360.00000000163,4656,MAX_POSITION
2025-12-05T09:56:31.603Z,LINKEUR,vwap_pullback,12.068886829999999,32000,4800,8000,0,0,46454.46659904667,4656,MAX_POSITION
2025-12-05T09:56:31.636Z,DOTUSDT,mean_reversion,2.2456433999999996,32000,4800,8000,0,0,87360.00000000051,4656,MAX_POSITION
2025-12-05T09:56:32.729Z,LINKUSDT,vwap_pullback,14.072138079999998,32000,4800,8000,0,0,76335.11948249959,4656,MAX_POSITION
2025-12-05T09:56:33.315Z,XETCZUSD,mean_reversion,13.606592999999998,32000,4800,8000,0,0,87360.00000000086,4656,MAX_POSITION
2025-12-05T09:56:34.255Z,XLTCZEUR,mean_reversion,70.65057999999999,32000,4800,8000,0,0,87360.00000000124,4656,MAX_POSITION
2025-12-05T09:56:34.689Z,ETHFIEUR,mean_reversion,0.6881875,32000,4800,8000,0,0,87360.00000000096,4656,MAX_POSITION
2025-12-05T09:56:35.685Z,XLTCZUSD,mean_reversion,82.24215999999998,32000,4800,8000,0,0,87360.00000000083,4656,MAX_POSITION
2025-12-05T09:56:36.083Z,ETHFIUSD,mean_reversion,0.7996989,32000,4800,8000,0,0,87360.0000000004,4656,MAX_POSITION
2025-12-05T09:56:37.185Z,EURCAD,vwap_pullback,1.6267250999999998,32000,4800,8000,0,0,229660.78517511568,4656,MAX_POSITION
2025-12-05T09:56:38.283Z,MNTUSD,mean_reversion,1.0444434,32000,4800,8000,0,0,87360.00000000022,4656,MAX_POSITION
2025-12-05T09:56:38.881Z,EWTUSD,mean_reversion,0.6906899999999999,32000,4800,8000,0,0,87360.00000000016,4656,MAX_POSITION
2025-12-05T09:56:39.586Z,NANOEUR,mean_reversion,0.7067250189999998,32000,4800,8000,0,0,87360.00000000096,4656,MAX_POSITION
2025-12-05T09:56:40.223Z,FORTHUSD,mean_reversion,1.738737,32000,4800,8000,0,0,87360.00000000007,4656,MAX_POSITION
2025-12-05T09:56:40.991Z,NOSUSD,mean_reversion,0.267267,32000,4800,8000,0,0,87360.00000000096,4656,MAX_POSITION
2025-12-05T09:56:41.642Z,KSMEUR,mean_reversion,7.257249999999999,32000,4800,8000,0,0,87360.00000000122,4656,MAX_POSITION
2025-12-05T09:56:42.077Z,OPEUR,mean_reversion,0.272272,32000,4800,8000,0,0,87360.00000000016,4656,MAX_POSITION
2025-12-05T09:56:42.135Z,ADAAUD,mean_reversion,0.65049985,32000,4800,8000,0,0,87360.00000000103,4656,MAX_POSITION
2025-12-05T09:56:43.216Z,KSMUSD,mean_reversion,8.448439999999998,32000,4800,8000,0,0,87360.00000000099,4656,MAX_POSITION
2025-12-05T09:56:43.265Z,ADAEUR,mean_reversion,0.37037,32000,4800,8000,0,0,87360.0000000008,4656,MAX_POSITION
2025-12-05T09:56:43.407Z,OPUSD,mean_reversion,0.3162159,32000,4800,8000,0,0,87359.99999999993,4656,MAX_POSITION
2025-12-05T09:56:44.323Z,LDOEUR,mean_reversion,0.53053,32000,4800,8000,0,0,87360.00000000163,4656,MAX_POSITION
2025-12-05T09:56:44.361Z,ADAGBP,mean_reversion,0.32278246,32000,4800,8000,0,0,87360.00000000023,4656,MAX_POSITION
2025-12-05T09:56:45.055Z,RUNEEUR,mean_reversion,0.5745739999999999,32000,4800,8000,0,0,87360.00000000095,4656,MAX_POSITION
2025-12-05T09:56:45.392Z,LINKEUR,vwap_pullback,12.068886829999999,32000,4800,8000,0,0,46454.46659904667,4656,MAX_POSITION
2025-12-05T09:56:45.466Z,ADAUSDC,mean_reversion,0.43210667499999994,32000,4800,8000,0,0,87360.000000001,4656,MAX_POSITION
2025-12-05T09:56:46.674Z,ADAUSDT,mean_reversion,0.43108565499999996,32000,4800,8000,0,0,87360.00000000061,4656,MAX_POSITION
2025-12-05T09:56:46.717Z,RUNEUSD,mean_reversion,0.658658,32000,4800,8000,0,0,87360.0000000004,4656,MAX_POSITION
2025-12-05T09:56:47.054Z,LINKUSDT,vwap_pullback,14.072138079999998,32000,4800,8000,0,0,76335.11948249959,4656,MAX_POSITION
2025-12-05T09:56:48.014Z,ATOMEUR,mean_reversion,1.9505485999999999,32000,4800,8000,0,0,87360.00000000057,4656,MAX_POSITION
2025-12-05T09:56:48.335Z,SOSOUSD,mean_reversion,0.6022016,32000,4800,8000,0,0,87359.99999999999,4656,MAX_POSITION
2025-12-05T09:56:48.474Z,XLTCZEUR,mean_reversion,70.65057999999999,32000,4800,8000,0,0,87360.00000000124,4656,MAX_POSITION
2025-12-05T09:56:49.405Z,ATOMUSD,mean_reversion,2.2727705,32000,4800,8000,0,0,87359.99999999985,4656,MAX_POSITION
2025-12-05T09:56:49.694Z,TONEUR,mean_reversion,1.3603589999999999,32000,4800,8000,0,0,87360.0000000007,4656,MAX_POSITION
2025-12-05T09:56:50.220Z,XLTCZUSD,mean_reversion,82.24215999999998,32000,4800,8000,0,0,87360.00000000083,4656,MAX_POSITION
2025-12-05T09:56:51.120Z,TONUSD,mean_reversion,1.5835819999999998,32000,4800,8000,0,0,87360.00000000151,4656,MAX_POSITION
2025-12-05T09:56:52.393Z,CVXUSD,mean_reversion,1.8238219999999998,32000,4800,8000,0,0,87360.00000000047,4656,MAX_POSITION
2025-12-05T09:56:52.443Z,TRUMPUSD,mean_reversion,5.907901999999999,32000,4800,8000,0,0,87360.00000000097,4656,MAX_POSITION
2025-12-05T09:56:53.298Z,MNTUSD,mean_reversion,1.0444434,32000,4800,8000,0,0,87360.00000000022,4656,MAX_POSITION
2025-12-05T09:56:53.808Z,DOTEUR,mean_reversion,1.9262242999999997,32000,4800,8000,0,0,87360.00000000045,4656,MAX_POSITION
2025-12-05T09:56:54.607Z,UNIEUR,mean_reversion,4.997993,32000,4800,8000,0,0,87360.00000000063,4656,MAX_POSITION
2025-12-05T09:56:54.684Z,NANOEUR,mean_reversion,0.7067250189999998,32000,4800,8000,0,0,87360.00000000096,4656,MAX_POSITION
2025-12-05T09:56:55.602Z,DOTGBP,mean_reversion,1.6791774999999998,32000,4800,8000,0,0,87360.00000000112,4656,MAX_POSITION
2025-12-05T09:56:56.055Z,NOSUSD,mean_reversion,0.267267,32000,4800,8000,0,0,87360.00000000096,4656,MAX_POSITION
2025-12-05T09:56:56.223Z,USDCHF,vwap_pullback,0.80383303,32000,4800,8000,0,0,186209.85507246043,4656,MAX_POSITION
2025-12-05T09:56:57.005Z,DOTUSD,mean_reversion,2.2425403,32000,4800,8000,0,0,87359.99999999948,4656,MAX_POSITION
2025-12-05T09:56:57.578Z,WLDEUR,mean_reversion,0.525525,32000,4800,8000,0,0,87360.0000000004,4656,MAX_POSITION
2025-12-05T09:56:57.585Z,OPEUR,mean_reversion,0.272272,32000,4800,8000,0,0,87360.00000000016,4656,MAX_POSITION
2025-12-05T09:56:58.498Z,DOTUSDC,mean_reversion,2.246244,32000,4800,8000,0,0,87360.00000000103,4656,MAX_POSITION
2025-12-05T09:56:58.696Z,OPUSD,mean_reversion,0.3162159,32000,4800,8000,0,0,87359.99999999993,4656,MAX_POSITION
2025-12-05T09:56:59.224Z,XRPRLUSD,mean_reversion,2.06594388,32000,4800,8000,0,0,87360.00000000137,4656,MAX_POSITION
2025-12-05T09:56:59.864Z,DOTUSDT,mean_reversion,2.2456433999999996,32000,4800,8000,0,0,87360.00000000051,4656,MAX_POSITION
2025-12-05T09:57:00.299Z,RUNEEUR,mean_reversion,0.5745739999999999,32000,4800,8000,0,0,87360.00000000095,4656,MAX_POSITION
2025-12-05T09:57:00.541Z,XTZEUR,mean_reversion,0.4215210999999999,32000,4800,8000,0,0,87360.00000000051,4656,MAX_POSITION
2025-12-05T09:57:01.179Z,XETCZUSD,mean_reversion,13.606592999999998,32000,4800,8000,0,0,87360.00000000086,4656,MAX_POSITION
2025-12-05T09:57:01.434Z,RUNEUSD,mean_reversion,0.658658,32000,4800,8000,0,0,87360.0000000004,4656,MAX_POSITION
2025-12-05T09:57:02.109Z,XTZUSD,mean_reversion,0.49038989999999993,32000,4800,8000,0,0,87360.00000000131,4656,MAX_POSITION
2025-12-05T09:57:02.536Z,ETHFIEUR,mean_reversion,0.6881875,32000,4800,8000,0,0,87360.00000000096,4656,MAX_POSITION
2025-12-05T09:57:03.099Z,SOSOUSD,mean_reversion,0.6022016,32000,4800,8000,0,0,87359.99999999999,4656,MAX_POSITION
2025-12-05T09:57:03.880Z,ETHFIUSD,mean_reversion,0.7996989,32000,4800,8000,0,0,87360.0000000004,4656,MAX_POSITION
2025-12-05T09:57:04.628Z,TONEUR,mean_reversion,1.3603589999999999,32000,4800,8000,0,0,87360.0000000007,4656,MAX_POSITION
2025-12-05T09:57:05.001Z,EURCAD,vwap_pullback,1.6267250999999998,32000,4800,8000,0,0,229660.78517511568,4656,MAX_POSITION
2025-12-05T09:57:06.022Z,TONUSD,mean_reversion,1.5835819999999998,32000,4800,8000,0,0,87360.00000000151,4656,MAX_POSITION
2025-12-05T09:57:06.103Z,EWTUSD,mean_reversion,0.6906899999999999,32000,4800,8000,0,0,87360.00000000016,4656,MAX_POSITION
2025-12-05T09:57:07.462Z,FORTHUSD,mean_reversion,1.738737,32000,4800,8000,0,0,87360.00000000007,4656,MAX_POSITION
2025-12-05T09:57:07.627Z,TRUMPUSD,mean_reversion,5.907901999999999,32000,4800,8000,0,0,87360.00000000097,4656,MAX_POSITION
2025-12-05T09:57:08.962Z,KSMEUR,mean_reversion,7.257249999999999,32000,4800,8000,0,0,87360.00000000122,4656,MAX_POSITION
2025-12-05T09:57:09.524Z,UNIEUR,mean_reversion,4.997993,32000,4800,8000,0,0,87360.00000000063,4656,MAX_POSITION
2025-12-05T09:57:10.285Z,KSMUSD,mean_reversion,8.448439999999998,32000,4800,8000,0,0,87360.00000000099,4656,MAX_POSITION
2025-12-05T09:57:11.033Z,USDCHF,vwap_pullback,0.80383303,32000,4800,8000,0,0,186209.85507246043,4656,MAX_POSITION
2025-12-05T09:57:11.373Z,LDOEUR,mean_reversion,0.53053,32000,4800,8000,0,0,87360.00000000163,4656,MAX_POSITION
2025-12-05T09:57:12.362Z,WLDEUR,mean_reversion,0.525525,32000,4800,8000,0,0,87360.0000000004,4656,MAX_POSITION
2025-12-05T09:57:12.494Z,LINKEUR,vwap_pullback,12.068886829999999,32000,4800,8000,0,0,46454.46659904667,4656,MAX_POSITION
2025-12-05T09:57:13.934Z,LINKUSDT,vwap_pullback,14.072138079999998,32000,4800,8000,0,0,76335.11948249959,4656,MAX_POSITION
2025-12-05T09:57:14.158Z,XRPRLUSD,mean_reversion,2.06594388,32000,4800,8000,0,0,87360.00000000137,4656,MAX_POSITION
2025-12-05T09:57:15.232Z,XTZEUR,mean_reversion,0.4215210999999999,32000,4800,8000,0,0,87360.00000000051,4656,MAX_POSITION
2025-12-05T09:57:15.381Z,XLTCZEUR,mean_reversion,70.65057999999999,32000,4800,8000,0,0,87360.00000000124,4656,MAX_POSITION
2025-12-05T09:57:16.616Z,XTZUSD,mean_reversion,0.49038989999999993,32000,4800,8000,0,0,87360.00000000131,4656,MAX_POSITION
2025-12-05T09:57:17.103Z,XLTCZUSD,mean_reversion,82.22214,32000,4800,8000,0,0,87360.00000000073,4656,MAX_POSITION
2025-12-05T09:57:19.923Z,MNTUSD,mean_reversion,1.0444434,32000,4800,8000,0,0,87360.00000000022,4656,MAX_POSITION
2025-12-05T09:57:21.036Z,NANOEUR,mean_reversion,0.7067250189999998,32000,4800,8000,0,0,87360.00000000096,4656,MAX_POSITION
2025-12-05T09:57:22.576Z,NOSUSD,mean_reversion,0.267267,32000,4800,8000,0,0,87360.00000000096,4656,MAX_POSITION
2025-12-05T09:57:24.051Z,OPEUR,mean_reversion,0.272272,32000,4800,8000,0,0,87360.00000000016,4656,MAX_POSITION
2025-12-05T09:57:25.429Z,OPUSD,mean_reversion,0.3162159,32000,4800,8000,0,0,87359.99999999993,4656,MAX_POSITION
2025-12-05T09:57:26.830Z,RUNEEUR,mean_reversion,0.5745739999999999,32000,4800,8000,0,0,87360.00000000095,4656,MAX_POSITION
2025-12-05T09:57:27.964Z,RUNEUSD,mean_reversion,0.658658,32000,4800,8000,0,0,87360.0000000004,4656,MAX_POSITION
2025-12-05T09:57:29.886Z,SOSOUSD,mean_reversion,0.6022016,32000,4800,8000,0,0,87359.99999999999,4656,MAX_POSITION
2025-12-05T09:57:32.540Z,TONEUR,mean_reversion,1.36136,32000,4800,8000,0,0,87360.0000000008,4656,MAX_POSITION
2025-12-05T09:57:33.355Z,ADAAUD,mean_reversion,0.65049985,32000,4800,8000,0,0,87360.00000000103,4656,MAX_POSITION
2025-12-05T09:57:33.615Z,TONUSD,mean_reversion,1.5835819999999998,32000,4800,8000,0,0,87360.00000000151,4656,MAX_POSITION
2025-12-05T09:57:34.964Z,TRUMPUSD,mean_reversion,5.907901999999999,32000,4800,8000,0,0,87360.00000000097,4656,MAX_POSITION
2025-12-05T09:57:35.054Z,ADAEUR,mean_reversion,0.37037,32000,4800,8000,0,0,87360.0000000008,4656,MAX_POSITION
2025-12-05T09:57:36.433Z,ADAGBP,mean_reversion,0.32278246,32000,4800,8000,0,0,87360.00000000023,4656,MAX_POSITION
2025-12-05T09:57:37.456Z,UNIEUR,mean_reversion,4.997993,32000,4800,8000,0,0,87360.00000000063,4656,MAX_POSITION
2025-12-05T09:57:37.785Z,ADAUSDC,mean_reversion,0.43210667499999994,32000,4800,8000,0,0,87360.000000001,4656,MAX_POSITION
2025-12-05T09:57:38.898Z,USDCHF,vwap_pullback,0.8037729699999999,32000,4800,8000,0,0,188934.1176470567,4656,MAX_POSITION
2025-12-05T09:57:39.203Z,ADAUSDT,mean_reversion,0.43108565499999996,32000,4800,8000,0,0,87360.00000000061,4656,MAX_POSITION
2025-12-05T09:57:40.297Z,WLDEUR,mean_reversion,0.525525,32000,4800,8000,0,0,87360.0000000004,4656,MAX_POSITION
2025-12-05T09:57:40.836Z,ATOMEUR,mean_reversion,1.9505485999999999,32000,4800,8000,0,0,87360.00000000057,4656,MAX_POSITION
2025-12-05T09:57:41.411Z,XRPRLUSD,mean_reversion,2.06594388,32000,4800,8000,0,0,87360.00000000137,4656,MAX_POSITION
2025-12-05T09:57:42.212Z,ATOMUSD,mean_reversion,2.2727705,32000,4800,8000,0,0,87359.99999999985,4656,MAX_POSITION
2025-12-05T09:57:42.263Z,ADAAUD,mean_reversion,0.65049985,32000,4800,8000,0,0,87360.00000000103,4656,MAX_POSITION
2025-12-05T09:57:42.698Z,XTZEUR,mean_reversion,0.4215210999999999,32000,4800,8000,0,0,87360.00000000051,4656,MAX_POSITION
2025-12-05T09:57:43.568Z,ADAEUR,mean_reversion,0.37037,32000,4800,8000,0,0,87360.0000000008,4656,MAX_POSITION
2025-12-05T09:57:43.849Z,XTZUSD,mean_reversion,0.49038989999999993,32000,4800,8000,0,0,87360.00000000131,4656,MAX_POSITION
2025-12-05T09:57:45.218Z,ADAGBP,mean_reversion,0.32278246,32000,4800,8000,0,0,87360.00000000023,4656,MAX_POSITION
2025-12-05T09:57:45.455Z,CVXUSD,mean_reversion,1.8218199999999998,32000,4800,8000,0,0,87360.00000000128,4656,MAX_POSITION
2025-12-05T09:57:46.520Z,ADAUSDC,mean_reversion,0.43210667499999994,32000,4800,8000,0,0,87360.000000001,4656,MAX_POSITION
2025-12-05T09:57:46.764Z,DOTEUR,mean_reversion,1.9256236999999998,32000,4800,8000,0,0,87360.00000000077,4656,MAX_POSITION
2025-12-05T09:57:47.687Z,ADAUSDT,mean_reversion,0.43108565499999996,32000,4800,8000,0,0,87360.00000000061,4656,MAX_POSITION
2025-12-05T09:57:48.152Z,DOTGBP,mean_reversion,1.6791774999999998,32000,4800,8000,0,0,87360.00000000112,4656,MAX_POSITION
2025-12-05T09:57:49.191Z,ATOMEUR,mean_reversion,1.9505485999999999,32000,4800,8000,0,0,87360.00000000057,4656,MAX_POSITION
2025-12-05T09:57:49.393Z,DOTUSD,mean_reversion,2.2425403,32000,4800,8000,0,0,87359.99999999948,4656,MAX_POSITION
2025-12-05T09:57:50.516Z,DOTUSDC,mean_reversion,2.246244,32000,4800,8000,0,0,87360.00000000103,4656,MAX_POSITION
2025-12-05T09:57:50.567Z,ATOMUSD,mean_reversion,2.2727705,32000,4800,8000,0,0,87359.99999999985,4656,MAX_POSITION
2025-12-05T09:57:51.914Z,DOTUSDT,mean_reversion,2.2456433999999996,32000,4800,8000,0,0,87360.00000000051,4656,MAX_POSITION
2025-12-05T09:57:53.278Z,XETCZUSD,mean_reversion,13.606592999999998,32000,4800,8000,0,0,87360.00000000086,4656,MAX_POSITION
2025-12-05T09:57:54.282Z,CVXUSD,mean_reversion,1.8218199999999998,32000,4800,8000,0,0,87360.00000000128,4656,MAX_POSITION
2025-12-05T09:57:54.938Z,ETHFIEUR,mean_reversion,0.6881875,32000,4800,8000,0,0,87360.00000000096,4656,MAX_POSITION
2025-12-05T09:57:55.968Z,DOTEUR,mean_reversion,1.9256236999999998,32000,4800,8000,0,0,87360.00000000077,4656,MAX_POSITION
2025-12-05T09:57:56.308Z,ETHFIUSD,mean_reversion,0.7996989,32000,4800,8000,0,0,87360.0000000004,4656,MAX_POSITION
2025-12-05T09:57:57.324Z,DOTGBP,mean_reversion,1.6791774999999998,32000,4800,8000,0,0,87360.00000000112,4656,MAX_POSITION
2025-12-05T09:57:57.417Z,EURCAD,vwap_pullback,1.6267250999999998,32000,4800,8000,0,0,229660.78517511568,4656,MAX_POSITION
2025-12-05T09:57:58.398Z,EWTUSD,mean_reversion,0.6906899999999999,32000,4800,8000,0,0,87360.00000000016,4656,MAX_POSITION
2025-12-05T09:57:58.465Z,DOTUSD,mean_reversion,2.2425403,32000,4800,8000,0,0,87359.99999999948,4656,MAX_POSITION
2025-12-05T09:57:59.800Z,FORTHUSD,mean_reversion,1.738737,32000,4800,8000,0,0,87360.00000000007,4656,MAX_POSITION
2025-12-05T09:57:59.866Z,DOTUSDC,mean_reversion,2.246244,32000,4800,8000,0,0,87360.00000000103,4656,MAX_POSITION
2025-12-05T09:58:00.892Z,KSMEUR,mean_reversion,7.257249999999999,32000,4800,8000,0,0,87360.00000000122,4656,MAX_POSITION
2025-12-05T09:58:01.325Z,DOTUSDT,mean_reversion,2.2456433999999996,32000,4800,8000,0,0,87360.00000000051,4656,MAX_POSITION
2025-12-05T09:58:01.922Z,KSMUSD,mean_reversion,8.448439999999998,32000,4800,8000,0,0,87360.00000000099,4656,MAX_POSITION
2025-12-05T09:58:02.751Z,XETCZUSD,mean_reversion,13.606592999999998,32000,4800,8000,0,0,87360.00000000086,4656,MAX_POSITION
2025-12-05T09:58:03.123Z,LDOEUR,mean_reversion,0.53053,32000,4800,8000,0,0,87360.00000000163,4656,MAX_POSITION
2025-12-05T09:58:04.396Z,ETHFIEUR,mean_reversion,0.6881875,32000,4800,8000,0,0,87360.00000000096,4656,MAX_POSITION
2025-12-05T09:58:04.505Z,LINKEUR,vwap_pullback,12.076344279999999,32000,4800,8000,0,0,45134.93317989474,4656,MAX_POSITION
2025-12-05T09:58:05.583Z,ETHFIUSD,mean_reversion,0.7996989,32000,4800,8000,0,0,87360.0000000004,4656,MAX_POSITION
2025-12-05T09:58:06.253Z,LINKUSD,vwap_pullback,14.055251209999998,32000,4800,8000,0,0,81979.28556333222,4656,MAX_POSITION
2025-12-05T09:58:06.278Z,AKT/USD,vwap_pullback,0.45385339999999996,32000,4800,8000,0,10258.819257495923,4656,4656,PASS
2025-12-05T09:58:06.685Z,EURCAD,vwap_pullback,1.6267250999999998,32000,4800,8000,0,0,229660.78517511568,4656,MAX_POSITION
2025-12-05T09:58:07.263Z,LINKUSDT,vwap_pullback,14.072138079999998,32000,4800,8000,0,0,76335.11948249959,4656,MAX_POSITION
2025-12-05T09:58:08.220Z,EWTUSD,mean_reversion,0.6906899999999999,32000,4800,8000,0,0,87360.00000000016,4656,MAX_POSITION
2025-12-05T09:58:08.583Z,XLTCZEUR,mean_reversion,70.65057999999999,32000,4800,8000,0,0,87360.00000000124,4656,MAX_POSITION
2025-12-05T09:58:09.474Z,FORTHUSD,mean_reversion,1.738737,32000,4800,8000,0,0,87360.00000000007,4656,MAX_POSITION
2025-12-05T09:58:09.728Z,TIA/USD,vwap_pullback,0.6149142999999999,32000,4800,8000,0,7571.786832734254,4656,4656,PASS
2025-12-05T09:58:10.054Z,XLTCZUSD,mean_reversion,82.23214999999999,32000,4800,8000,0,0,87360.00000000146,4656,MAX_POSITION
2025-12-05T09:58:10.722Z,KSMEUR,mean_reversion,7.257249999999999,32000,4800,8000,0,0,87360.00000000122,4656,MAX_POSITION
2025-12-05T09:58:11.868Z,KSMUSD,mean_reversion,8.448439999999998,32000,4800,8000,0,0,87360.00000000099,4656,MAX_POSITION
2025-12-05T09:58:13.058Z,MEUSD,mean_reversion,0.3362358999999999,32000,4800,8000,0,0,87360.00000000127,4656,MAX_POSITION
2025-12-05T09:58:13.332Z,LDOEUR,mean_reversion,0.53053,32000,4800,8000,0,0,87360.00000000163,4656,MAX_POSITION
2025-12-05T09:58:14.457Z,LINKEUR,vwap_pullback,12.076344279999999,32000,4800,8000,0,0,45134.93317989474,4656,MAX_POSITION
2025-12-05T09:58:14.464Z,MNTUSD,mean_reversion,1.0444434,32000,4800,8000,0,0,87360.00000000022,4656,MAX_POSITION
2025-12-05T09:58:15.709Z,LINKUSD,vwap_pullback,14.055251209999998,32000,4800,8000,0,0,81979.28556333222,4656,MAX_POSITION
2025-12-05T09:58:15.839Z,NANOEUR,mean_reversion,0.7067250189999998,32000,4800,8000,0,0,87360.00000000096,4656,MAX_POSITION
2025-12-05T09:58:17.099Z,LINKUSDT,vwap_pullback,14.072138079999998,32000,4800,8000,0,0,76335.11948249959,4656,MAX_POSITION
2025-12-05T09:58:17.649Z,NOSUSD,mean_reversion,0.267267,32000,4800,8000,0,0,87360.00000000096,4656,MAX_POSITION
2025-12-05T09:58:18.622Z,XLTCZEUR,mean_reversion,70.65057999999999,32000,4800,8000,0,0,87360.00000000124,4656,MAX_POSITION
2025-12-05T09:58:19.662Z,OPEUR,mean_reversion,0.272272,32000,4800,8000,0,0,87360.00000000016,4656,MAX_POSITION
2025-12-05T09:58:19.994Z,XLTCZUSD,mean_reversion,82.23214999999999,32000,4800,8000,0,0,87360.00000000146,4656,MAX_POSITION
2025-12-05T09:58:21.397Z,OPUSD,mean_reversion,0.31691659999999994,32000,4800,8000,0,0,87360.00000000131,4656,MAX_POSITION
2025-12-05T09:58:22.890Z,MEUSD,mean_reversion,0.3362358999999999,32000,4800,8000,0,0,87360.00000000127,4656,MAX_POSITION
2025-12-05T09:58:23.049Z,RUNEEUR,mean_reversion,0.5745739999999999,32000,4800,8000,0,0,87360.00000000095,4656,MAX_POSITION
2025-12-05T09:58:24.144Z,MNTUSD,mean_reversion,1.0444434,32000,4800,8000,0,0,87360.00000000022,4656,MAX_POSITION
2025-12-05T09:58:24.501Z,RUNEUSD,mean_reversion,0.658658,32000,4800,8000,0,0,87360.0000000004,4656,MAX_POSITION
2025-12-05T09:58:25.590Z,SOSOUSD,mean_reversion,0.6022016,32000,4800,8000,0,0,87359.99999999999,4656,MAX_POSITION
2025-12-05T09:58:25.758Z,NANOEUR,mean_reversion,0.7067250189999998,32000,4800,8000,0,0,87360.00000000096,4656,MAX_POSITION
2025-12-05T09:58:26.750Z,TONEUR,mean_reversion,1.36136,32000,4800,8000,0,0,87360.0000000008,4656,MAX_POSITION
2025-12-05T09:58:27.499Z,NOSUSD,mean_reversion,0.267267,32000,4800,8000,0,0,87360.00000000096,4656,MAX_POSITION
2025-12-05T09:58:28.373Z,TONUSD,mean_reversion,1.5835819999999998,32000,4800,8000,0,0,87360.00000000151,4656,MAX_POSITION
2025-12-05T09:58:29.181Z,OPEUR,mean_reversion,0.272272,32000,4800,8000,0,0,87360.00000000016,4656,MAX_POSITION
2025-12-05T09:58:29.667Z,ADAAUD,mean_reversion,0.65049985,32000,4800,8000,0,0,87360.00000000103,4656,MAX_POSITION
2025-12-05T09:58:29.705Z,TRUMPUSD,mean_reversion,5.9069009999999995,32000,4800,8000,0,0,87360.00000000067,4656,MAX_POSITION
2025-12-05T09:58:30.552Z,OPUSD,mean_reversion,0.31691659999999994,32000,4800,8000,0,0,87360.00000000131,4656,MAX_POSITION
2025-12-05T09:58:30.861Z,ADAEUR,mean_reversion,0.37037,32000,4800,8000,0,0,87360.0000000008,4656,MAX_POSITION
2025-12-05T09:58:31.667Z,RUNEEUR,mean_reversion,0.5745739999999999,32000,4800,8000,0,0,87360.00000000095,4656,MAX_POSITION
2025-12-05T09:58:31.791Z,UNIEUR,mean_reversion,4.997993,32000,4800,8000,0,0,87360.00000000063,4656,MAX_POSITION
2025-12-05T09:58:31.983Z,ADAGBP,mean_reversion,0.32294261999999996,32000,4800,8000,0,0,87360.00000000116,4656,MAX_POSITION
2025-12-05T09:58:33.091Z,ADAUSDC,mean_reversion,0.43210667499999994,32000,4800,8000,0,0,87360.000000001,4656,MAX_POSITION
2025-12-05T09:58:33.297Z,RUNEUSD,mean_reversion,0.658658,32000,4800,8000,0,0,87360.0000000004,4656,MAX_POSITION
2025-12-05T09:58:33.562Z,USDCHF,vwap_pullback,0.8036528499999999,32000,4800,8000,0,0,194630.30303030356,4656,MAX_POSITION
2025-12-05T09:58:34.205Z,ADAUSDT,mean_reversion,0.4316061749999999,32000,4800,8000,0,0,87360.00000000084,4656,MAX_POSITION
2025-12-05T09:58:34.646Z,SOSOUSD,mean_reversion,0.6022016,32000,4800,8000,0,0,87359.99999999999,4656,MAX_POSITION
2025-12-05T09:58:35.237Z,WLDEUR,mean_reversion,0.525525,32000,4800,8000,0,0,87360.0000000004,4656,MAX_POSITION
2025-12-05T09:58:35.592Z,ATOMEUR,mean_reversion,1.9505485999999999,32000,4800,8000,0,0,87360.00000000057,4656,MAX_POSITION
2025-12-05T09:58:36.127Z,TONEUR,mean_reversion,1.36136,32000,4800,8000,0,0,87360.0000000008,4656,MAX_POSITION
2025-12-05T09:58:36.350Z,XRPRLUSD,mean_reversion,2.06594388,32000,4800,8000,0,0,87360.00000000137,4656,MAX_POSITION
2025-12-05T09:58:37.002Z,ATOMUSD,mean_reversion,2.2728705999999996,32000,4800,8000,0,0,87360.00000000148,4656,MAX_POSITION
2025-12-05T09:58:37.446Z,XTZEUR,mean_reversion,0.4215210999999999,32000,4800,8000,0,0,87360.00000000051,4656,MAX_POSITION
2025-12-05T09:58:37.755Z,TONUSD,mean_reversion,1.5845829999999999,32000,4800,8000,0,0,87360.0000000005,4656,MAX_POSITION
2025-12-05T09:58:39.126Z,XTZUSD,mean_reversion,0.49038989999999993,32000,4800,8000,0,0,87360.00000000131,4656,MAX_POSITION
2025-12-05T09:58:39.226Z,TRUMPUSD,mean_reversion,5.9069009999999995,32000,4800,8000,0,0,87360.00000000067,4656,MAX_POSITION
2025-12-05T09:58:39.988Z,CVXUSD,mean_reversion,1.8218199999999998,32000,4800,8000,0,0,87360.00000000128,4656,MAX_POSITION
2025-12-05T09:58:41.022Z,UNIEUR,mean_reversion,4.997993,32000,4800,8000,0,0,87360.00000000063,4656,MAX_POSITION
2025-12-05T09:58:41.381Z,DOTEUR,mean_reversion,1.9256236999999998,32000,4800,8000,0,0,87360.00000000077,4656,MAX_POSITION
2025-12-05T09:58:41.865Z,ADAAUD,mean_reversion,0.65049985,32000,4800,8000,0,0,87360.00000000103,4656,MAX_POSITION
2025-12-05T09:58:42.122Z,USDCHF,vwap_pullback,0.8036528499999999,32000,4800,8000,0,0,194630.30303030356,4656,MAX_POSITION
2025-12-05T09:58:42.967Z,ADAEUR,mean_reversion,0.37037,32000,4800,8000,0,0,87360.0000000008,4656,MAX_POSITION
2025-12-05T09:58:43.058Z,DOTGBP,mean_reversion,1.6791774999999998,32000,4800,8000,0,0,87360.00000000112,4656,MAX_POSITION
2025-12-05T09:58:43.491Z,WLDEUR,mean_reversion,0.525525,32000,4800,8000,0,0,87360.0000000004,4656,MAX_POSITION
2025-12-05T09:58:44.655Z,ADAGBP,mean_reversion,0.32294261999999996,32000,4800,8000,0,0,87360.00000000116,4656,MAX_POSITION
2025-12-05T09:58:44.684Z,DOTUSD,mean_reversion,2.2425403,32000,4800,8000,0,0,87359.99999999948,4656,MAX_POSITION
2025-12-05T09:58:44.794Z,XRPRLUSD,mean_reversion,2.06594388,32000,4800,8000,0,0,87360.00000000137,4656,MAX_POSITION
2025-12-05T09:58:45.879Z,XTZEUR,mean_reversion,0.4215210999999999,32000,4800,8000,0,0,87360.00000000051,4656,MAX_POSITION
2025-12-05T09:58:45.977Z,DOTUSDC,mean_reversion,2.246244,32000,4800,8000,0,0,87360.00000000103,4656,MAX_POSITION
2025-12-05T09:58:46.128Z,ADAUSDC,mean_reversion,0.43210667499999994,32000,4800,8000,0,0,87360.000000001,4656,MAX_POSITION
2025-12-05T09:58:47.140Z,XTZUSD,mean_reversion,0.49038989999999993,32000,4800,8000,0,0,87360.00000000131,4656,MAX_POSITION
2025-12-05T09:58:47.770Z,DOTUSDT,mean_reversion,2.2456433999999996,32000,4800,8000,0,0,87360.00000000051,4656,MAX_POSITION
2025-12-05T09:58:47.852Z,ADAUSDT,mean_reversion,0.4316061749999999,32000,4800,8000,0,0,87360.00000000084,4656,MAX_POSITION
2025-12-05T09:58:49.388Z,XETCZUSD,mean_reversion,13.606592999999998,32000,4800,8000,0,0,87360.00000000086,4656,MAX_POSITION
2025-12-05T09:58:49.795Z,ATOMEUR,mean_reversion,1.9505485999999999,32000,4800,8000,0,0,87360.00000000057,4656,MAX_POSITION
2025-12-05T09:58:50.774Z,ETHFIEUR,mean_reversion,0.6881875,32000,4800,8000,0,0,87360.00000000096,4656,MAX_POSITION
2025-12-05T09:58:51.153Z,ATOMUSD,mean_reversion,2.2728705999999996,32000,4800,8000,0,0,87360.00000000148,4656,MAX_POSITION
2025-12-05T09:58:51.863Z,ETHFIUSD,mean_reversion,0.7996989,32000,4800,8000,0,0,87360.0000000004,4656,MAX_POSITION
2025-12-05T09:58:52.275Z,AKT/USD,vwap_pullback,0.45385339999999996,32000,4800,8000,0,10258.819257495923,4656,4656,PASS
2025-12-05T09:58:53.219Z,EURCAD,vwap_pullback,1.6267250999999998,32000,4800,8000,0,0,229660.78517511568,4656,MAX_POSITION
2025-12-05T09:58:54.204Z,CVXUSD,mean_reversion,1.8218199999999998,32000,4800,8000,0,0,87360.00000000128,4656,MAX_POSITION
2025-12-05T09:58:54.790Z,EWTUSD,mean_reversion,0.6906899999999999,32000,4800,8000,0,0,87360.00000000016,4656,MAX_POSITION
2025-12-05T09:58:55.490Z,DOTEUR,mean_reversion,1.9256236999999998,32000,4800,8000,0,0,87360.00000000077,4656,MAX_POSITION
2025-12-05T09:58:56.101Z,FORTHUSD,mean_reversion,1.738737,32000,4800,8000,0,0,87360.00000000007,4656,MAX_POSITION
2025-12-05T09:58:56.550Z,DOTGBP,mean_reversion,1.6791774999999998,32000,4800,8000,0,0,87360.00000000112,4656,MAX_POSITION
2025-12-05T09:58:57.400Z,KSMEUR,mean_reversion,7.257249999999999,32000,4800,8000,0,0,87360.00000000122,4656,MAX_POSITION
2025-12-05T09:58:57.769Z,DOTUSD,mean_reversion,2.2425403,32000,4800,8000,0,0,87359.99999999948,4656,MAX_POSITION
2025-12-05T09:58:58.512Z,KSMUSD,mean_reversion,8.448439999999998,32000,4800,8000,0,0,87360.00000000099,4656,MAX_POSITION
2025-12-05T09:58:59.072Z,DOTUSDC,mean_reversion,2.246244,32000,4800,8000,0,0,87360.00000000103,4656,MAX_POSITION
2025-12-05T09:58:59.518Z,LDOEUR,mean_reversion,0.53053,32000,4800,8000,0,0,87360.00000000163,4656,MAX_POSITION
2025-12-05T09:59:00.582Z,DOTUSDT,mean_reversion,2.2456433999999996,32000,4800,8000,0,0,87360.00000000051,4656,MAX_POSITION
2025-12-05T09:59:00.793Z,LINKEUR,vwap_pullback,12.07418212,32000,4800,8000,0,0,45509.601680704436,4656,MAX_POSITION
2025-12-05T09:59:01.610Z,LINKUSD,vwap_pullback,14.076542479999999,32000,4800,8000,0,0,72700.58974253233,4656,MAX_POSITION
2025-12-05T09:59:01.851Z,XETCZUSD,mean_reversion,13.606592999999998,32000,4800,8000,0,0,87360.00000000086,4656,MAX_POSITION
2025-12-05T09:59:02.671Z,LINKUSDT,vwap_pullback,14.072138079999998,32000,4800,8000,0,0,76335.11948249959,4656,MAX_POSITION
2025-12-05T09:59:03.323Z,ETHFIEUR,mean_reversion,0.6881875,32000,4800,8000,0,0,87360.00000000096,4656,MAX_POSITION
2025-12-05T09:59:04.185Z,XLTCZEUR,mean_reversion,70.63055999999999,32000,4800,8000,0,0,87360.00000000109,4656,MAX_POSITION
2025-12-05T09:59:04.320Z,ETHFIUSD,mean_reversion,0.7996989,32000,4800,8000,0,0,87360.0000000004,4656,MAX_POSITION
2025-12-05T09:59:05.549Z,EURCAD,vwap_pullback,1.6267250999999998,32000,4800,8000,0,0,229660.78517511568,4656,MAX_POSITION
2025-12-05T09:59:05.671Z,XLTCZUSD,mean_reversion,82.24215999999998,32000,4800,8000,0,0,87360.00000000083,4656,MAX_POSITION
2025-12-05T09:59:07.454Z,EWTUSD,mean_reversion,0.6906899999999999,32000,4800,8000,0,0,87360.00000000016,4656,MAX_POSITION
2025-12-05T09:59:08.491Z,FORTHUSD,mean_reversion,1.738737,32000,4800,8000,0,0,87360.00000000007,4656,MAX_POSITION
2025-12-05T09:59:09.304Z,MEUSD,mean_reversion,0.3362358999999999,32000,4800,8000,0,0,87360.00000000127,4656,MAX_POSITION
2025-12-05T09:59:09.535Z,KSMEUR,mean_reversion,7.257249999999999,32000,4800,8000,0,0,87360.00000000122,4656,MAX_POSITION
2025-12-05T09:59:10.181Z,MNTUSD,mean_reversion,1.0444434,32000,4800,8000,0,0,87360.00000000022,4656,MAX_POSITION
2025-12-05T09:59:10.561Z,KSMUSD,mean_reversion,8.448439999999998,32000,4800,8000,0,0,87360.00000000099,4656,MAX_POSITION
2025-12-05T09:59:11.410Z,NANOEUR,mean_reversion,0.7067250189999998,32000,4800,8000,0,0,87360.00000000096,4656,MAX_POSITION
2025-12-05T09:59:11.582Z,LDOEUR,mean_reversion,0.53053,32000,4800,8000,0,0,87360.00000000163,4656,MAX_POSITION
2025-12-05T09:59:12.341Z,ADAAUD,mean_reversion,0.65049985,32000,4800,8000,0,0,87360.00000000103,4656,MAX_POSITION
2025-12-05T09:59:12.625Z,LINKEUR,vwap_pullback,12.07418212,32000,4800,8000,0,0,45509.601680704436,4656,MAX_POSITION
2025-12-05T09:59:12.888Z,NOSUSD,mean_reversion,0.267267,32000,4800,8000,0,0,87360.00000000096,4656,MAX_POSITION
2025-12-05T09:59:13.552Z,LINKUSD,vwap_pullback,14.076542479999999,32000,4800,8000,0,0,72700.58974253233,4656,MAX_POSITION
2025-12-05T09:59:14.134Z,OPEUR,mean_reversion,0.272272,32000,4800,8000,0,0,87360.00000000016,4656,MAX_POSITION
2025-12-05T09:59:14.164Z,ADAEUR,mean_reversion,0.37037,32000,4800,8000,0,0,87360.0000000008,4656,MAX_POSITION
2025-12-05T09:59:14.825Z,LINKUSDT,vwap_pullback,14.072138079999998,32000,4800,8000,0,0,76335.11948249959,4656,MAX_POSITION
2025-12-05T09:59:15.198Z,OPUSD,mean_reversion,0.31691659999999994,32000,4800,8000,0,0,87360.00000000131,4656,MAX_POSITION
2025-12-05T09:59:15.697Z,ADAGBP,mean_reversion,0.32294261999999996,32000,4800,8000,0,0,87360.00000000116,4656,MAX_POSITION
2025-12-05T09:59:16.084Z,XLTCZEUR,mean_reversion,70.64056999999998,32000,4800,8000,0,0,87360.00000000035,4656,MAX_POSITION
2025-12-05T09:59:16.440Z,RUNEEUR,mean_reversion,0.5745739999999999,32000,4800,8000,0,0,87360.00000000095,4656,MAX_POSITION
2025-12-05T09:59:16.990Z,ADAUSDC,mean_reversion,0.43210667499999994,32000,4800,8000,0,0,87360.000000001,4656,MAX_POSITION
2025-12-05T09:59:17.357Z,XLTCZUSD,mean_reversion,82.24215999999998,32000,4800,8000,0,0,87360.00000000083,4656,MAX_POSITION
2025-12-05T09:59:17.427Z,RUNEUSD,mean_reversion,0.658658,32000,4800,8000,0,0,87360.0000000004,4656,MAX_POSITION
2025-12-05T09:59:18.155Z,ADAUSDT,mean_reversion,0.4316061749999999,32000,4800,8000,0,0,87360.00000000084,4656,MAX_POSITION
2025-12-05T09:59:18.823Z,SOSOUSD,mean_reversion,0.6022016,32000,4800,8000,0,0,87359.99999999999,4656,MAX_POSITION
2025-12-05T09:59:19.167Z,MEUSD,mean_reversion,0.3362358999999999,32000,4800,8000,0,0,87360.00000000127,4656,MAX_POSITION
2025-12-05T09:59:19.486Z,ATOMEUR,mean_reversion,1.9505485999999999,32000,4800,8000,0,0,87360.00000000057,4656,MAX_POSITION
2025-12-05T09:59:19.905Z,TONEUR,mean_reversion,1.362361,32000,4800,8000,0,0,87359.99999999959,4656,MAX_POSITION
2025-12-05T09:59:20.250Z,MNTUSD,mean_reversion,1.0444434,32000,4800,8000,0,0,87360.00000000022,4656,MAX_POSITION
2025-12-05T09:59:20.853Z,ATOMUSD,mean_reversion,2.2728705999999996,32000,4800,8000,0,0,87360.00000000148,4656,MAX_POSITION
2025-12-05T09:59:21.186Z,TONUSD,mean_reversion,1.5845829999999999,32000,4800,8000,0,0,87360.0000000005,4656,MAX_POSITION
2025-12-05T09:59:21.840Z,NANOEUR,mean_reversion,0.7067250189999998,32000,4800,8000,0,0,87360.00000000096,4656,MAX_POSITION
2025-12-05T09:59:22.170Z,TRUMPUSD,mean_reversion,5.9069009999999995,32000,4800,8000,0,0,87360.00000000067,4656,MAX_POSITION
2025-12-05T09:59:23.169Z,NOSUSD,mean_reversion,0.267267,32000,4800,8000,0,0,87360.00000000096,4656,MAX_POSITION
2025-12-05T09:59:23.562Z,CVXUSD,mean_reversion,1.8218199999999998,32000,4800,8000,0,0,87360.00000000128,4656,MAX_POSITION
2025-12-05T09:59:24.056Z,UNIEUR,mean_reversion,4.997993,32000,4800,8000,0,0,87360.00000000063,4656,MAX_POSITION
2025-12-05T09:59:24.430Z,OPEUR,mean_reversion,0.272272,32000,4800,8000,0,0,87360.00000000016,4656,MAX_POSITION
2025-12-05T09:59:25.033Z,DOTEUR,mean_reversion,1.9256236999999998,32000,4800,8000,0,0,87360.00000000077,4656,MAX_POSITION
2025-12-05T09:59:25.526Z,OPUSD,mean_reversion,0.31691659999999994,32000,4800,8000,0,0,87360.00000000131,4656,MAX_POSITION
2025-12-05T09:59:26.048Z,DOTGBP,mean_reversion,1.6791774999999998,32000,4800,8000,0,0,87360.00000000112,4656,MAX_POSITION
2025-12-05T09:59:26.158Z,WLDEUR,mean_reversion,0.525525,32000,4800,8000,0,0,87360.0000000004,4656,MAX_POSITION
2025-12-05T09:59:26.617Z,XRP/GBP,vwap_pullback,1.5444428999999997,32000,4800,8000,0,3014.67927367208,4656,4656,PASS
2025-12-05T09:59:26.779Z,RUNEEUR,mean_reversion,0.5745739999999999,32000,4800,8000,0,0,87360.00000000095,4656,MAX_POSITION
2025-12-05T09:59:27.429Z,XRPRLUSD,mean_reversion,2.06594388,32000,4800,8000,0,0,87360.00000000137,4656,MAX_POSITION
2025-12-05T09:59:27.786Z,DOTUSD,mean_reversion,2.2425403,32000,4800,8000,0,0,87359.99999999948,4656,MAX_POSITION
2025-12-05T09:59:28.030Z,RUNEUSD,mean_reversion,0.658658,32000,4800,8000,0,0,87360.0000000004,4656,MAX_POSITION
2025-12-05T09:59:28.682Z,XTZEUR,mean_reversion,0.4215210999999999,32000,4800,8000,0,0,87360.00000000051,4656,MAX_POSITION
2025-12-05T09:59:29.285Z,SOSOUSD,mean_reversion,0.6022016,32000,4800,8000,0,0,87359.99999999999,4656,MAX_POSITION
2025-12-05T09:59:29.301Z,DOTUSDC,mean_reversion,2.246244,32000,4800,8000,0,0,87360.00000000103,4656,MAX_POSITION
2025-12-05T09:59:29.939Z,XTZUSD,mean_reversion,0.49038989999999993,32000,4800,8000,0,0,87360.00000000131,4656,MAX_POSITION
2025-12-05T09:59:30.587Z,TONEUR,mean_reversion,1.362361,32000,4800,8000,0,0,87359.99999999959,4656,MAX_POSITION
2025-12-05T09:59:30.712Z,DOTUSDT,mean_reversion,2.2456433999999996,32000,4800,8000,0,0,87360.00000000051,4656,MAX_POSITION
2025-12-05T09:59:31.620Z,TONUSD,mean_reversion,1.5845829999999999,32000,4800,8000,0,0,87360.0000000005,4656,MAX_POSITION
2025-12-05T09:59:32.824Z,XETCZUSD,mean_reversion,13.606592999999998,32000,4800,8000,0,0,87360.00000000086,4656,MAX_POSITION
2025-12-05T09:59:32.947Z,TRUMPUSD,mean_reversion,5.9069009999999995,32000,4800,8000,0,0,87360.00000000067,4656,MAX_POSITION
2025-12-05T09:59:33.818Z,ETHFIEUR,mean_reversion,0.6881875,32000,4800,8000,0,0,87360.00000000096,4656,MAX_POSITION
2025-12-05T09:59:34.801Z,ETHFIUSD,mean_reversion,0.7996989,32000,4800,8000,0,0,87360.0000000004,4656,MAX_POSITION
2025-12-05T09:59:35.048Z,UNIEUR,mean_reversion,4.997993,32000,4800,8000,0,0,87360.00000000063,4656,MAX_POSITION
2025-12-05T09:59:36.081Z,EURCAD,vwap_pullback,1.6267250999999998,32000,4800,8000,0,0,229660.78517511568,4656,MAX_POSITION
2025-12-05T09:59:37.233Z,WLDEUR,mean_reversion,0.525525,32000,4800,8000,0,0,87360.0000000004,4656,MAX_POSITION
2025-12-05T09:59:37.656Z,EWTUSD,mean_reversion,0.6906899999999999,32000,4800,8000,0,0,87360.00000000016,4656,MAX_POSITION
2025-12-05T09:59:38.241Z,XRPRLUSD,mean_reversion,2.06594388,32000,4800,8000,0,0,87360.00000000137,4656,MAX_POSITION
2025-12-05T09:59:39.236Z,FORTHUSD,mean_reversion,1.738737,32000,4800,8000,0,0,87360.00000000007,4656,MAX_POSITION
2025-12-05T09:59:39.558Z,XTZEUR,mean_reversion,0.4215210999999999,32000,4800,8000,0,0,87360.00000000051,4656,MAX_POSITION
2025-12-05T09:59:40.205Z,KSMEUR,mean_reversion,7.257249999999999,32000,4800,8000,0,0,87360.00000000122,4656,MAX_POSITION
2025-12-05T09:59:40.496Z,XTZUSD,mean_reversion,0.49038989999999993,32000,4800,8000,0,0,87360.00000000131,4656,MAX_POSITION
2025-12-05T09:59:41.726Z,KSMUSD,mean_reversion,8.448439999999998,32000,4800,8000,0,0,87360.00000000099,4656,MAX_POSITION
2025-12-05T09:59:42.966Z,LDOEUR,mean_reversion,0.53053,32000,4800,8000,0,0,87360.00000000163,4656,MAX_POSITION
2025-12-05T09:59:44.494Z,LINKEUR,vwap_pullback,12.07418212,32000,4800,8000,0,0,45509.601680704436,4656,MAX_POSITION
2025-12-05T09:59:45.655Z,LINKUSD,vwap_pullback,14.06405,32000,4800,8000,0,0,77869.50464811095,4656,MAX_POSITION
2025-12-05T09:59:46.930Z,LINKUSDT,vwap_pullback,14.072138079999998,32000,4800,8000,0,0,76335.11948249959,4656,MAX_POSITION
2025-12-05T09:59:48.269Z,XLTCZEUR,mean_reversion,70.64056999999998,32000,4800,8000,0,0,87360.00000000035,4656,MAX_POSITION
2025-12-05T09:59:50.123Z,XLTCZUSD,mean_reversion,82.24215999999998,32000,4800,8000,0,0,87360.00000000083,4656,MAX_POSITION
2025-12-05T09:59:52.457Z,MEUSD,mean_reversion,0.3362358999999999,32000,4800,8000,0,0,87360.00000000127,4656,MAX_POSITION
2025-12-05T09:59:53.718Z,MNTUSD,mean_reversion,1.0444434,32000,4800,8000,0,0,87360.00000000022,4656,MAX_POSITION
2025-12-05T09:59:54.987Z,NANOEUR,mean_reversion,0.7067250189999998,32000,4800,8000,0,0,87360.00000000096,4656,MAX_POSITION
2025-12-05T09:59:56.240Z,NOSUSD,mean_reversion,0.267267,32000,4800,8000,0,0,87360.00000000096,4656,MAX_POSITION
2025-12-05T09:59:57.185Z,OPEUR,mean_reversion,0.272272,32000,4800,8000,0,0,87360.00000000016,4656,MAX_POSITION
2025-12-05T09:59:58.454Z,OPUSD,mean_reversion,0.31691659999999994,32000,4800,8000,0,0,87360.00000000131,4656,MAX_POSITION
2025-12-05T09:59:59.704Z,RUNEEUR,mean_reversion,0.5645639999999998,32000,4800,8000,0,0,87360.00000000172,4656,MAX_POSITION
2025-12-05T09:59:59.706Z,ADAAUD,mean_reversion,0.65049985,32000,4800,8000,0,0,87360.00000000103,4656,MAX_POSITION
2025-12-05T10:00:00.921Z,ADAEUR,mean_reversion,0.37037,32000,4800,8000,0,0,87360.0000000008,4656,MAX_POSITION
2025-12-05T10:00:00.925Z,RUNEUSD,mean_reversion,0.658658,32000,4800,8000,0,0,87360.0000000004,4656,MAX_POSITION
2025-12-05T10:00:01.923Z,ADAGBP,mean_reversion,0.32294261999999996,32000,4800,8000,0,0,87360.00000000116,4656,MAX_POSITION
2025-12-05T10:00:01.944Z,SOSOUSD,mean_reversion,0.6022016,32000,4800,8000,0,0,87359.99999999999,4656,MAX_POSITION
2025-12-05T10:00:02.949Z,ADAUSDC,mean_reversion,0.43210667499999994,32000,4800,8000,0,0,87360.000000001,4656,MAX_POSITION
2025-12-05T10:00:03.280Z,TONEUR,mean_reversion,1.362361,32000,4800,8000,0,0,87359.99999999959,4656,MAX_POSITION
2025-12-05T10:00:03.885Z,ADAUSDT,mean_reversion,0.4316061749999999,32000,4800,8000,0,0,87360.00000000084,4656,MAX_POSITION
2025-12-05T10:00:04.069Z,TONUSD,mean_reversion,1.5845829999999999,32000,4800,8000,0,0,87360.0000000005,4656,MAX_POSITION
2025-12-05T10:00:05.397Z,ATOMEUR,mean_reversion,1.9505485999999999,32000,4800,8000,0,0,87360.00000000057,4656,MAX_POSITION
2025-12-05T10:00:05.624Z,TRUMPUSD,mean_reversion,5.9069009999999995,32000,4800,8000,0,0,87360.00000000067,4656,MAX_POSITION
2025-12-05T10:00:07.262Z,UNIEUR,mean_reversion,4.997993,32000,4800,8000,0,0,87360.00000000063,4656,MAX_POSITION
2025-12-05T10:00:07.305Z,ATOMUSD,mean_reversion,2.2728705999999996,32000,4800,8000,0,0,87360.00000000148,4656,MAX_POSITION
2025-12-05T10:00:08.470Z,USDCHF,vwap_pullback,0.80366286,32000,4800,8000,0,0,194142.4685138488,4656,MAX_POSITION
2025-12-05T10:00:09.484Z,WLDEUR,mean_reversion,0.525525,32000,4800,8000,0,0,87360.0000000004,4656,MAX_POSITION
2025-12-05T10:00:09.867Z,CVXUSD,mean_reversion,1.8218199999999998,32000,4800,8000,0,0,87360.00000000128,4656,MAX_POSITION
2025-12-05T10:00:10.815Z,XRPRLUSD,mean_reversion,2.06594388,32000,4800,8000,0,0,87360.00000000137,4656,MAX_POSITION
2025-12-05T10:00:11.210Z,DOTEUR,mean_reversion,1.9256236999999998,32000,4800,8000,0,0,87360.00000000077,4656,MAX_POSITION
2025-12-05T10:00:11.834Z,XTZEUR,mean_reversion,0.4215210999999999,32000,4800,8000,0,0,87360.00000000051,4656,MAX_POSITION
2025-12-05T10:00:12.169Z,ADAAUD,mean_reversion,0.65049985,32000,4800,8000,0,0,87360.00000000103,4656,MAX_POSITION
2025-12-05T10:00:12.616Z,DOTGBP,mean_reversion,1.6791774999999998,32000,4800,8000,0,0,87360.00000000112,4656,MAX_POSITION
2025-12-05T10:00:13.104Z,XTZUSD,mean_reversion,0.49038989999999993,32000,4800,8000,0,0,87360.00000000131,4656,MAX_POSITION
2025-12-05T10:00:13.394Z,ADAEUR,mean_reversion,0.370130761,32000,4800,8000,0,0,87360.00000000029,4656,MAX_POSITION
2025-12-05T10:00:13.577Z,DOTUSD,mean_reversion,2.2425403,32000,4800,8000,0,0,87359.99999999948,4656,MAX_POSITION
2025-12-05T10:00:14.611Z,ADAGBP,mean_reversion,0.32294261999999996,32000,4800,8000,0,0,87360.00000000116,4656,MAX_POSITION
2025-12-05T10:00:14.827Z,DOTUSDC,mean_reversion,2.246244,32000,4800,8000,0,0,87360.00000000103,4656,MAX_POSITION
2025-12-05T10:00:15.704Z,ADAUSDC,mean_reversion,0.43210667499999994,32000,4800,8000,0,0,87360.000000001,4656,MAX_POSITION
2025-12-05T10:00:15.816Z,DOTUSDT,mean_reversion,2.2456433999999996,32000,4800,8000,0,0,87360.00000000051,4656,MAX_POSITION
2025-12-05T10:00:16.697Z,ADAUSDT,mean_reversion,0.4316061749999999,32000,4800,8000,0,0,87360.00000000084,4656,MAX_POSITION
2025-12-05T10:00:17.104Z,XETCZUSD,mean_reversion,13.601587999999998,32000,4800,8000,0,0,87360.00000000067,4656,MAX_POSITION
2025-12-05T10:00:17.905Z,ATOMEUR,mean_reversion,1.9505485999999999,32000,4800,8000,0,0,87360.00000000057,4656,MAX_POSITION
2025-12-05T10:00:18.134Z,ETHFIEUR,mean_reversion,0.6881875,32000,4800,8000,0,0,87360.00000000096,4656,MAX_POSITION
2025-12-05T10:00:18.870Z,ATOMUSD,mean_reversion,2.2728705999999996,32000,4800,8000,0,0,87360.00000000148,4656,MAX_POSITION
2025-12-05T10:00:19.149Z,ETHFIUSD,mean_reversion,0.7996989,32000,4800,8000,0,0,87360.0000000004,4656,MAX_POSITION
2025-12-05T10:00:20.474Z,EURCAD,vwap_pullback,1.6267250999999998,32000,4800,8000,0,0,229660.78517511568,4656,MAX_POSITION
2025-12-05T10:00:21.064Z,EURCAD,vwap_bounce,1.6267250999999998,32000,4800,8000,0,0,229660.78517511568,4656,MAX_POSITION
2025-12-05T10:00:21.867Z,CVXUSD,mean_reversion,1.8218199999999998,32000,4800,8000,0,0,87360.00000000128,4656,MAX_POSITION
2025-12-05T10:00:22.119Z,EWTUSD,mean_reversion,0.6906899999999999,32000,4800,8000,0,0,87360.00000000016,4656,MAX_POSITION
2025-12-05T10:00:22.874Z,USD/CHF,vwap_pullback,0.80363283,32000,4800,8000,0,5793.690633569562,4656,4656,PASS
2025-12-05T10:00:23.294Z,DOTEUR,mean_reversion,1.9256236999999998,32000,4800,8000,0,0,87360.00000000077,4656,MAX_POSITION
2025-12-05T10:00:23.411Z,FORTHUSD,sma_trend_ride,1.740474,32000,4800,8000,0,0,108900.15251254568,4656,MAX_POSITION
2025-12-05T10:00:24.020Z,FORTHUSD,mean_reversion,1.738737,32000,4800,8000,0,0,87360.00000000007,4656,MAX_POSITION
2025-12-05T10:00:24.611Z,DOTGBP,mean_reversion,1.6791774999999998,32000,4800,8000,0,0,87360.00000000112,4656,MAX_POSITION
2025-12-05T10:00:25.020Z,FARTCOIN/EUR,vwap_pullback,0.30940909999999994,32000,4800,8000,0,15048.03834147089,4656,4656,PASS
2025-12-05T10:00:25.402Z,KSMEUR,mean_reversion,7.257249999999999,32000,4800,8000,0,0,87360.00000000122,4656,MAX_POSITION
2025-12-05T10:00:25.695Z,DOTUSD,mean_reversion,2.2425403,32000,4800,8000,0,0,87359.99999999948,4656,MAX_POSITION
2025-12-05T10:00:26.347Z,KSMUSD,mean_reversion,8.448439999999998,32000,4800,8000,0,0,87360.00000000099,4656,MAX_POSITION
2025-12-05T10:00:26.943Z,DOTUSDC,mean_reversion,2.246244,32000,4800,8000,0,0,87360.00000000103,4656,MAX_POSITION
2025-12-05T10:00:27.359Z,LDOEUR,mean_reversion,0.53053,32000,4800,8000,0,0,87360.00000000163,4656,MAX_POSITION
2025-12-05T10:00:28.404Z,LINKEUR,vwap_pullback,12.07418212,32000,4800,8000,0,0,45323.38174981789,4656,MAX_POSITION
2025-12-05T10:00:28.598Z,DOTUSDT,mean_reversion,2.2456433999999996,32000,4800,8000,0,0,87360.00000000051,4656,MAX_POSITION
2025-12-05T10:00:29.957Z,LINKUSD,vwap_pullback,14.05785381,32000,4800,8000,0,0,80538.66946339088,4656,MAX_POSITION
2025-12-05T10:00:30.114Z,XETCZUSD,mean_reversion,13.601587999999998,32000,4800,8000,0,0,87360.00000000067,4656,MAX_POSITION
2025-12-05T10:00:31.030Z,LINKUSDT,vwap_pullback,14.072138079999998,32000,4800,8000,0,0,75129.07806249564,4656,MAX_POSITION
2025-12-05T10:00:31.100Z,ETHFIEUR,mean_reversion,0.6881875,32000,4800,8000,0,0,87360.00000000096,4656,MAX_POSITION
2025-12-05T10:00:32.277Z,XLTCZEUR,mean_reversion,70.64056999999998,32000,4800,8000,0,0,87360.00000000035,4656,MAX_POSITION
2025-12-05T10:00:32.405Z,ETHFIUSD,mean_reversion,0.7996989,32000,4800,8000,0,0,87360.0000000004,4656,MAX_POSITION
2025-12-05T10:00:33.404Z,EURCAD,vwap_pullback,1.6267250999999998,32000,4800,8000,0,0,229660.78517511568,4656,MAX_POSITION
2025-12-05T10:00:33.873Z,XLTCZUSD,mean_reversion,82.22214,32000,4800,8000,0,0,87360.00000000073,4656,MAX_POSITION
2025-12-05T10:00:34.066Z,EURCAD,vwap_bounce,1.6267250999999998,32000,4800,8000,0,0,229660.78517511568,4656,MAX_POSITION
2025-12-05T10:00:35.603Z,EWTUSD,mean_reversion,0.6906899999999999,32000,4800,8000,0,0,87360.00000000016,4656,MAX_POSITION
2025-12-05T10:00:36.159Z,MASKUSD,sma_trend_ride,0.680358,32000,4800,8000,0,0,80772.13541505681,4656,MAX_POSITION
2025-12-05T10:00:36.844Z,FORTHUSD,sma_trend_ride,1.740474,32000,4800,8000,0,0,108900.15251254568,4656,MAX_POSITION
2025-12-05T10:00:37.431Z,FORTHUSD,mean_reversion,1.738737,32000,4800,8000,0,0,87360.00000000007,4656,MAX_POSITION
2025-12-05T10:00:37.475Z,MEUSD,mean_reversion,0.3362358999999999,32000,4800,8000,0,0,87360.00000000127,4656,MAX_POSITION
2025-12-05T10:00:38.873Z,KSMEUR,mean_reversion,7.257249999999999,32000,4800,8000,0,0,87360.00000000122,4656,MAX_POSITION
2025-12-05T10:00:39.002Z,MNTUSD,mean_reversion,1.0444434,32000,4800,8000,0,0,87360.00000000022,4656,MAX_POSITION
2025-12-05T10:00:39.676Z,XRP/CAD,vwap_pullback,2.8762433699999996,32000,4800,8000,0,1618.7781773139734,4656,4656,PASS
2025-12-05T10:00:40.123Z,KSMUSD,mean_reversion,8.448439999999998,32000,4800,8000,0,0,87360.00000000099,4656,MAX_POSITION
2025-12-05T10:00:40.605Z,NANOEUR,mean_reversion,0.7067250189999998,32000,4800,8000,0,0,87360.00000000096,4656,MAX_POSITION
2025-12-05T10:00:41.128Z,LDOEUR,mean_reversion,0.53053,32000,4800,8000,0,0,87360.00000000163,4656,MAX_POSITION
2025-12-05T10:00:41.219Z,SOL/USD,vwap_pullback,136.51637999999997,32000,4800,8000,0,34.10579741420041,4655.999999999999,4656,PASS
2025-12-05T10:00:42.011Z,ADAAUD,mean_reversion,0.65049985,32000,4800,8000,0,0,87360.00000000103,4656,MAX_POSITION
2025-12-05T10:00:42.178Z,LINKEUR,vwap_pullback,12.07418212,32000,4800,8000,0,0,45323.38174981789,4656,MAX_POSITION
2025-12-05T10:00:42.198Z,NOSUSD,mean_reversion,0.267267,32000,4800,8000,0,0,87360.00000000096,4656,MAX_POSITION
2025-12-05T10:00:43.318Z,ADAEUR,mean_reversion,0.370130761,32000,4800,8000,0,0,87360.00000000029,4656,MAX_POSITION
2025-12-05T10:00:43.484Z,LINKUSD,vwap_pullback,14.05785381,32000,4800,8000,0,0,80538.62818167564,4656,MAX_POSITION
2025-12-05T10:00:43.525Z,OPEUR,mean_reversion,0.272272,32000,4800,8000,0,0,87360.00000000016,4656,MAX_POSITION
2025-12-05T10:00:44.577Z,ADAGBP,mean_reversion,0.32294261999999996,32000,4800,8000,0,0,87360.00000000116,4656,MAX_POSITION
2025-12-05T10:00:44.796Z,LINKUSDT,vwap_pullback,14.072138079999998,32000,4800,8000,0,0,75129.07806249564,4656,MAX_POSITION
2025-12-05T10:00:44.904Z,OPUSD,mean_reversion,0.31691659999999994,32000,4800,8000,0,0,87360.00000000131,4656,MAX_POSITION
2025-12-05T10:00:45.434Z,ADAUSDC,mean_reversion,0.43210667499999994,32000,4800,8000,0,0,87360.000000001,4656,MAX_POSITION
2025-12-05T10:00:46.076Z,XLTCZEUR,mean_reversion,70.64056999999998,32000,4800,8000,0,0,87360.00000000035,4656,MAX_POSITION
2025-12-05T10:00:46.283Z,RUNEEUR,mean_reversion,0.5645639999999998,32000,4800,8000,0,0,87360.00000000172,4656,MAX_POSITION
2025-12-05T10:00:46.388Z,ADAUSDT,mean_reversion,0.4316061749999999,32000,4800,8000,0,0,87360.00000000084,4656,MAX_POSITION
2025-12-05T10:00:47.695Z,ATOMEUR,mean_reversion,1.9505485999999999,32000,4800,8000,0,0,87360.00000000057,4656,MAX_POSITION
2025-12-05T10:00:47.824Z,RUNEUSD,mean_reversion,0.658658,32000,4800,8000,0,0,87360.0000000004,4656,MAX_POSITION
2025-12-05T10:00:48.050Z,XLTCZUSD,mean_reversion,82.22214,32000,4800,8000,0,0,87360.00000000073,4656,MAX_POSITION
2025-12-05T10:00:48.482Z,ATOMUSD,mean_reversion,2.2728705999999996,32000,4800,8000,0,0,87360.00000000148,4656,MAX_POSITION
2025-12-05T10:00:48.799Z,SOSOUSD,mean_reversion,0.6022016,32000,4800,8000,0,0,87359.99999999999,4656,MAX_POSITION
2025-12-05T10:00:49.946Z,MASKUSD,sma_trend_ride,0.680358,32000,4800,8000,0,0,80772.13541505681,4656,MAX_POSITION
2025-12-05T10:00:50.525Z,TONEUR,mean_reversion,1.3603589999999999,32000,4800,8000,0,0,87360.0000000007,4656,MAX_POSITION
2025-12-05T10:00:51.248Z,MEUSD,mean_reversion,0.3362358999999999,32000,4800,8000,0,0,87360.00000000127,4656,MAX_POSITION
2025-12-05T10:00:51.358Z,CVXUSD,mean_reversion,1.8218199999999998,32000,4800,8000,0,0,87360.00000000128,4656,MAX_POSITION
2025-12-05T10:00:51.744Z,TONUSD,mean_reversion,1.5845829999999999,32000,4800,8000,0,0,87360.0000000005,4656,MAX_POSITION
2025-12-05T10:00:52.237Z,MNTUSD,mean_reversion,1.0444434,32000,4800,8000,0,0,87360.00000000022,4656,MAX_POSITION
2025-12-05T10:00:52.635Z,DOTEUR,mean_reversion,1.9256236999999998,32000,4800,8000,0,0,87360.00000000077,4656,MAX_POSITION
2025-12-05T10:00:53.288Z,TRUMPUSD,mean_reversion,5.9069009999999995,32000,4800,8000,0,0,87360.00000000067,4656,MAX_POSITION
2025-12-05T10:00:53.605Z,NANOEUR,mean_reversion,0.7067250189999998,32000,4800,8000,0,0,87360.00000000096,4656,MAX_POSITION
2025-12-05T10:00:53.665Z,DOTGBP,mean_reversion,1.6791774999999998,32000,4800,8000,0,0,87360.00000000112,4656,MAX_POSITION
2025-12-05T10:00:54.874Z,DOTUSD,mean_reversion,2.2425403,32000,4800,8000,0,0,87359.99999999948,4656,MAX_POSITION
2025-12-05T10:00:54.875Z,UNIEUR,mean_reversion,4.997993,32000,4800,8000,0,0,87360.00000000063,4656,MAX_POSITION
2025-12-05T10:00:55.199Z,NOSUSD,mean_reversion,0.267267,32000,4800,8000,0,0,87360.00000000096,4656,MAX_POSITION
2025-12-05T10:00:56.290Z,DOTUSDC,mean_reversion,2.246244,32000,4800,8000,0,0,87360.00000000103,4656,MAX_POSITION
2025-12-05T10:00:56.467Z,OPEUR,mean_reversion,0.272272,32000,4800,8000,0,0,87360.00000000016,4656,MAX_POSITION
2025-12-05T10:00:57.280Z,DOTUSDT,mean_reversion,2.2456433999999996,32000,4800,8000,0,0,87360.00000000051,4656,MAX_POSITION
2025-12-05T10:00:57.353Z,WLDEUR,mean_reversion,0.525525,32000,4800,8000,0,0,87360.0000000004,4656,MAX_POSITION
2025-12-05T10:00:57.682Z,OPUSD,mean_reversion,0.31691659999999994,32000,4800,8000,0,0,87360.00000000131,4656,MAX_POSITION
2025-12-05T10:00:58.396Z,XETCZUSD,mean_reversion,13.601587999999998,32000,4800,8000,0,0,87360.00000000067,4656,MAX_POSITION
2025-12-05T10:00:58.557Z,XRP/USDC,vwap_pullback,2.06138933,32000,4800,8000,0,2258.6708547676435,4656,4656,PASS
2025-12-05T10:00:58.613Z,XRPRLUSD,mean_reversion,2.06594388,32000,4800,8000,0,0,87360.00000000137,4656,MAX_POSITION
2025-12-05T10:00:59.384Z,ETHFIEUR,mean_reversion,0.6881875,32000,4800,8000,0,0,87360.00000000096,4656,MAX_POSITION
2025-12-05T10:00:59.444Z,RUNEEUR,mean_reversion,0.5645639999999998,32000,4800,8000,0,0,87360.00000000172,4656,MAX_POSITION
2025-12-05T10:00:59.834Z,XTZEUR,mean_reversion,0.4215210999999999,32000,4800,8000,0,0,87360.00000000051,4656,MAX_POSITION
2025-12-05T10:01:00.447Z,RUNEUSD,mean_reversion,0.658658,32000,4800,8000,0,0,87360.0000000004,4656,MAX_POSITION
2025-12-05T10:01:00.711Z,ETHFIUSD,mean_reversion,0.7996989,32000,4800,8000,0,0,87360.0000000004,4656,MAX_POSITION
2025-12-05T10:01:00.777Z,XTZUSD,mean_reversion,0.49038989999999993,32000,4800,8000,0,0,87360.00000000131,4656,MAX_POSITION
2025-12-05T10:01:01.444Z,SOSOUSD,mean_reversion,0.6022016,32000,4800,8000,0,0,87359.99999999999,4656,MAX_POSITION
2025-12-05T10:01:01.665Z,EURCAD,vwap_pullback,1.6267250999999998,32000,4800,8000,0,0,229660.78517511568,4656,MAX_POSITION
2025-12-05T10:01:02.272Z,EURCAD,vwap_bounce,1.6267250999999998,32000,4800,8000,0,0,229660.78517511568,4656,MAX_POSITION
2025-12-05T10:01:03.019Z,TONEUR,mean_reversion,1.3603589999999999,32000,4800,8000,0,0,87360.0000000007,4656,MAX_POSITION
2025-12-05T10:01:03.259Z,EWTUSD,mean_reversion,0.6906899999999999,32000,4800,8000,0,0,87360.00000000016,4656,MAX_POSITION
2025-12-05T10:01:04.497Z,TONUSD,mean_reversion,1.5845829999999999,32000,4800,8000,0,0,87360.0000000005,4656,MAX_POSITION
2025-12-05T10:01:04.576Z,FORTHUSD,sma_trend_ride,1.740474,32000,4800,8000,0,0,108900.15251254568,4656,MAX_POSITION
2025-12-05T10:01:05.158Z,FORTHUSD,mean_reversion,1.738737,32000,4800,8000,0,0,87360.00000000007,4656,MAX_POSITION
2025-12-05T10:01:05.753Z,TRUMPUSD,mean_reversion,5.9069009999999995,32000,4800,8000,0,0,87360.00000000067,4656,MAX_POSITION
2025-12-05T10:01:06.327Z,KSMEUR,mean_reversion,7.257249999999999,32000,4800,8000,0,0,87360.00000000122,4656,MAX_POSITION
2025-12-05T10:01:07.597Z,KSMUSD,mean_reversion,8.448439999999998,32000,4800,8000,0,0,87360.00000000099,4656,MAX_POSITION
2025-12-05T10:01:07.803Z,UNIEUR,mean_reversion,4.997993,32000,4800,8000,0,0,87360.00000000063,4656,MAX_POSITION
2025-12-05T10:01:08.584Z,LDOEUR,mean_reversion,0.53053,32000,4800,8000,0,0,87360.00000000163,4656,MAX_POSITION
2025-12-05T10:01:09.489Z,WLDEUR,mean_reversion,0.525525,32000,4800,8000,0,0,87360.0000000004,4656,MAX_POSITION
2025-12-05T10:01:09.803Z,LINKEUR,vwap_pullback,12.07418212,32000,4800,8000,0,0,45323.38174981789,4656,MAX_POSITION
2025-12-05T10:01:10.565Z,XRPRLUSD,mean_reversion,2.06594388,32000,4800,8000,0,0,87360.00000000137,4656,MAX_POSITION
2025-12-05T10:01:10.918Z,LINKUSD,vwap_pullback,14.05785381,32000,4800,8000,0,0,80538.66946339088,4656,MAX_POSITION
2025-12-05T10:01:10.930Z,XRP/CAD,vwap_pullback,2.8775847099999994,32000,4800,8000,0,1618.023609807129,4656,4656,PASS
2025-12-05T10:01:11.838Z,XTZEUR,mean_reversion,0.4215210999999999,32000,4800,8000,0,0,87360.00000000051,4656,MAX_POSITION
2025-12-05T10:01:12.312Z,LINKUSDT,vwap_pullback,14.072138079999998,32000,4800,8000,0,0,75129.07806249564,4656,MAX_POSITION
2025-12-05T10:01:12.722Z,SOL/USD,vwap_pullback,136.52638999999996,32000,4800,8000,0,34.10329680584099,4656,4656,PASS
2025-12-05T10:01:13.350Z,XTZUSD,mean_reversion,0.49038989999999993,32000,4800,8000,0,0,87360.00000000131,4656,MAX_POSITION
2025-12-05T10:01:13.516Z,XLTCZEUR,mean_reversion,70.64056999999998,32000,4800,8000,0,0,87360.00000000035,4656,MAX_POSITION
2025-12-05T10:01:14.734Z,XLTCZUSD,mean_reversion,82.22214,32000,4800,8000,0,0,87360.00000000073,4656,MAX_POSITION
2025-12-05T10:01:17.408Z,MASKUSD,sma_trend_ride,0.680358,32000,4800,8000,0,0,80772.13541505681,4656,MAX_POSITION
2025-12-05T10:01:18.706Z,MEUSD,mean_reversion,0.3362358999999999,32000,4800,8000,0,0,87360.00000000127,4656,MAX_POSITION
2025-12-05T10:01:19.683Z,MNTUSD,mean_reversion,1.0444434,32000,4800,8000,0,0,87360.00000000022,4656,MAX_POSITION
2025-12-05T10:01:20.701Z,NANOEUR,mean_reversion,0.7067250189999998,32000,4800,8000,0,0,87360.00000000096,4656,MAX_POSITION
2025-12-05T10:01:22.240Z,NOSUSD,mean_reversion,0.267267,32000,4800,8000,0,0,87360.00000000096,4656,MAX_POSITION
2025-12-05T10:01:23.909Z,OPEUR,mean_reversion,0.272272,32000,4800,8000,0,0,87360.00000000016,4656,MAX_POSITION
2025-12-05T10:01:25.295Z,OPUSD,mean_reversion,0.31691659999999994,32000,4800,8000,0,0,87360.00000000131,4656,MAX_POSITION
2025-12-05T10:01:26.377Z,RUNEEUR,mean_reversion,0.5645639999999998,32000,4800,8000,0,0,87360.00000000172,4656,MAX_POSITION
2025-12-05T10:01:27.674Z,RUNEUSD,mean_reversion,0.658658,32000,4800,8000,0,0,87360.0000000004,4656,MAX_POSITION
2025-12-05T10:01:28.569Z,ADAAUD,mean_reversion,0.65049985,32000,4800,8000,0,0,87360.00000000103,4656,MAX_POSITION
2025-12-05T10:01:29.454Z,SOSOUSD,mean_reversion,0.6022016,32000,4800,8000,0,0,87359.99999999999,4656,MAX_POSITION
2025-12-05T10:01:29.883Z,ADAEUR,mean_reversion,0.370065696,32000,4800,8000,0,0,87359.99999999996,4656,MAX_POSITION
2025-12-05T10:01:31.014Z,ADAGBP,mean_reversion,0.32294261999999996,32000,4800,8000,0,0,87360.00000000116,4656,MAX_POSITION
2025-12-05T10:01:31.089Z,TONEUR,mean_reversion,1.3603589999999999,32000,4800,8000,0,0,87360.0000000007,4656,MAX_POSITION
2025-12-05T10:01:32.317Z,ADAUSDC,mean_reversion,0.43210667499999994,32000,4800,8000,0,0,87360.000000001,4656,MAX_POSITION
2025-12-05T10:01:32.440Z,TONUSD,mean_reversion,1.5855839999999999,32000,4800,8000,0,0,87360.00000000058,4656,MAX_POSITION
2025-12-05T10:01:33.897Z,TRUMPUSD,mean_reversion,5.9069009999999995,32000,4800,8000,0,0,87360.00000000067,4656,MAX_POSITION
2025-12-05T10:01:34.404Z,ADAUSDT,mean_reversion,0.4316061749999999,32000,4800,8000,0,0,87360.00000000084,4656,MAX_POSITION
2025-12-05T10:01:35.488Z,ATOMEUR,mean_reversion,1.9505485999999999,32000,4800,8000,0,0,87360.00000000057,4656,MAX_POSITION
2025-12-05T10:01:36.304Z,UNIEUR,mean_reversion,4.997993,32000,4800,8000,0,0,87360.00000000063,4656,MAX_POSITION
2025-12-05T10:01:37.073Z,ATOMUSD,mean_reversion,2.2728705999999996,32000,4800,8000,0,0,87360.00000000148,4656,MAX_POSITION
2025-12-05T10:01:37.123Z,XRP/USDC,vwap_pullback,2.06138933,32000,4800,8000,0,2258.6708547676435,4656,4656,PASS
2025-12-05T10:01:38.679Z,WLDEUR,mean_reversion,0.525525,32000,4800,8000,0,0,87360.0000000004,4656,MAX_POSITION
2025-12-05T10:01:39.663Z,CVXUSD,mean_reversion,1.8218199999999998,32000,4800,8000,0,0,87360.00000000128,4656,MAX_POSITION
2025-12-05T10:01:40.022Z,XRPRLUSD,mean_reversion,2.06594388,32000,4800,8000,0,0,87360.00000000137,4656,MAX_POSITION
2025-12-05T10:01:40.719Z,DOTEUR,mean_reversion,1.9267248,32000,4800,8000,0,0,87360.00000000095,4656,MAX_POSITION
2025-12-05T10:01:41.120Z,XTZEUR,mean_reversion,0.4215210999999999,32000,4800,8000,0,0,87360.00000000051,4656,MAX_POSITION
2025-12-05T10:01:42.079Z,DOTGBP,mean_reversion,1.6791774999999998,32000,4800,8000,0,0,87360.00000000112,4656,MAX_POSITION
2025-12-05T10:01:42.402Z,ADAAUD,mean_reversion,0.65049985,32000,4800,8000,0,0,87360.00000000103,4656,MAX_POSITION
2025-12-05T10:01:42.653Z,XTZUSD,mean_reversion,0.49038989999999993,32000,4800,8000,0,0,87360.00000000131,4656,MAX_POSITION
2025-12-05T10:01:43.552Z,DOTUSD,mean_reversion,2.2425403,32000,4800,8000,0,0,87359.99999999948,4656,MAX_POSITION
2025-12-05T10:01:43.679Z,ADAEUR,mean_reversion,0.370065696,32000,4800,8000,0,0,87359.99999999996,4656,MAX_POSITION
2025-12-05T10:01:44.868Z,DOTUSDC,mean_reversion,2.246244,32000,4800,8000,0,0,87360.00000000103,4656,MAX_POSITION
2025-12-05T10:01:44.998Z,ADAGBP,mean_reversion,0.32294261999999996,32000,4800,8000,0,0,87360.00000000116,4656,MAX_POSITION
2025-12-05T10:01:46.109Z,ADAUSDC,mean_reversion,0.43210667499999994,32000,4800,8000,0,0,87360.000000001,4656,MAX_POSITION
2025-12-05T10:01:46.249Z,DOTUSDT,mean_reversion,2.2456433999999996,32000,4800,8000,0,0,87360.00000000051,4656,MAX_POSITION
2025-12-05T10:01:47.158Z,ADAUSDT,mean_reversion,0.4316061749999999,32000,4800,8000,0,0,87360.00000000084,4656,MAX_POSITION
2025-12-05T10:01:47.367Z,XETCZUSD,mean_reversion,13.601587999999998,32000,4800,8000,0,0,87360.00000000067,4656,MAX_POSITION
2025-12-05T10:01:47.731Z,LINK/USD,vwap_pullback,14.064060009999999,32000,4800,8000,0,331.05660788488063,4656,4656,PASS
2025-12-05T10:01:48.635Z,ATOMEUR,mean_reversion,1.9505485999999999,32000,4800,8000,0,0,87360.00000000057,4656,MAX_POSITION
2025-12-05T10:01:48.981Z,ETHFIEUR,mean_reversion,0.6881875,32000,4800,8000,0,0,87360.00000000096,4656,MAX_POSITION
2025-12-05T10:01:49.994Z,ATOMUSD,mean_reversion,2.2728705999999996,32000,4800,8000,0,0,87360.00000000148,4656,MAX_POSITION
2025-12-05T10:01:50.413Z,ETHFIUSD,mean_reversion,0.7996989,32000,4800,8000,0,0,87360.0000000004,4656,MAX_POSITION
2025-12-05T10:01:50.475Z,XRP/CAD,vwap_pullback,2.8791562799999997,32000,4800,8000,0,1617.1404214292947,4656,4656,PASS
2025-12-05T10:01:51.768Z,EURCAD,vwap_pullback,1.6267250999999998,32000,4800,8000,0,0,229660.78517511568,4656,MAX_POSITION
2025-12-05T10:01:51.871Z,SOL/USD,vwap_pullback,136.61647999999997,32000,4800,8000,0,34.080807820549914,4656,4656,PASS
2025-12-05T10:01:52.440Z,EURCAD,vwap_bounce,1.6267250999999998,32000,4800,8000,0,0,229660.78517511568,4656,MAX_POSITION
2025-12-05T10:01:53.137Z,CVXUSD,mean_reversion,1.8218199999999998,32000,4800,8000,0,0,87360.00000000128,4656,MAX_POSITION
2025-12-05T10:01:53.816Z,EWTUSD,mean_reversion,0.6906899999999999,32000,4800,8000,0,0,87360.00000000016,4656,MAX_POSITION
2025-12-05T10:01:54.758Z,DOTEUR,mean_reversion,1.9267248,32000,4800,8000,0,0,87360.00000000095,4656,MAX_POSITION
2025-12-05T10:01:55.428Z,FORTHUSD,sma_trend_ride,1.740474,32000,4800,8000,0,0,108900.15251254568,4656,MAX_POSITION
2025-12-05T10:01:55.851Z,DOTGBP,mean_reversion,1.6791774999999998,32000,4800,8000,0,0,87360.00000000112,4656,MAX_POSITION
2025-12-05T10:01:56.121Z,FORTHUSD,mean_reversion,1.738737,32000,4800,8000,0,0,87360.00000000007,4656,MAX_POSITION
2025-12-05T10:01:56.969Z,DOTUSD,mean_reversion,2.2425403,32000,4800,8000,0,0,87359.99999999948,4656,MAX_POSITION
2025-12-05T10:01:57.394Z,KSMEUR,mean_reversion,7.257249999999999,32000,4800,8000,0,0,87360.00000000122,4656,MAX_POSITION
2025-12-05T10:01:58.330Z,DOTUSDC,mean_reversion,2.246244,32000,4800,8000,0,0,87360.00000000103,4656,MAX_POSITION
2025-12-05T10:01:58.761Z,KSMUSD,mean_reversion,8.448439999999998,32000,4800,8000,0,0,87360.00000000099,4656,MAX_POSITION
2025-12-05T10:01:59.963Z,DOTUSDT,mean_reversion,2.2456433999999996,32000,4800,8000,0,0,87360.00000000051,4656,MAX_POSITION
2025-12-05T10:02:00.121Z,LDOEUR,mean_reversion,0.53053,32000,4800,8000,0,0,87360.00000000163,4656,MAX_POSITION
2025-12-05T10:02:01.218Z,XETCZUSD,mean_reversion,13.601587999999998,32000,4800,8000,0,0,87360.00000000067,4656,MAX_POSITION
2025-12-05T10:02:01.440Z,LINKEUR,vwap_pullback,12.07418212,32000,4800,8000,0,0,45323.38174981789,4656,MAX_POSITION
2025-12-05T10:02:02.571Z,ETHFIEUR,mean_reversion,0.6881875,32000,4800,8000,0,0,87360.00000000096,4656,MAX_POSITION
2025-12-05T10:02:02.756Z,LINKUSD,vwap_pullback,14.068724669999998,32000,4800,8000,0,0,75690.51893496094,4656,MAX_POSITION
2025-12-05T10:02:03.679Z,ETHFIUSD,mean_reversion,0.7996989,32000,4800,8000,0,0,87360.0000000004,4656,MAX_POSITION
2025-12-05T10:02:04.144Z,LINKUSDT,vwap_pullback,14.078594529999998,32000,4800,8000,0,0,72567.53616783285,4656,MAX_POSITION
2025-12-05T10:02:04.731Z,EURCAD,vwap_pullback,1.6267250999999998,32000,4800,8000,0,0,229660.78517511568,4656,MAX_POSITION
2025-12-05T10:02:05.400Z,EURCAD,vwap_bounce,1.6267250999999998,32000,4800,8000,0,0,229660.78517511568,4656,MAX_POSITION
2025-12-05T10:02:05.456Z,XLTCZEUR,mean_reversion,70.64056999999998,32000,4800,8000,0,0,87360.00000000035,4656,MAX_POSITION
2025-12-05T10:02:06.733Z,EWTUSD,mean_reversion,0.6906899999999999,32000,4800,8000,0,0,87360.00000000016,4656,MAX_POSITION
2025-12-05T10:02:06.969Z,XLTCZUSD,mean_reversion,82.23214999999999,32000,4800,8000,0,0,87360.00000000146,4656,MAX_POSITION
2025-12-05T10:02:08.355Z,FORTHUSD,sma_trend_ride,1.740474,32000,4800,8000,0,0,108900.15251254568,4656,MAX_POSITION
2025-12-05T10:02:08.918Z,MASKUSD,sma_trend_ride,0.680358,32000,4800,8000,0,0,80772.13541505681,4656,MAX_POSITION
2025-12-05T10:02:09.064Z,FORTHUSD,mean_reversion,1.738737,32000,4800,8000,0,0,87360.00000000007,4656,MAX_POSITION
2025-12-05T10:02:09.997Z,MEUSD,mean_reversion,0.3362358999999999,32000,4800,8000,0,0,87360.00000000127,4656,MAX_POSITION
2025-12-05T10:02:10.408Z,KSMEUR,mean_reversion,7.257249999999999,32000,4800,8000,0,0,87360.00000000122,4656,MAX_POSITION
2025-12-05T10:02:11.480Z,KSMUSD,mean_reversion,8.448439999999998,32000,4800,8000,0,0,87360.00000000099,4656,MAX_POSITION
2025-12-05T10:02:11.551Z,NANO/USD,vwap_pullback,0.820521702,32000,4800,8000,0,5674.438578103569,4656,4656,PASS
2025-12-05T10:02:11.557Z,MNTUSD,mean_reversion,1.0444434,32000,4800,8000,0,0,87360.00000000022,4656,MAX_POSITION
2025-12-05T10:02:12.556Z,LDOEUR,mean_reversion,0.53053,32000,4800,8000,0,0,87360.00000000163,4656,MAX_POSITION
2025-12-05T10:02:12.654Z,NANOEUR,mean_reversion,0.7067250189999998,32000,4800,8000,0,0,87360.00000000096,4656,MAX_POSITION
2025-12-05T10:02:13.296Z,TON/EUR,vwap_pullback,1.36136,32000,4800,8000,0,3420.1093024622437,4656,4656,PASS
2025-12-05T10:02:13.972Z,NOSUSD,mean_reversion,0.267267,32000,4800,8000,0,0,87360.00000000096,4656,MAX_POSITION
2025-12-05T10:02:14.194Z,LINKEUR,vwap_pullback,12.07418212,32000,4800,8000,0,0,45323.38174981789,4656,MAX_POSITION
2025-12-05T10:02:15.242Z,LINKUSD,vwap_pullback,14.068724669999998,32000,4800,8000,0,0,75690.9699961103,4656,MAX_POSITION
2025-12-05T10:02:15.587Z,UNI/USD,vwap_pullback,5.827821999999999,32000,4800,8000,0,798.9262540962989,4656,4656,PASS
2025-12-05T10:02:15.658Z,OPEUR,mean_reversion,0.272272,32000,4800,8000,0,0,87360.00000000016,4656,MAX_POSITION
2025-12-05T10:02:16.812Z,LINKUSDT,vwap_pullback,14.078594529999998,32000,4800,8000,0,0,72567.53616783285,4656,MAX_POSITION
2025-12-05T10:02:17.210Z,SOL/EUR,vwap_pullback,117.32720999999998,32000,4800,8000,0,39.683889184785016,4656,4656,PASS
2025-12-05T10:02:17.211Z,OPUSD,mean_reversion,0.31691659999999994,32000,4800,8000,0,0,87360.00000000131,4656,MAX_POSITION
2025-12-05T10:02:17.857Z,XLTCZEUR,mean_reversion,70.64056999999998,32000,4800,8000,0,0,87360.00000000035,4656,MAX_POSITION
2025-12-05T10:02:18.493Z,RUNEEUR,mean_reversion,0.5645639999999998,32000,4800,8000,0,0,87360.00000000172,4656,MAX_POSITION
2025-12-05T10:02:19.464Z,XLTCZUSD,mean_reversion,82.23214999999999,32000,4800,8000,0,0,87360.00000000146,4656,MAX_POSITION
2025-12-05T10:02:19.756Z,RUNEUSD,mean_reversion,0.658658,32000,4800,8000,0,0,87360.0000000004,4656,MAX_POSITION
2025-12-05T10:02:20.776Z,SOSOUSD,mean_reversion,0.6033027,32000,4800,8000,0,0,87360.00000000051,4656,MAX_POSITION
2025-12-05T10:02:21.100Z,MASKUSD,sma_trend_ride,0.680358,32000,4800,8000,0,0,80772.13541505681,4656,MAX_POSITION
2025-12-05T10:02:22.032Z,MEUSD,mean_reversion,0.3362358999999999,32000,4800,8000,0,0,87360.00000000127,4656,MAX_POSITION
2025-12-05T10:02:22.350Z,TONEUR,mean_reversion,1.36136,32000,4800,8000,0,0,87360.0000000008,4656,MAX_POSITION
2025-12-05T10:02:23.021Z,MNTUSD,mean_reversion,1.0444434,32000,4800,8000,0,0,87360.00000000022,4656,MAX_POSITION
2025-12-05T10:02:23.229Z,TONUSD,mean_reversion,1.5865849999999997,32000,4800,8000,0,0,87360.00000000176,4656,MAX_POSITION
2025-12-05T10:02:24.310Z,NANOEUR,mean_reversion,0.7067250189999998,32000,4800,8000,0,0,87360.00000000096,4656,MAX_POSITION
2025-12-05T10:02:24.505Z,TRUMPUSD,mean_reversion,5.9069009999999995,32000,4800,8000,0,0,87360.00000000067,4656,MAX_POSITION
2025-12-05T10:02:25.290Z,NOSUSD,mean_reversion,0.267267,32000,4800,8000,0,0,87360.00000000096,4656,MAX_POSITION
2025-12-05T10:02:26.695Z,OPEUR,mean_reversion,0.272272,32000,4800,8000,0,0,87360.00000000016,4656,MAX_POSITION
2025-12-05T10:02:26.810Z,UNIEUR,mean_reversion,4.997993,32000,4800,8000,0,0,87360.00000000063,4656,MAX_POSITION
2025-12-05T10:02:28.321Z,OPUSD,mean_reversion,0.31691659999999994,32000,4800,8000,0,0,87360.00000000131,4656,MAX_POSITION
2025-12-05T10:02:28.843Z,WLDEUR,mean_reversion,0.525525,32000,4800,8000,0,0,87360.0000000004,4656,MAX_POSITION
2025-12-05T10:02:29.438Z,RUNEEUR,mean_reversion,0.5645639999999998,32000,4800,8000,0,0,87360.00000000172,4656,MAX_POSITION
2025-12-05T10:02:29.939Z,LINK/USD,vwap_pullback,14.079875809999999,32000,4800,8000,0,330.6847349245192,4656,4656,PASS
2025-12-05T10:02:30.184Z,XRPRLUSD,mean_reversion,2.06594388,32000,4800,8000,0,0,87360.00000000137,4656,MAX_POSITION
2025-12-05T10:02:30.484Z,RUNEUSD,mean_reversion,0.658658,32000,4800,8000,0,0,87360.0000000004,4656,MAX_POSITION
2025-12-05T10:02:31.224Z,XTZEUR,mean_reversion,0.4215210999999999,32000,4800,8000,0,0,87360.00000000051,4656,MAX_POSITION
2025-12-05T10:02:31.483Z,ADAAUD,mean_reversion,0.65049985,32000,4800,8000,0,0,87360.00000000103,4656,MAX_POSITION
2025-12-05T10:02:32.222Z,SOSOUSD,mean_reversion,0.6033027,32000,4800,8000,0,0,87360.00000000051,4656,MAX_POSITION
2025-12-05T10:02:32.579Z,XTZUSD,mean_reversion,0.49038989999999993,32000,4800,8000,0,0,87360.00000000131,4656,MAX_POSITION
2025-12-05T10:02:32.804Z,ADAEUR,mean_reversion,0.370065696,32000,4800,8000,0,0,87359.99999999996,4656,MAX_POSITION
2025-12-05T10:02:33.150Z,SOL/USD,vwap_pullback,136.61647999999997,32000,4800,8000,0,34.080807820549914,4656,4656,PASS
2025-12-05T10:02:33.899Z,TONEUR,mean_reversion,1.36136,32000,4800,8000,0,0,87360.0000000008,4656,MAX_POSITION
2025-12-05T10:02:34.130Z,ADAGBP,mean_reversion,0.32294261999999996,32000,4800,8000,0,0,87360.00000000116,4656,MAX_POSITION
2025-12-05T10:02:34.852Z,TONUSD,mean_reversion,1.5865849999999997,32000,4800,8000,0,0,87360.00000000176,4656,MAX_POSITION
2025-12-05T10:02:36.065Z,ADAUSDC,mean_reversion,0.43210667499999994,32000,4800,8000,0,0,87360.000000001,4656,MAX_POSITION
2025-12-05T10:02:36.225Z,TRUMPUSD,mean_reversion,5.9069009999999995,32000,4800,8000,0,0,87360.00000000067,4656,MAX_POSITION
2025-12-05T10:02:37.010Z,ADAUSDT,mean_reversion,0.4316061749999999,32000,4800,8000,0,0,87360.00000000084,4656,MAX_POSITION
2025-12-05T10:02:38.357Z,UNIEUR,mean_reversion,4.997993,32000,4800,8000,0,0,87360.00000000063,4656,MAX_POSITION
2025-12-05T10:02:38.436Z,ATOMEUR,mean_reversion,1.9505485999999999,32000,4800,8000,0,0,87360.00000000057,4656,MAX_POSITION
2025-12-05T10:02:39.800Z,ATOMUSD,mean_reversion,2.2728705999999996,32000,4800,8000,0,0,87360.00000000148,4656,MAX_POSITION
2025-12-05T10:02:40.139Z,WLDEUR,mean_reversion,0.525525,32000,4800,8000,0,0,87360.0000000004,4656,MAX_POSITION
2025-12-05T10:02:41.255Z,XRPRLUSD,mean_reversion,2.06594388,32000,4800,8000,0,0,87360.00000000137,4656,MAX_POSITION
2025-12-05T10:02:42.242Z,ADAAUD,mean_reversion,0.65049985,32000,4800,8000,0,0,87360.00000000103,4656,MAX_POSITION
2025-12-05T10:02:42.620Z,XTZEUR,mean_reversion,0.4215210999999999,32000,4800,8000,0,0,87360.00000000051,4656,MAX_POSITION
2025-12-05T10:02:42.736Z,CVXUSD,mean_reversion,1.8218199999999998,32000,4800,8000,0,0,87360.00000000128,4656,MAX_POSITION
2025-12-05T10:02:43.683Z,XTZUSD,mean_reversion,0.49038989999999993,32000,4800,8000,0,0,87360.00000000131,4656,MAX_POSITION
2025-12-05T10:02:43.957Z,ADAEUR,mean_reversion,0.370065696,32000,4800,8000,0,0,87359.99999999996,4656,MAX_POSITION
2025-12-05T10:02:44.186Z,DOTEUR,mean_reversion,1.9267248,32000,4800,8000,0,0,87360.00000000095,4656,MAX_POSITION
2025-12-05T10:02:44.667Z,AVAX/USD,vwap_pullback,13.98397,32000,4800,8000,0,332.9526593664031,4656,4656,PASS
2025-12-05T10:02:45.375Z,ADAGBP,mean_reversion,0.32294261999999996,32000,4800,8000,0,0,87360.00000000116,4656,MAX_POSITION
2025-12-05T10:02:45.547Z,DOTGBP,mean_reversion,1.6791774999999998,32000,4800,8000,0,0,87360.00000000112,4656,MAX_POSITION
2025-12-05T10:02:46.434Z,DOTUSD,mean_reversion,2.2425403,32000,4800,8000,0,0,87359.99999999948,4656,MAX_POSITION
2025-12-05T10:02:46.970Z,ADAUSDC,mean_reversion,0.43210667499999994,32000,4800,8000,0,0,87360.000000001,4656,MAX_POSITION
2025-12-05T10:02:47.892Z,DOTUSDC,mean_reversion,2.246244,32000,4800,8000,0,0,87360.00000000103,4656,MAX_POSITION
2025-12-05T10:02:48.431Z,ADAUSDT,mean_reversion,0.4316061749999999,32000,4800,8000,0,0,87360.00000000084,4656,MAX_POSITION
2025-12-05T10:02:49.549Z,DOTUSDT,mean_reversion,2.2456433999999996,32000,4800,8000,0,0,87360.00000000051,4656,MAX_POSITION
2025-12-05T10:02:49.989Z,ATOMEUR,mean_reversion,1.9505485999999999,32000,4800,8000,0,0,87360.00000000057,4656,MAX_POSITION
2025-12-05T10:02:50.964Z,XETCZUSD,mean_reversion,13.601587999999998,32000,4800,8000,0,0,87360.00000000067,4656,MAX_POSITION
2025-12-05T10:02:51.646Z,ATOMUSD,mean_reversion,2.2728705999999996,32000,4800,8000,0,0,87360.00000000148,4656,MAX_POSITION
2025-12-05T10:02:52.835Z,ETHFIEUR,mean_reversion,0.6881875,32000,4800,8000,0,0,87360.00000000096,4656,MAX_POSITION
2025-12-05T10:02:54.129Z,ETHFIUSD,mean_reversion,0.7996989,32000,4800,8000,0,0,87360.0000000004,4656,MAX_POSITION
2025-12-05T10:02:54.473Z,CVXUSD,mean_reversion,1.8218199999999998,32000,4800,8000,0,0,87360.00000000128,4656,MAX_POSITION
2025-12-05T10:02:55.466Z,EURCAD,vwap_pullback,1.6267250999999998,32000,4800,8000,0,0,229660.78517511568,4656,MAX_POSITION
2025-12-05T10:02:55.803Z,DOTEUR,mean_reversion,1.9267248,32000,4800,8000,0,0,87360.00000000095,4656,MAX_POSITION
2025-12-05T10:02:56.142Z,EURCAD,vwap_bounce,1.6267250999999998,32000,4800,8000,0,0,229660.78517511568,4656,MAX_POSITION
2025-12-05T10:02:56.348Z,NANO/USD,vwap_pullback,0.820521702,32000,4800,8000,0,5674.438578103569,4656,4656,PASS
2025-12-05T10:02:57.287Z,DOTGBP,mean_reversion,1.6791774999999998,32000,4800,8000,0,0,87360.00000000112,4656,MAX_POSITION
2025-12-05T10:02:57.455Z,EWTUSD,mean_reversion,0.6906899999999999,32000,4800,8000,0,0,87360.00000000016,4656,MAX_POSITION
2025-12-05T10:02:58.373Z,DOTUSD,mean_reversion,2.2425403,32000,4800,8000,0,0,87359.99999999948,4656,MAX_POSITION
2025-12-05T10:02:58.604Z,FORTHUSD,sma_trend_ride,1.740474,32000,4800,8000,0,0,108900.15251254568,4656,MAX_POSITION
2025-12-05T10:02:58.651Z,TON/EUR,vwap_pullback,1.36136,32000,4800,8000,0,3420.1093024622437,4656,4656,PASS
2025-12-05T10:02:59.332Z,FORTHUSD,mean_reversion,1.738737,32000,4800,8000,0,0,87360.00000000007,4656,MAX_POSITION
2025-12-05T10:02:59.681Z,DOTUSDC,mean_reversion,2.246244,32000,4800,8000,0,0,87360.00000000103,4656,MAX_POSITION
2025-12-05T10:03:00.419Z,KSMEUR,mean_reversion,7.227219999999999,32000,4800,8000,0,0,87360.00000000017,4656,MAX_POSITION
2025-12-05T10:03:00.818Z,DOTUSDT,mean_reversion,2.2456433999999996,32000,4800,8000,0,0,87360.00000000051,4656,MAX_POSITION
2025-12-05T10:03:01.523Z,KSMUSD,mean_reversion,8.448439999999998,32000,4800,8000,0,0,87360.00000000099,4656,MAX_POSITION
2025-12-05T10:03:01.790Z,UNI/USD,vwap_pullback,5.827821999999999,32000,4800,8000,0,798.9262540962989,4656,4656,PASS
2025-12-05T10:03:02.303Z,XETCZUSD,mean_reversion,13.601587999999998,32000,4800,8000,0,0,87360.00000000067,4656,MAX_POSITION
2025-12-05T10:03:03.042Z,LDOEUR,mean_reversion,0.53053,32000,4800,8000,0,0,87360.00000000163,4656,MAX_POSITION
2025-12-05T10:03:03.336Z,SOL/EUR,vwap_pullback,117.16704999999999,32000,4800,8000,0,39.738134569403265,4656,4656,PASS
2025-12-05T10:03:03.498Z,ETHFIEUR,mean_reversion,0.6881875,32000,4800,8000,0,0,87360.00000000096,4656,MAX_POSITION
2025-12-05T10:03:04.130Z,LINKEUR,vwap_pullback,12.07418212,32000,4800,8000,0,0,45323.38174981789,4656,MAX_POSITION
2025-12-05T10:03:04.620Z,ETHFIUSD,mean_reversion,0.7996989,32000,4800,8000,0,0,87360.0000000004,4656,MAX_POSITION
2025-12-05T10:03:05.232Z,LINKUSD,vwap_pullback,14.079875809999999,32000,4800,8000,0,0,71296.85477347994,4656,MAX_POSITION
2025-12-05T10:03:05.679Z,EURCAD,vwap_pullback,1.6267250999999998,32000,4800,8000,0,0,229660.78517511568,4656,MAX_POSITION
2025-12-05T10:03:06.333Z,EURCAD,vwap_bounce,1.6267250999999998,32000,4800,8000,0,0,229660.78517511568,4656,MAX_POSITION
2025-12-05T10:03:07.033Z,LINKUSDC,vwap_pullback,14.094470389999998,32000,4800,8000,0,0,64030.54062051012,4656,MAX_POSITION
2025-12-05T10:03:07.412Z,EWTUSD,mean_reversion,0.6906899999999999,32000,4800,8000,0,0,87360.00000000016,4656,MAX_POSITION
2025-12-05T10:03:08.387Z,PENDLE/USD,vwap_pullback,2.5235209999999997,32000,4800,8000,0,1845.041115172016,4656,4656,PASS