ID,Symbol,Strategy,SignalType,PatternType,Regime,Pool,EntryPrice,ExitPrice,TakeProfit,StopLoss,ResultType,PositionSize,GrossProfit%,FrictionCost%,NetProfit%,FeesDollar,EntryTimestamp,ExitTimestamp,DurationMin,FinalScore,HybridScore,ExpectedEdge,RegimeWeight,Status
vt_realp_1768882973015_b6sk7k6b1,SOL/USDT,pivot_shift,HYBRID,MORNING_STAR,BULL_STABLE,rotational,134.610000,133.533120,136.629150,133.533120,stop_loss,N/A,-0.8000,0.6349,-1.4349,1.5872,2026-01-20 03:55:10,2026-01-20 04:22:53,27.7,0.6899,0.8216,0.008651,0.6512,closed
vt_realp_1768884653024_23cza8zk4,AXS/EUR,sma_trend_ride,QUANT,,BULL_STABLE,rotational,1.712000,1.861000,1.861000,1.622600,take_profit,N/A,8.7033,1.5050,7.1983,3.7624,2026-01-20 03:55:01,2026-01-20 04:50:53,55.9,0.6251,0.6793,0.071983,0.9317,closed
vt_1768881310187_5x2wm4wqr,SOL/USDT,pivot_shift,HYBRID,MORNING_STAR,BULL_STABLE,rotational,134.610000,133.533120,136.629150,133.533120,stop_loss,N/A,-0.8000,134.0716,-1.7960,1.3407,2026-01-20 03:55:10,2026-01-20 04:53:52,58.7,0.6899,0.8216,0.003999,0.6512,closed
vt_realp_1768884833025_niyxg2cjm,API3/USD,range_trade,QUANT,,LOW_VOL_CHOP,rotational,0.414800,0.408860,0.424700,0.408860,stop_loss,N/A,-1.4320,1.4747,-2.9067,3.6868,2026-01-20 03:54:54,2026-01-20 04:53:53,59.0,0.4422,0.4760,0.009120,0.5008,closed
vt_realp_1768884893026_jkj1cyrw8,SOL/EUR,range_trade,QUANT,,LOW_VOL_CHOP,rotational,115.170000,114.248640,116.897550,114.248640,stop_loss,N/A,-0.8000,0.6287,-1.4287,1.5717,2026-01-20 03:55:08,2026-01-20 04:54:53,59.7,0.5567,0.6486,0.008713,0.5216,closed
vt_realp_1768884893026_xkvhpp02u,SOL/GBP,range_trade,QUANT,,LOW_VOL_CHOP,rotational,99.920000,99.120640,101.418800,99.120640,stop_loss,N/A,-0.8000,0.6300,-1.4300,1.5750,2026-01-20 03:55:08,2026-01-20 04:54:53,59.7,0.5074,0.5724,0.008700,0.5209,closed
vt_realp_1768884893026_w8w5rt9ix,SOL/EUR,support_bounce,PATTERN,PINBAR,LOW_VOL_CHOP,ideal,115.170000,114.248640,116.897550,114.248640,stop_loss,N/A,-0.8000,0.6287,-1.4287,1.5717,2026-01-20 03:55:55,2026-01-20 04:54:53,59.0,0.5340,0.6282,0.008713,0.5216,closed
vt_realp_1768884893026_xqxd1ylo9,SOL/GBP,range_trade,QUANT,,LOW_VOL_CHOP,ideal,99.920000,99.120640,101.418800,99.120640,stop_loss,N/A,-0.8000,0.6300,-1.4300,1.5750,2026-01-20 03:55:57,2026-01-20 04:54:53,58.9,0.4481,0.5086,0.008700,0.5209,closed
vt_realp_1768885253025_7g1thaifl,SOL/USD,pivot_shift,HYBRID,MORNING_STAR,BULL_STABLE,rotational,134.245000,133.171040,136.258675,133.171040,stop_loss,N/A,-0.8000,0.6275,-1.4275,1.5686,2026-01-20 03:55:09,2026-01-20 05:00:53,65.7,0.5951,0.6681,0.008725,0.6712,closed
vt_realp_1768885313025_41hivkoh1,SOL/USDC,morning_star,QUANT,MORNING_STAR,TRANSITION,rotational,134.430000,133.354560,136.446450,133.354560,stop_loss,N/A,-0.8000,0.6424,-1.4424,1.6059,2026-01-20 03:55:09,2026-01-20 05:01:53,66.7,0.4301,0.4519,0.008576,0.5487,closed
vt_realp_1768885373026_jw9bahdq3,SOL/USDT,pivot_shift,HYBRID,MORNING_STAR,BULL_STABLE,ideal,134.300000,133.225600,136.314500,133.225600,stop_loss,N/A,-0.8000,0.6274,-1.4274,1.5686,2026-01-20 03:55:54,2026-01-20 05:02:53,67.0,0.5987,0.6910,0.008726,0.6512,closed
vt_realp_1768885493027_4h8p853uy,BTC/USD,defensive_hedge,HYBRID,ENGULFING,BEAR_VOLATILE,rotational,92370.150000,91631.188800,93755.702250,91631.188800,stop_loss,N/A,-0.8000,0.6201,-1.4201,1.5503,2026-01-20 03:55:16,2026-01-20 05:04:53,69.6,0.4553,0.4110,0.008799,0.8475,closed
vt_1768881354635_3xt1390lm,SOL/USDT,pivot_shift,HYBRID,MORNING_STAR,BULL_STABLE,ideal,134.300000,133.225600,136.314500,133.225600,stop_loss,N/A,-0.8000,133.7628,-1.7960,1.3376,2026-01-20 03:55:54,2026-01-20 05:08:52,73.0,0.5987,0.6910,0.002707,0.6512,closed
vt_realp_1768885853028_fmbpuy7tm,ETH/EUR,pivot_shift,HYBRID,MORNING_STAR,TRANSITION,rotational,2732.690000,2710.828480,2773.680350,2710.828480,stop_loss,N/A,-0.8000,0.6204,-1.4204,1.5509,2026-01-20 03:55:06,2026-01-20 05:10:53,75.8,0.4027,0.4426,0.008796,0.5037,closed
vt_realp_1768885853028_k79msy3fz,SOL/USD,pivot_shift,HYBRID,MORNING_STAR,BULL_STABLE,ideal,134.155000,133.081760,136.167325,133.081760,stop_loss,N/A,-0.8000,0.6275,-1.4275,1.5686,2026-01-20 03:55:55,2026-01-20 05:10:53,75.0,0.6429,0.7481,0.008725,0.6712,closed
vt_realp_1768885913028_xb2l78731,ETH/USD,range_trade,QUANT,,LOW_VOL_CHOP,rotational,3185.385000,3159.901920,3233.165775,3159.901920,stop_loss,N/A,-0.8000,0.6203,-1.4203,1.5508,2026-01-20 03:55:07,2026-01-20 05:11:53,76.8,0.4760,0.5485,0.008797,0.5242,closed
vt_1768881308109_3k90tn8wj,SOL/EUR,range_trade,QUANT,,LOW_VOL_CHOP,rotational,115.170000,114.248640,116.897550,114.248640,stop_loss,N/A,-0.8000,114.7093,-1.7960,1.1471,2026-01-20 03:55:08,2026-01-20 05:13:52,78.7,0.5567,0.6486,0.002064,0.5216,closed
vt_1768881309138_58r7e0xyw,SOL/USD,pivot_shift,HYBRID,MORNING_STAR,BULL_STABLE,rotational,134.245000,133.171040,136.258675,133.171040,stop_loss,N/A,-0.8000,133.7080,-1.7960,1.3371,2026-01-20 03:55:09,2026-01-20 05:13:52,78.7,0.5951,0.6681,0.002652,0.6712,closed
vt_1768881355002_2bzd3xsvp,SOL/USD,pivot_shift,HYBRID,MORNING_STAR,BULL_STABLE,ideal,134.155000,133.081760,136.167325,133.081760,stop_loss,N/A,-0.8000,133.6184,-1.7960,1.3362,2026-01-20 03:55:55,2026-01-20 05:13:52,78.0,0.6429,0.7481,0.003369,0.6712,closed
vt_1768881355388_9quwcqyda,SOL/EUR,support_bounce,PATTERN,PINBAR,LOW_VOL_CHOP,ideal,115.170000,114.248640,116.897550,114.248640,stop_loss,N/A,-0.8000,114.7093,-1.7960,1.1471,2026-01-20 03:55:55,2026-01-20 05:13:52,78.0,0.5340,0.6282,0.001723,0.5216,closed
vt_realp_1768886033028_cuvqmnxfs,ETH/USDC,adaptive_flow,HYBRID,TRI_STAR,LOW_VOL_CHOP,rotational,3186.750000,3161.256000,3234.551250,3161.256000,stop_loss,N/A,-0.8000,0.6398,-1.4398,1.5994,2026-01-20 03:55:07,2026-01-20 05:13:53,78.8,0.4612,0.5420,0.008602,0.5240,closed
vt_realp_1768886093029_bqxzv8d7u,SOL/USDT,pivot_shift,HYBRID,MORNING_STAR,TRANSITION,ideal,133.530000,132.461760,135.532950,132.461760,stop_loss,N/A,-0.8000,0.6275,-1.4275,1.5687,2026-01-20 04:50:54,2026-01-20 05:14:53,24.0,0.5088,0.5748,0.008725,0.4802,closed
vt_realp_1768889693061_lp9qcji5o,APT/EUR,range_trade,QUANT,,LOW_VOL_CHOP,rotational,1.387400,1.371470,1.413950,1.371470,stop_loss,N/A,-1.1482,0.7435,-1.8917,1.8588,2026-01-20 03:54:55,2026-01-20 06:14:53,140.0,0.5087,0.6167,0.011701,0.5019,closed
vt_realp_1768889813060_hkxn9z88h,SOL/USD,range_trade,QUANT,,LOW_VOL_CHOP,ideal,133.375000,132.308000,135.375625,132.308000,stop_loss,N/A,-0.8000,0.6350,-1.4350,1.5875,2026-01-20 04:22:54,2026-01-20 06:16:53,114.0,0.5399,0.6178,0.008650,0.5208,closed
vt_realp_1768889813060_56h2pwb08,SOL/USD,liquidity_trap,QUANT,,TRANSITION,ideal,133.190000,132.124480,135.187850,132.124480,stop_loss,N/A,-0.8000,0.6425,-1.4425,1.6063,2026-01-20 05:02:54,2026-01-20 06:16:53,74.0,0.3871,0.4124,0.008575,0.5459,closed
vt_realp_1768889813060_mg8u4q063,SOL/USD,liquidity_trap,QUANT,,TRANSITION,ideal,132.985000,131.921120,134.979775,131.921120,stop_loss,N/A,-0.8000,0.6275,-1.4275,1.5688,2026-01-20 05:11:53,2026-01-20 06:16:53,65.0,0.5225,0.5901,0.008725,0.5471,closed
vt_realp_1768889873060_i6aso1hls,APT/USD,range_trade,QUANT,,LOW_VOL_CHOP,rotational,1.608400,1.588450,1.641650,1.588450,stop_loss,N/A,-1.2404,0.6699,-1.9102,1.6747,2026-01-20 03:54:55,2026-01-20 06:17:53,143.0,0.4804,0.5722,0.013974,0.5012,closed
vt_realp_1768889873060_y7k9janno,AVAX/USD,range_trade,QUANT,,LOW_VOL_CHOP,rotational,12.700000,12.598400,12.890500,12.598400,stop_loss,N/A,-0.8000,0.6988,-1.4988,1.7470,2026-01-20 03:55:00,2026-01-20 06:17:53,142.9,0.4665,0.5091,0.008012,0.5163,closed
vt_realp_1768889873060_46nt95f7g,SOL/USDT,pivot_shift,HYBRID,MORNING_STAR,TRANSITION,ideal,133.220000,132.154240,135.218300,132.154240,stop_loss,N/A,-0.8000,0.6350,-1.4350,1.5875,2026-01-20 05:04:54,2026-01-20 06:17:53,73.0,0.5070,0.5558,0.008650,0.5541,closed
vt_realp_1768889873060_lw5zaree6,SOL/EUR,mean_reversion,QUANT,,BEAR_VOLATILE,ideal,114.070000,113.157440,115.781050,113.157440,stop_loss,N/A,-0.8000,0.6288,-1.4288,1.5719,2026-01-20 05:10:54,2026-01-20 06:17:53,67.0,0.4763,0.4233,0.008712,0.8451,closed
vt_1768882974540_8g9syh7bn,SOL/USD,range_trade,QUANT,,LOW_VOL_CHOP,ideal,133.375000,132.308000,135.375625,132.308000,stop_loss,N/A,-0.8000,132.8415,-1.7960,1.3284,2026-01-20 04:22:54,2026-01-20 06:18:52,116.0,0.5399,0.6178,0.001748,0.5208,closed
vt_1768884654234_5atqvhkbi,SOL/USDT,pivot_shift,HYBRID,MORNING_STAR,TRANSITION,ideal,133.530000,132.461760,135.532950,132.461760,stop_loss,N/A,-0.8000,132.9959,-1.7960,1.3300,2026-01-20 04:50:54,2026-01-20 06:18:52,88.0,0.5088,0.5748,0.001358,0.4802,closed
vt_1768885374629_1lbojantc,SOL/USD,liquidity_trap,QUANT,,TRANSITION,ideal,133.190000,132.124480,135.187850,132.124480,stop_loss,N/A,-0.8000,132.6572,-1.7960,1.3266,2026-01-20 05:02:54,2026-01-20 06:18:52,76.0,0.3871,0.4124,-0.000619,0.5459,closed
vt_1768885494264_342x3qmic,SOL/USDT,pivot_shift,HYBRID,MORNING_STAR,TRANSITION,ideal,133.220000,132.154240,135.218300,132.154240,stop_loss,N/A,-0.8000,132.6871,-1.7960,1.3269,2026-01-20 05:04:54,2026-01-20 06:18:52,74.0,0.5070,0.5558,0.001254,0.5541,closed
vt_1768885854107_c21aq1w91,SOL/EUR,mean_reversion,QUANT,,BEAR_VOLATILE,ideal,114.070000,113.157440,115.781050,113.157440,stop_loss,N/A,-0.8000,113.6137,-1.7960,1.1361,2026-01-20 05:10:54,2026-01-20 06:18:52,68.0,0.4763,0.4233,0.000857,0.8451,closed
vt_1768885913885_zxljqm68d,SOL/USD,liquidity_trap,QUANT,,TRANSITION,ideal,132.985000,131.921120,134.979775,131.921120,stop_loss,N/A,-0.8000,132.4531,-1.7960,1.3245,2026-01-20 05:11:53,2026-01-20 06:18:52,67.0,0.5225,0.5901,0.001562,0.5471,closed
vt_1768889815948_ma9p6rt7s,SOL/USDT,mean_reversion,QUANT,,BEAR_VOLATILE,ideal,132.550000,134.538250,134.538250,131.489600,take_profit,N/A,1.5000,133.5441,0.4925,1.3354,2026-01-20 06:16:55,2026-01-20 06:18:52,1.9,0.4854,0.4676,0.000930,0.7357,closed
vt_1768889874718_klq52hdk1,SOL/USD,mean_reversion,QUANT,,BEAR_VOLATILE,ideal,131.760000,133.736400,133.736400,130.705920,take_profit,N/A,1.5000,132.7482,0.4925,1.3275,2026-01-20 06:17:54,2026-01-20 06:18:52,1.0,0.4700,0.4856,0.000698,0.7390,closed
vt_1768889875386_kvy12mwr2,SOL/EUR,mean_reversion,QUANT,,BEAR_VOLATILE,ideal,112.930000,114.623950,114.623950,111.982000,take_profit,N/A,1.5000,113.7770,0.4925,1.1378,2026-01-20 06:17:55,2026-01-20 06:18:52,1.0,0.4925,0.5269,0.001099,0.7025,closed
vt_1768889876170_a5sm4ojwa,SOL/USDT,mean_reversion,QUANT,,BEAR_VOLATILE,ideal,131.790000,133.766850,133.766850,130.735680,take_profit,N/A,1.5000,132.7784,0.4925,1.3278,2026-01-20 06:17:56,2026-01-20 06:18:52,0.9,0.4066,0.3993,-0.000177,0.7262,closed
vt_realp_1768889933060_ws5poe3k4,ASTER/USD,sma_trend_ride,QUANT,,BULL_STABLE,rotational,0.622940,0.614240,0.637440,0.614240,stop_loss,N/A,-1.3966,0.6972,-2.0939,1.7431,2026-01-20 03:54:57,2026-01-20 06:18:53,143.9,0.6943,0.8010,0.016304,0.6638,closed
vt_realp_1768889933060_dxwno7646,AVAX/EUR,range_trade,QUANT,,LOW_VOL_CHOP,rotational,10.880000,10.792960,11.043200,10.792960,stop_loss,N/A,-0.8000,0.8038,-1.6038,2.0096,2026-01-20 03:55:00,2026-01-20 06:18:53,143.9,0.5451,0.6368,0.006962,0.5159,closed
vt_realp_1768889933060_mzunxolme,ATOM/EUR,sma_trend_ride,QUANT,,BULL_STABLE,ideal,2.166900,2.126280,2.234600,2.126280,stop_loss,N/A,-1.8746,0.7123,-2.5869,1.7808,2026-01-20 04:54:55,2026-01-20 06:18:53,84.0,0.7214,0.8023,0.024120,0.8582,closed
vt_realp_1768889933060_3ilu1yxg8,ATOM/EUR,pivot_shift,HYBRID,MORNING_STAR,BULL_STABLE,ideal,2.167400,2.126780,2.235100,2.126780,stop_loss,N/A,-1.8741,0.7167,-2.5909,1.7918,2026-01-20 05:00:54,2026-01-20 06:18:53,78.0,0.6361,0.6952,0.024068,0.8582,closed
vt_realp_1768889933060_2rkp2dint,SOL/USD,defensive_hedge,HYBRID,ENGULFING,BEAR_VOLATILE,ideal,132.440000,131.380480,134.426600,131.380480,stop_loss,N/A,-0.8000,0.6276,-1.4276,1.5689,2026-01-20 06:14:54,2026-01-20 06:18:53,4.0,0.4245,0.3630,0.008724,0.8155,closed
vt_realp_1768889993059_ofw2nap2z,ASTER/EUR,range_trade,QUANT,,LOW_VOL_CHOP,rotational,0.538940,0.534628,0.547024,0.534628,stop_loss,N/A,-0.8000,1.1441,-1.9441,2.8603,2026-01-20 03:54:57,2026-01-20 06:19:53,144.9,0.4410,0.4937,0.003559,0.4871,closed
vt_realp_1768889993059_89d4jodsv,B2/EUR,mean_reversion,QUANT,,BEAR_VOLATILE,rotational,0.672600,0.716300,0.716300,0.646380,take_profit,N/A,6.4972,0.7694,5.7277,1.9236,2026-01-20 03:55:02,2026-01-20 06:19:53,144.8,0.4094,0.4208,0.057277,0.6731,closed
vt_realp_1768889993059_3fcu3febm,B2/USD,mean_reversion,QUANT,,BEAR_VOLATILE,rotational,0.781200,0.833900,0.833900,0.749580,take_profit,N/A,6.7460,0.7996,5.9464,1.9990,2026-01-20 03:55:03,2026-01-20 06:19:53,144.8,0.4072,0.3912,0.059464,0.6363,closed
vt_realp_1768889993059_xq6j76k4m,ASTER/USD,liquidity_trap,QUANT,,TRANSITION,ideal,0.618390,0.612558,0.628110,0.612558,stop_loss,N/A,-0.9431,0.6799,-1.6230,1.6997,2026-01-20 04:54:56,2026-01-20 06:19:53,84.9,0.4538,0.4696,0.008919,0.5310,closed
vt_realp_1768889993059_21lcyiw0u,SOL/USDT,mean_reversion,QUANT,,BEAR_VOLATILE,ideal,132.550000,131.489600,134.538250,131.489600,stop_loss,N/A,-0.8000,0.6351,-1.4351,1.5878,2026-01-20 06:16:55,2026-01-20 06:19:53,3.0,0.4854,0.4676,0.008649,0.7357,closed
vt_1768884895608_xbhtakrn9,ATOM/EUR,sma_trend_ride,QUANT,,BULL_STABLE,ideal,2.166900,2.126280,2.234600,2.126280,stop_loss,N/A,-1.8746,2.1466,-2.8652,0.0215,2026-01-20 04:54:55,2026-01-20 06:23:52,88.9,0.7214,0.8023,0.015416,0.8582,closed
vt_1768885254190_fgobahthe,ATOM/EUR,pivot_shift,HYBRID,MORNING_STAR,BULL_STABLE,ideal,2.167400,2.126780,2.235100,2.126780,stop_loss,N/A,-1.8741,2.1471,-2.8648,0.0215,2026-01-20 05:00:54,2026-01-20 06:23:52,83.0,0.6361,0.6952,0.012701,0.8582,closed
vt_1768889995971_c105x7omi,SOL/EUR,mean_reversion,QUANT,,BEAR_VOLATILE,ideal,112.610000,114.355000,114.355000,111.563000,take_profit,N/A,1.5496,113.4825,0.5418,1.1348,2026-01-20 06:19:55,2026-01-20 06:23:52,3.9,0.5018,0.5220,0.001398,0.6918,closed
vt_realp_1768891253064_9xxsg71h6,ATOM/USDT,morning_star,QUANT,MORNING_STAR,TRANSITION,rotational,2.499300,2.459580,2.565500,2.459580,stop_loss,N/A,-1.5892,0.7444,-2.3337,1.8610,2026-01-20 03:54:58,2026-01-20 06:40:53,165.9,0.4348,0.4977,0.019043,0.5539,closed
vt_realp_1768891313064_k8173230v,ATOM/EUR,morning_star,PATTERN,MORNING_STAR,BULL_STABLE,rotational,2.140600,2.108260,2.194500,2.108260,stop_loss,N/A,-1.5108,0.7417,-2.2525,1.8543,2026-01-20 03:54:58,2026-01-20 06:41:53,166.9,0.6937,0.8452,0.017762,0.7162,closed
vt_realp_1768891553063_bfsyduqp0,BERA/USD,pivot_shift,HYBRID,MORNING_STAR,BULL_STABLE,rotational,1.019100,0.952980,1.129300,0.952980,stop_loss,N/A,-6.4881,0.7672,-7.2553,1.9180,2026-01-20 03:55:04,2026-01-20 06:45:53,170.8,0.7177,0.8481,0.100463,0.8620,closed
vt_realp_1768891913067_0vqx2ahpm,ATOM/USD,pivot_shift,HYBRID,MORNING_STAR,BULL_STABLE,rotational,2.490500,2.449580,2.558700,2.449580,stop_loss,N/A,-1.6430,0.6562,-2.2992,1.6404,2026-01-20 03:54:58,2026-01-20 06:51:53,176.9,0.5919,0.6743,0.020823,0.6861,closed
vt_1768891914759_mw58dz76q,SOL/EUR,defensive_hedge,HYBRID,ENGULFING,BEAR_VOLATILE,ideal,112.710000,114.585000,114.585000,111.585000,take_profit,N/A,1.6636,113.6475,0.6552,1.1365,2026-01-20 06:51:54,2026-01-20 06:53:52,2.0,0.5000,0.5474,0.001940,0.6985,closed
vt_1768881294618_0jcg9pbmg,API3/USD,range_trade,QUANT,,LOW_VOL_CHOP,rotational,0.414800,0.414800,0.424700,0.408860,timeout,N/A,0.0000,0.4148,-1.0000,0.0041,2026-01-20 03:54:54,2026-01-20 06:58:52,184.0,0.4422,0.4760,-0.004193,0.5008,closed
vt_1768881295244_cwz81e4ux,APT/EUR,range_trade,QUANT,,LOW_VOL_CHOP,rotational,1.387400,1.387400,1.413950,1.371470,timeout,N/A,0.0000,1.3874,-1.0000,0.0139,2026-01-20 03:54:55,2026-01-20 06:58:52,184.0,0.5087,0.6167,0.002300,0.5019,closed
vt_1768881295730_0nghyq5cm,APT/USD,range_trade,QUANT,,LOW_VOL_CHOP,rotational,1.608400,1.608400,1.641650,1.588450,timeout,N/A,0.0000,1.6084,-1.0000,0.0161,2026-01-20 03:54:55,2026-01-20 06:58:52,183.9,0.4804,0.5722,0.003232,0.5012,closed
vt_1768881296410_puoe77mx9,AR/USD,pivot_shift,HYBRID,MORNING_STAR,TRANSITION,rotational,3.830000,3.830000,3.925500,3.772700,timeout,N/A,0.0000,3.8300,-1.0000,0.0383,2026-01-20 03:54:56,2026-01-20 06:58:52,183.9,0.4206,0.4513,0.000625,0.4429,closed
vt_1768881297034_wf4fej6ya,ASTER/EUR,range_trade,QUANT,,LOW_VOL_CHOP,rotational,0.538940,0.538940,0.547024,0.534628,timeout,N/A,0.0000,0.5389,-1.0000,0.0054,2026-01-20 03:54:57,2026-01-20 06:58:52,183.9,0.4410,0.4937,-0.004826,0.4871,closed
vt_1768881297423_zqgvlz2im,ASTER/USD,sma_trend_ride,QUANT,,BULL_STABLE,rotational,0.622940,0.618390,0.637440,0.614240,timeout,N/A,-0.7304,0.6207,-1.7268,0.0062,2026-01-20 03:54:57,2026-01-20 06:58:52,183.9,0.6943,0.8010,0.009189,0.6638,closed
vt_1768881298071_nkcvym59v,ATOM/EUR,morning_star,PATTERN,MORNING_STAR,BULL_STABLE,rotational,2.140600,2.120000,2.194500,2.108260,timeout,N/A,-0.9623,2.1303,-1.9575,0.0213,2026-01-20 03:54:58,2026-01-20 06:58:52,183.9,0.6937,0.8452,0.010051,0.7162,closed
vt_1768881298537_o4tyh8sju,ATOM/USD,pivot_shift,HYBRID,MORNING_STAR,BULL_STABLE,rotational,2.490500,2.470800,2.558700,2.449580,timeout,N/A,-0.7910,2.4806,-1.7871,0.0248,2026-01-20 03:54:58,2026-01-20 06:58:52,183.9,0.5919,0.6743,0.009647,0.6861,closed
vt_1768881298913_ww2gep9er,ATOM/USDT,morning_star,QUANT,MORNING_STAR,TRANSITION,rotational,2.499300,2.499300,2.565500,2.459580,timeout,N/A,0.0000,2.4993,-1.0000,0.0250,2026-01-20 03:54:58,2026-01-20 06:58:52,183.9,0.4348,0.4977,0.004074,0.5539,closed
vt_1768881299576_woba6w837,AUD/USD,pivot_shift,HYBRID,MORNING_STAR,BULL_STABLE,rotational,0.672360,0.673450,0.682445,0.666981,timeout,N/A,0.1621,0.6729,-0.8387,0.0067,2026-01-20 03:54:59,2026-01-20 06:58:52,183.9,0.6216,0.6748,0.003034,0.8597,closed
vt_1768881300285_srevw79ve,AVAX/EUR,range_trade,QUANT,,LOW_VOL_CHOP,rotational,10.880000,10.880000,11.043200,10.792960,timeout,N/A,0.0000,10.8800,-1.0000,0.1088,2026-01-20 03:55:00,2026-01-20 06:58:52,183.9,0.5451,0.6368,0.000138,0.5159,closed
vt_1768881300665_i6m4iozxc,AVAX/USD,range_trade,QUANT,,LOW_VOL_CHOP,rotational,12.700000,12.700000,12.890500,12.598400,timeout,N/A,0.0000,12.7000,-1.0000,0.1270,2026-01-20 03:55:00,2026-01-20 06:58:52,183.9,0.4665,0.5091,0.000010,0.5163,closed
vt_1768881301308_vt3v954r8,AVNT/USD,liquidity_trap,QUANT,,TRANSITION,rotational,0.286090,0.286090,0.308640,0.272560,timeout,N/A,0.0000,0.2861,-1.0000,0.0029,2026-01-20 03:55:01,2026-01-20 06:58:52,183.9,0.4297,0.4783,0.027111,0.4635,closed
vt_1768881301970_to6tuzxpw,AXS/EUR,sma_trend_ride,QUANT,,BULL_STABLE,rotational,1.712000,1.725000,1.861000,1.622600,timeout,N/A,0.7593,1.7185,-0.2445,0.0172,2026-01-20 03:55:01,2026-01-20 06:58:52,183.8,0.6251,0.6793,0.039354,0.9317,closed
vt_1768881302354_lw2z9r3yt,AXS/USD,pivot_shift,HYBRID,MORNING_STAR,BULL_STABLE,rotational,1.987000,2.033000,2.173000,1.875400,timeout,N/A,2.3150,2.0100,1.3035,0.0201,2026-01-20 03:55:02,2026-01-20 06:58:52,183.8,0.6944,0.7399,0.057289,0.9309,closed
vt_1768881302735_1cj439c9x,B2/EUR,mean_reversion,QUANT,,BEAR_VOLATILE,rotational,0.672600,0.672600,0.716300,0.646380,timeout,N/A,0.0000,0.6726,-1.0000,0.0067,2026-01-20 03:55:02,2026-01-20 06:58:52,183.8,0.4094,0.4208,0.018905,0.6731,closed
vt_1768881303390_zpaby7sek,B2/USD,mean_reversion,QUANT,,BEAR_VOLATILE,rotational,0.781200,0.781200,0.833900,0.749580,timeout,N/A,0.0000,0.7812,-1.0000,0.0078,2026-01-20 03:55:03,2026-01-20 06:58:52,183.8,0.4072,0.3912,0.019474,0.6363,closed
vt_1768881303974_0cxwyp2te,BAND/USD,mean_reversion,QUANT,,BEAR_VOLATILE,rotational,0.328800,0.328800,0.339800,0.322200,timeout,N/A,0.0000,0.3288,-1.0000,0.0033,2026-01-20 03:55:03,2026-01-20 06:58:52,183.8,0.3777,0.3998,0.003693,0.5000,closed
vt_1768881304627_row96dneq,BERA/USD,pivot_shift,HYBRID,MORNING_STAR,BULL_STABLE,rotational,1.019100,0.988900,1.129300,0.952980,timeout,N/A,-2.9634,1.0040,-3.9486,0.0100,2026-01-20 03:55:04,2026-01-20 06:58:52,183.8,0.7177,0.8481,0.069932,0.8620,closed
vt_1768881305268_h1jsnuipe,DAI/EUR,range_trade,QUANT,,LOW_VOL_CHOP,rotational,0.858400,0.858400,0.871276,0.851533,timeout,N/A,0.0000,0.8584,-1.0000,0.0086,2026-01-20 03:55:05,2026-01-20 06:58:52,183.8,0.4643,0.5227,0.000274,0.5476,closed
vt_1768881305897_pek542e8p,DAI/USD,range_trade,QUANT,,LOW_VOL_CHOP,rotational,0.999880,0.999820,1.014878,0.991881,timeout,N/A,-0.0060,0.9999,-1.0060,0.0100,2026-01-20 03:55:05,2026-01-20 06:58:52,183.8,0.4859,0.5137,0.000888,0.5478,closed
vt_1768881306583_5s48c1r6e,DAI/USDT,range_trade,QUANT,,LOW_VOL_CHOP,rotational,1.001260,1.000230,1.016279,0.993250,timeout,N/A,-0.1029,1.0007,-1.1024,0.0100,2026-01-20 03:55:06,2026-01-20 06:58:52,183.8,0.4826,0.5338,-0.000061,0.5475,closed
vt_1768881306977_x8d6rt07o,ETH/EUR,pivot_shift,HYBRID,MORNING_STAR,TRANSITION,rotational,2732.690000,2732.690000,2773.680350,2710.828480,timeout,N/A,0.0000,2732.6900,-1.0000,27.3269,2026-01-20 03:55:06,2026-01-20 06:58:52,183.8,0.4027,0.4426,-0.000164,0.5037,closed
vt_1768881307364_ia7rsq23o,ETH/USD,range_trade,QUANT,,LOW_VOL_CHOP,rotational,3185.385000,3185.385000,3233.165775,3159.901920,timeout,N/A,0.0000,3185.3850,-1.0000,31.8539,2026-01-20 03:55:07,2026-01-20 06:58:52,183.8,0.4760,0.5485,0.000937,0.5242,closed
vt_1768881307784_sj8ga7981,ETH/USDC,adaptive_flow,HYBRID,TRI_STAR,LOW_VOL_CHOP,rotational,3186.750000,3186.750000,3234.551250,3161.256000,timeout,N/A,0.0000,3186.7500,-1.0000,31.8675,2026-01-20 03:55:07,2026-01-20 06:58:52,183.7,0.4612,0.5420,0.000520,0.5240,closed
vt_1768881308760_pihgknx8c,SOL/GBP,range_trade,QUANT,,LOW_VOL_CHOP,rotational,99.920000,99.920000,101.418800,99.120640,timeout,N/A,0.0000,99.9200,-1.0000,0.9992,2026-01-20 03:55:08,2026-01-20 06:58:52,183.7,0.5074,0.5724,0.001310,0.5209,closed
vt_1768881309526_s7an0js9x,SOL/USDC,morning_star,QUANT,MORNING_STAR,TRANSITION,rotational,134.430000,134.430000,136.446450,133.354560,timeout,N/A,0.0000,134.4300,-1.0000,1.3443,2026-01-20 03:55:09,2026-01-20 06:58:52,183.7,0.4301,0.4519,0.000028,0.5487,closed
vt_1768881310877_yicpm0980,USDC/AUD,adaptive_flow,HYBRID,TRI_STAR,LOW_VOL_CHOP,rotational,1.486800,1.484400,1.509102,1.474906,timeout,N/A,-0.1614,1.4856,-1.1606,0.0149,2026-01-20 03:55:10,2026-01-20 06:58:52,183.7,0.5225,0.6386,0.001503,0.5462,closed
vt_1768881311247_1jt1hyvri,USDC/CAD,range_trade,QUANT,,LOW_VOL_CHOP,rotational,1.385200,1.385200,1.405978,1.374118,timeout,N/A,0.0000,1.3852,-1.0000,0.0139,2026-01-20 03:55:11,2026-01-20 06:58:53,183.7,0.4333,0.4522,0.000155,0.5477,closed
vt_1768881311623_ssdefmy5g,USDC/CHF,range_trade,QUANT,,LOW_VOL_CHOP,rotational,0.796600,0.796100,0.808549,0.790227,timeout,N/A,-0.0628,0.7964,-1.0625,0.0080,2026-01-20 03:55:11,2026-01-20 06:58:53,183.7,0.5334,0.6383,0.001550,0.5469,closed
vt_1768881312307_incmdwlaz,USDC/EUR,range_trade,QUANT,,LOW_VOL_CHOP,rotational,0.857800,0.857800,0.870667,0.850938,timeout,N/A,0.0000,0.8578,-1.0000,0.0086,2026-01-20 03:55:12,2026-01-20 06:58:53,183.7,0.4306,0.4603,0.000142,0.5474,closed
vt_1768881312698_n1dmw971l,USDC/GBP,range_trade,QUANT,,LOW_VOL_CHOP,rotational,0.744100,0.744100,0.755261,0.738147,timeout,N/A,0.0000,0.7441,-1.0000,0.0074,2026-01-20 03:55:12,2026-01-20 06:58:53,183.7,0.4517,0.5262,0.000441,0.5472,closed
vt_1768881313105_fftorrpk2,USDC/USD,range_trade,QUANT,,LOW_VOL_CHOP,rotational,0.999700,0.999700,1.014695,0.991702,timeout,N/A,0.0000,0.9997,-1.0000,0.0100,2026-01-20 03:55:13,2026-01-20 06:58:53,183.7,0.4141,0.4673,-0.000088,0.5493,closed
vt_1768881313475_qknjw12kz,USDC/USDT,range_trade,QUANT,,LOW_VOL_CHOP,rotational,1.000400,1.000400,1.015406,0.992397,timeout,N/A,0.0000,1.0004,-1.0000,0.0100,2026-01-20 03:55:13,2026-01-20 06:58:54,183.7,0.4152,0.4628,-0.000072,0.5492,closed
vt_1768881313938_zx1612dn2,USDT/AUD,defensive_hedge,HYBRID,ENGULFING,BEAR_VOLATILE,rotational,1.486100,1.486100,1.508391,1.474211,timeout,N/A,0.0000,1.4861,-1.0000,0.0149,2026-01-20 03:55:13,2026-01-20 06:58:54,183.7,0.3956,0.3597,-0.000333,0.7000,closed
vt_1768881314612_f2xhlnoel,USDT/CAD,range_trade,QUANT,,LOW_VOL_CHOP,rotational,1.384400,1.383700,1.405166,1.373325,timeout,N/A,-0.0506,1.3841,-1.0503,0.0138,2026-01-20 03:55:14,2026-01-20 06:58:54,183.7,0.5131,0.6060,0.001424,0.5479,closed
vt_1768881315365_e9u9l6gip,USDT/CHF,adaptive_flow,HYBRID,TRI_STAR,LOW_VOL_CHOP,rotational,0.796060,0.796060,0.808001,0.789692,timeout,N/A,0.0000,0.7961,-1.0000,0.0080,2026-01-20 03:55:15,2026-01-20 06:58:54,183.7,0.4229,0.4624,0.000019,0.5471,closed
vt_1768881316016_5m89ay45e,USDT/EUR,mean_reversion,QUANT,,BEAR_VOLATILE,rotational,0.857300,0.856500,0.870159,0.850442,timeout,N/A,-0.0933,0.8569,-1.0928,0.0086,2026-01-20 03:55:16,2026-01-20 06:58:54,183.6,0.4889,0.5269,0.001016,0.6818,closed
vt_1768881316385_ia4y8fxxb,USDT/GBP,range_trade,QUANT,,LOW_VOL_CHOP,rotational,0.743600,0.743600,0.754754,0.737651,timeout,N/A,0.0000,0.7436,-1.0000,0.0074,2026-01-20 03:55:16,2026-01-20 06:58:54,183.6,0.4607,0.4927,0.000576,0.5471,closed
vt_1768881316770_0pg9w1fmm,BTC/USD,defensive_hedge,HYBRID,ENGULFING,BEAR_VOLATILE,rotational,92370.150000,92370.150000,93755.702250,91631.188800,timeout,N/A,0.0000,92370.1500,-1.0000,923.7015,2026-01-20 03:55:16,2026-01-20 06:58:54,183.6,0.4553,0.4110,0.000629,0.8475,closed
vt_1768881356105_uedsg5g0w,USDC/CHF,range_trade,QUANT,,LOW_VOL_CHOP,ideal,0.796600,0.796100,0.808549,0.790227,timeout,N/A,-0.0628,0.7964,-1.0625,0.0080,2026-01-20 03:55:56,2026-01-20 06:58:55,183.0,0.5102,0.6204,0.001201,0.5469,closed
vt_1768881356758_64z6383oc,USDC/AUD,adaptive_flow,HYBRID,TRI_STAR,LOW_VOL_CHOP,ideal,1.486800,1.484400,1.509102,1.474906,timeout,N/A,-0.1614,1.4856,-1.1606,0.0149,2026-01-20 03:55:56,2026-01-20 06:58:55,183.0,0.5353,0.5945,0.001627,0.5462,closed
vt_1768881357431_dvkvpqx1e,USDT/CAD,range_trade,QUANT,,LOW_VOL_CHOP,ideal,1.384400,1.383700,1.405166,1.373325,timeout,N/A,-0.0506,1.3841,-1.0503,0.0138,2026-01-20 03:55:57,2026-01-20 06:58:55,183.0,0.5489,0.6160,0.001962,0.5479,closed
vt_1768881357799_lh0zs479e,SOL/GBP,range_trade,QUANT,,LOW_VOL_CHOP,ideal,99.920000,99.920000,101.418800,99.120640,timeout,N/A,0.0000,99.9200,-1.0000,0.9992,2026-01-20 03:55:57,2026-01-20 06:58:55,183.0,0.4481,0.5086,0.000421,0.5209,closed
vt_realp_1768893533071_wououw4gu,AR/USD,pivot_shift,HYBRID,MORNING_STAR,TRANSITION,rotational,3.830000,3.772700,3.925500,3.772700,stop_loss,N/A,-1.4961,0.9862,-2.4823,2.4655,2026-01-20 03:54:56,2026-01-20 07:18:53,203.9,0.4206,0.4513,0.015073,0.4429,closed
vt_realp_1768894613075_v8du5avk0,ATOM/EUR,pivot_shift,HYBRID,MORNING_STAR,TRANSITION,ideal,2.120000,2.077790,2.190350,2.077790,stop_loss,N/A,-1.9910,0.7476,-2.7387,1.8691,2026-01-20 06:18:55,2026-01-20 07:36:53,78.0,0.4985,0.5779,0.025708,0.4653,closed
vt_1768889935161_89j2y0kbn,ATOM/EUR,pivot_shift,HYBRID,MORNING_STAR,TRANSITION,ideal,2.120000,2.077790,2.190350,2.077790,stop_loss,N/A,-1.9910,2.0989,-2.9811,0.0210,2026-01-20 06:18:55,2026-01-20 07:38:52,80.0,0.4985,0.5779,0.009067,0.4653,closed
vt_1768894614283_7nuq9b2qn,ATOM/EUR,mean_reversion,QUANT,,BEAR_VOLATILE,ideal,2.074700,2.145050,2.145050,2.032490,take_profit,N/A,3.3909,2.1099,2.3739,0.0211,2026-01-20 07:36:54,2026-01-20 07:38:52,2.0,0.4713,0.5171,0.008913,0.7167,closed
vt_realp_1768894973075_0eg0ciw1y,ATOM/USD,pivot_shift,HYBRID,MORNING_STAR,TRANSITION,ideal,2.470800,2.417220,2.560100,2.417220,stop_loss,N/A,-2.1685,0.7010,-2.8696,1.7526,2026-01-20 06:18:56,2026-01-20 07:42:53,83.9,0.3912,0.4136,0.029132,0.5008,closed
vt_realp_1768895873077_mq7xb2tmw,SOL/EUR,mean_reversion,QUANT,,BEAR_VOLATILE,ideal,112.930000,111.982000,114.623950,111.982000,stop_loss,N/A,-0.8395,0.6289,-1.4683,1.5721,2026-01-20 06:17:55,2026-01-20 07:57:53,100.0,0.4925,0.5269,0.008711,0.7025,closed
vt_1768884834209_wzfw6tplz,USDT/CAD,range_trade,QUANT,,LOW_VOL_CHOP,ideal,1.384200,1.383700,1.404963,1.373126,timeout,N/A,-0.0361,1.3840,-1.0359,0.0138,2026-01-20 04:53:54,2026-01-20 07:58:52,185.0,0.5286,0.5914,0.001584,0.5479,closed
vt_1768884894216_vg5limk2p,BERA/USD,sma_trend_ride,QUANT,,BULL_STABLE,ideal,1.013000,0.988000,1.123200,0.946880,timeout,N/A,-2.4679,1.0005,-3.4556,0.0100,2026-01-20 04:54:54,2026-01-20 07:58:52,184.0,0.5985,0.6809,0.056242,0.7521,closed
vt_1768884894669_gh80b1psn,AXS/USD,pivot_shift,HYBRID,MORNING_STAR,BULL_STABLE,ideal,2.099000,2.052000,2.419500,1.906700,timeout,N/A,-2.2392,2.0755,-3.2280,0.0208,2026-01-20 04:54:54,2026-01-20 07:58:52,184.0,0.6995,0.7971,0.100128,0.9074,closed
vt_1768884896202_gxtst25mu,ASTER/USD,liquidity_trap,QUANT,,TRANSITION,ideal,0.618390,0.618390,0.628110,0.612558,timeout,N/A,0.0000,0.6184,-1.0000,0.0062,2026-01-20 04:54:56,2026-01-20 07:58:52,183.9,0.4538,0.4696,0.000333,0.5310,closed
vt_1768895874619_mn580jlse,SOL/EUR,mean_reversion,QUANT,,BEAR_VOLATILE,ideal,111.950000,114.005000,114.005000,110.717000,take_profit,N/A,1.8356,112.9775,0.8265,1.1298,2026-01-20 07:57:54,2026-01-20 07:58:52,1.0,0.4411,0.4677,0.001718,0.5381,closed
vt_realp_1768895933075_eqfvtz3fs,SOL/USD,mean_reversion,QUANT,,BEAR_VOLATILE,ideal,131.760000,130.705920,133.736400,130.705920,stop_loss,N/A,-0.8000,0.6352,-1.4352,1.5879,2026-01-20 06:17:54,2026-01-20 07:58:53,101.0,0.4700,0.4856,0.008648,0.7390,closed
vt_realp_1768895933075_jnkhmdlvl,SOL/USDT,mean_reversion,QUANT,,BEAR_VOLATILE,ideal,131.790000,130.735680,133.766850,130.735680,stop_loss,N/A,-0.8000,0.6276,-1.4276,1.5690,2026-01-20 06:17:56,2026-01-20 07:58:53,100.9,0.4066,0.3993,0.008724,0.7262,closed
vt_1768885314453_r4t88746j,AXS/EUR,pivot_shift,HYBRID,MORNING_STAR,BULL_STABLE,ideal,1.799000,1.725000,2.025000,1.663400,timeout,N/A,-4.1134,1.7620,-5.0928,0.0176,2026-01-20 05:01:54,2026-01-20 08:03:52,182.0,0.6361,0.7115,0.063710,0.8674,closed
vt_1768895935069_6k05ome73,SOL/USDT,mean_reversion,QUANT,,BEAR_VOLATILE,ideal,130.670000,132.885000,132.885000,129.341000,take_profit,N/A,1.6951,131.7775,0.6866,1.3178,2026-01-20 07:58:55,2026-01-20 08:03:52,5.0,0.3970,0.3851,0.000300,0.5449,closed
vt_realp_1768896233082_ijrpusn68,SOL/EUR,mean_reversion,QUANT,,BEAR_VOLATILE,ideal,112.610000,111.563000,114.355000,111.563000,stop_loss,N/A,-0.9298,0.6378,-1.5676,1.5945,2026-01-20 06:19:55,2026-01-20 08:03:53,104.0,0.5018,0.5220,0.009118,0.6918,closed
vt_realp_1768896233082_9obxg15vj,SOL/EUR,defensive_hedge,HYBRID,ENGULFING,BEAR_VOLATILE,ideal,112.710000,111.585000,114.585000,111.585000,stop_loss,N/A,-0.9981,0.6377,-1.6359,1.5944,2026-01-20 06:51:54,2026-01-20 08:03:53,72.0,0.5000,0.5474,0.010258,0.6985,closed
vt_realp_1768896413081_czltgc9fa,BAND/USD,mean_reversion,QUANT,,BEAR_VOLATILE,rotational,0.328800,0.322200,0.339800,0.322200,stop_loss,N/A,-2.0073,0.8943,-2.9016,2.2358,2026-01-20 03:55:03,2026-01-20 08:06:53,251.8,0.3777,0.3998,0.024512,0.5000,closed
vt_1768889694439_z267nz0hb,SOL/USD,defensive_hedge,HYBRID,ENGULFING,BEAR_VOLATILE,ideal,132.440000,131.380480,134.426600,131.380480,stop_loss,N/A,-0.8000,131.9102,-1.7960,1.3191,2026-01-20 06:14:54,2026-01-20 08:08:52,114.0,0.4245,0.3630,0.000092,0.8155,closed
vt_1768896234999_ktubfc7u1,SOL/USD,mean_reversion,QUANT,,BEAR_VOLATILE,ideal,130.400000,132.765000,132.765000,128.981000,take_profit,N/A,1.8137,131.5825,0.8046,1.3158,2026-01-20 08:03:54,2026-01-20 08:08:52,5.0,0.4583,0.4930,0.002036,0.5452,closed
vt_1768885854832_yue1ryvyb,USDC/AUD,defensive_hedge,HYBRID,ENGULFING,BEAR_VOLATILE,ideal,1.484400,1.484400,1.506666,1.472525,timeout,N/A,0.0000,1.4844,-1.0000,0.0148,2026-01-20 05:10:54,2026-01-20 08:13:52,183.0,0.4778,0.5203,0.000765,0.5286,closed
vt_realp_1768896893083_jfsw3ppi9,SOL/EUR,mean_reversion,QUANT,,BEAR_VOLATILE,ideal,111.950000,110.717000,114.005000,110.717000,stop_loss,N/A,-1.1014,0.6379,-1.7393,1.5947,2026-01-20 07:57:54,2026-01-20 08:14:53,17.0,0.4411,0.4677,0.011978,0.5381,closed
vt_realp_1768896893083_r1a3vc1j7,SOL/USDT,mean_reversion,QUANT,,BEAR_VOLATILE,ideal,130.670000,129.341000,132.885000,129.341000,stop_loss,N/A,-1.0171,0.6430,-1.6600,1.6074,2026-01-20 07:58:55,2026-01-20 08:14:53,16.0,0.3970,0.3851,0.010521,0.5449,closed
vt_1768886034259_masszxthl,AXS/EUR,sma_trend_ride,QUANT,,BULL_STABLE,ideal,1.754000,1.725000,1.980000,1.618400,timeout,N/A,-1.6534,1.7395,-2.6451,0.0174,2026-01-20 05:13:54,2026-01-20 08:18:52,185.0,0.7134,0.8239,0.082320,0.7938,closed
vt_1768886094208_puzc7751r,USDT/CAD,range_trade,QUANT,,LOW_VOL_CHOP,ideal,1.383700,1.383700,1.404455,1.372630,timeout,N/A,0.0000,1.3837,-1.0000,0.0138,2026-01-20 05:14:54,2026-01-20 08:18:52,184.0,0.4494,0.4704,0.000252,0.5479,closed
vt_1768896894327_o6lioiyxf,SOL/EUR,mean_reversion,QUANT,,BEAR_VOLATILE,ideal,110.540000,113.370000,113.370000,108.842000,take_profit,N/A,2.5602,111.9550,1.5474,1.1196,2026-01-20 08:14:54,2026-01-20 08:18:52,4.0,0.3753,0.3815,0.003137,0.5291,closed
vt_realp_1768898213088_w6k6yb6qp,SOL/USD,mean_reversion,QUANT,,BEAR_VOLATILE,ideal,130.400000,128.981000,132.765000,128.981000,stop_loss,N/A,-1.0882,0.6277,-1.7159,1.5692,2026-01-20 08:03:54,2026-01-20 08:36:53,33.0,0.4583,0.4930,0.011860,0.5452,closed
vt_1768898214091_fc945lvev,AVAX/EUR,mean_reversion,QUANT,,BEAR_VOLATILE,ideal,10.620000,10.835000,10.835000,10.491000,take_profit,N/A,2.0245,10.7275,1.0144,0.1073,2026-01-20 08:36:54,2026-01-20 08:38:52,2.0,0.5055,0.5233,0.003092,0.6628,closed
vt_realp_1768899353091_axufwi4da,USDT/CHF,adaptive_flow,HYBRID,TRI_STAR,LOW_VOL_CHOP,rotational,0.796060,0.789692,0.808001,0.789692,stop_loss,N/A,-0.8000,0.6326,-1.4326,1.5814,2026-01-20 03:55:15,2026-01-20 08:55:53,300.6,0.4229,0.4624,0.008674,0.5471,closed
vt_realp_1768899413100_zbjao5xyl,USDC/CHF,range_trade,QUANT,,LOW_VOL_CHOP,rotational,0.796600,0.790227,0.808549,0.790227,stop_loss,N/A,-0.8000,0.6451,-1.4451,1.6128,2026-01-20 03:55:11,2026-01-20 08:56:53,301.7,0.5334,0.6383,0.008549,0.5469,closed
vt_realp_1768899413100_b5z6azl08,USDC/CHF,range_trade,QUANT,,LOW_VOL_CHOP,ideal,0.796600,0.790227,0.808549,0.790227,stop_loss,N/A,-0.8000,0.6451,-1.4451,1.6128,2026-01-20 03:55:56,2026-01-20 08:56:53,300.9,0.5102,0.6204,0.008549,0.5469,closed
vt_1768899414507_igkfi1cms,ETH/USD,defensive_hedge,HYBRID,ENGULFING,BEAR_VOLATILE,ideal,3097.525000,3173.490000,3173.490000,3051.946000,take_profit,N/A,2.4524,3135.5075,1.4402,31.3551,2026-01-20 08:56:54,2026-01-20 08:58:52,2.0,0.4786,0.5215,0.005488,0.6040,closed
vt_1768889814751_gz0ppidqc,USDC/CHF,adaptive_flow,HYBRID,TRI_STAR,LOW_VOL_CHOP,ideal,0.796100,0.792800,0.808041,0.789731,timeout,N/A,-0.4145,0.7944,-1.4124,0.0079,2026-01-20 06:16:54,2026-01-20 09:18:52,182.0,0.4804,0.5375,0.000754,0.5470,closed
vt_1768889815472_u1i1r9vy6,USDT/EUR,range_trade,QUANT,,LOW_VOL_CHOP,ideal,0.856500,0.856500,0.869347,0.849648,timeout,N/A,0.0000,0.8565,-1.0000,0.0086,2026-01-20 06:16:55,2026-01-20 09:18:52,182.0,0.5265,0.6493,0.001580,0.5474,closed
vt_1768889874068_0ihyoty03,USDT/EUR,range_trade,QUANT,,LOW_VOL_CHOP,ideal,0.856600,0.856500,0.869449,0.849747,timeout,N/A,-0.0117,0.8566,-1.0116,0.0086,2026-01-20 06:17:54,2026-01-20 09:18:52,181.0,0.5387,0.6193,0.001763,0.5474,closed
vt_1768889934486_y11gqblk3,AXS/USD,pivot_shift,HYBRID,MORNING_STAR,BULL_STABLE,ideal,2.033000,1.970000,2.353500,1.840700,timeout,N/A,-3.0989,2.0015,-4.0834,0.0200,2026-01-20 06:18:54,2026-01-20 09:23:52,185.0,0.6900,0.8273,0.101105,0.7335,closed
vt_1768889935549_95xfzkqjy,AUD/USD,adaptive_flow,HYBRID,TRI_STAR,LOW_VOL_CHOP,ideal,0.673450,0.673450,0.683552,0.668062,timeout,N/A,0.0000,0.6734,-1.0000,0.0067,2026-01-20 06:18:55,2026-01-20 09:23:52,184.9,0.4452,0.4947,0.000091,0.5458,closed
vt_1768889935940_9ohgi1k9y,BERA/USD,liquidity_trap,QUANT,,TRANSITION,ideal,0.988900,0.988000,1.085850,0.930730,timeout,N/A,-0.0910,0.9885,-1.0906,0.0099,2026-01-20 06:18:55,2026-01-20 09:23:52,184.9,0.4265,0.4529,0.032884,0.4888,closed
vt_1768889936612_wzjdt4mdg,ATOM/USD,pivot_shift,HYBRID,MORNING_STAR,TRANSITION,ideal,2.470800,2.470800,2.560100,2.417220,timeout,N/A,0.0000,2.4708,-1.0000,0.0247,2026-01-20 06:18:56,2026-01-20 09:23:52,184.9,0.3912,0.4136,0.007129,0.5008,closed
vt_1768889994423_t156da1yn,AXS/EUR,sma_trend_ride,QUANT,,BULL_STABLE,ideal,1.725000,1.709000,1.951000,1.589400,timeout,N/A,-0.9275,1.7170,-1.9229,0.0172,2026-01-20 06:19:54,2026-01-20 09:23:52,184.0,0.6060,0.7062,0.064522,0.6441,closed
vt_1768889995117_jr3gnwjbu,USDT/EUR,mean_reversion,QUANT,,BEAR_VOLATILE,ideal,0.856500,0.856500,0.869347,0.849648,timeout,N/A,0.0000,0.8565,-1.0000,0.0086,2026-01-20 06:19:55,2026-01-20 09:23:52,184.0,0.3925,0.4183,-0.000430,0.6000,closed
vt_1768889996350_g9pcxnvh6,DAI/USDT,range_trade,QUANT,,LOW_VOL_CHOP,ideal,1.000230,1.000230,1.015233,0.992228,timeout,N/A,0.0000,1.0002,-1.0000,0.0100,2026-01-20 06:19:56,2026-01-20 09:23:52,183.9,0.5056,0.5675,0.000495,0.5475,closed
vt_1768889996724_98difhu5a,DAI/USD,range_trade,QUANT,,LOW_VOL_CHOP,ideal,0.999890,0.999830,1.014888,0.991891,timeout,N/A,-0.0060,0.9999,-1.0060,0.0100,2026-01-20 06:19:56,2026-01-20 09:23:52,183.9,0.5220,0.6443,0.001319,0.5478,closed
vt_realp_1768901633102_ob4co975w,USDC/CHF,adaptive_flow,HYBRID,TRI_STAR,LOW_VOL_CHOP,ideal,0.796100,0.789731,0.808041,0.789731,stop_loss,N/A,-0.8000,0.6451,-1.4451,1.6128,2026-01-20 06:16:54,2026-01-20 09:33:53,197.0,0.4804,0.5375,0.008549,0.5470,closed
vt_1768891254272_o2md1vttp,DAI/USD,range_trade,QUANT,,LOW_VOL_CHOP,ideal,0.999820,0.999830,1.014817,0.991821,timeout,N/A,0.0010,0.9998,-0.9990,0.0100,2026-01-20 06:40:54,2026-01-20 09:43:52,183.0,0.5166,0.6214,0.001319,0.5478,closed
vt_1768891314628_w70m644r6,DAI/USD,range_trade,QUANT,,LOW_VOL_CHOP,ideal,0.999820,0.999830,1.014817,0.991821,timeout,N/A,0.0010,0.9998,-0.9990,0.0100,2026-01-20 06:41:54,2026-01-20 09:43:52,182.0,0.5263,0.6168,0.001454,0.5478,closed
vt_1768891554317_z1ybr9c45,DAI/USD,range_trade,QUANT,,LOW_VOL_CHOP,ideal,0.999820,0.999830,1.014817,0.991821,timeout,N/A,0.0010,0.9998,-0.9990,0.0100,2026-01-20 06:45:54,2026-01-20 09:48:52,183.0,0.4765,0.5754,0.000698,0.5478,closed
vt_1768893534185_w4f8o84ru,BERA/USD,mean_reversion,QUANT,,BEAR_VOLATILE,ideal,0.988000,0.988000,1.084950,0.929830,timeout,N/A,0.0000,0.9880,-1.0000,0.0099,2026-01-20 07:18:54,2026-01-20 10:23:52,185.0,0.4124,0.3542,0.031033,0.8203,closed
vt_1768894974191_z8u859m17,AXS/USD,sma_trend_ride,QUANT,,BULL_STABLE,ideal,2.052000,1.970000,2.372500,1.859700,timeout,N/A,-3.9961,2.0110,-4.9761,0.0201,2026-01-20 07:42:54,2026-01-20 10:43:52,181.0,0.6208,0.7014,0.088818,0.7564,closed
vts_ADI_USD_1768909162526,ADI/USD,adaptive_flow,HYBRID,TRI_STAR,LOW_VOL_CHOP,rotational,1.575400,1.562797,1.599031,1.562797,stop_loss,N/A,-0.8000,0.6263,-1.4263,1.5659,2026-01-20 11:04:28,2026-01-20 11:39:22,34.9,0.4282,0.5043,0.008737,0.5315,closed
vts_ADA_USD_1768914442537,ADA/USD,defensive_hedge,HYBRID,ENGULFING,BEAR_VOLATILE,rotational,0.359694,0.356816,0.365089,0.356816,stop_loss,N/A,-0.8000,0.6203,-1.4203,1.5507,2026-01-20 11:04:26,2026-01-20 13:07:22,122.9,0.3963,0.3825,0.008797,0.6642,closed
vts_ADA_AUD_1768914502538,ADA/AUD,liquidity_trap,QUANT,,TRANSITION,rotational,0.546350,0.540155,0.556675,0.540155,stop_loss,N/A,-1.1339,0.7436,-1.8775,1.8591,2026-01-20 11:04:24,2026-01-20 13:08:22,124.0,0.4147,0.4609,0.011462,0.4838,closed
vts_AERO_EUR_1768915942541,AERO/EUR,mean_reversion,QUANT,,BEAR_VOLATILE,rotational,0.412000,0.403810,0.425650,0.403810,stop_loss,N/A,-1.9879,0.9647,-2.9526,2.4119,2026-01-20 11:04:28,2026-01-20 13:32:22,147.9,0.4666,0.4443,0.023484,0.6979,closed
vts_ETH_USD_1768916062543,ETH/USD,mean_reversion,QUANT,,BEAR_VOLATILE,rotational,3103.465000,3078.637280,3150.016975,3078.637280,stop_loss,N/A,-0.8000,0.6203,-1.4203,1.5508,2026-01-20 11:04:33,2026-01-20 13:34:22,149.8,0.4152,0.3995,0.008797,0.7408,closed
vts_ETH_USDC_1768919602558,ETH/USDC,mean_reversion,QUANT,,BEAR_VOLATILE,rotational,3104.380000,3059.554000,3179.090000,3059.554000,stop_loss,N/A,-1.4440,0.6281,-2.0720,1.5701,2026-01-20 11:04:33,2026-01-20 14:33:22,208.8,0.4967,0.5029,0.017785,0.7382,closed
vts_ETH_USDC_1768919602558,ETH/USDC,mean_reversion,QUANT,,BEAR_VOLATILE,ideal,3104.380000,3059.554000,3179.090000,3059.554000,stop_loss,N/A,-1.4440,0.6203,-2.0643,1.5508,2026-01-20 11:05:25,2026-01-20 14:33:22,208.0,0.4261,0.3638,0.017863,0.7507,closed
vts_ETH_EUR_1768920562566,ETH/EUR,mean_reversion,QUANT,,BEAR_VOLATILE,rotational,2644.970000,2600.054000,2719.830000,2600.054000,stop_loss,N/A,-1.6982,0.6204,-2.3185,1.5509,2026-01-20 11:04:32,2026-01-20 14:49:22,224.8,0.4661,0.4361,0.022099,0.7413,closed
vts_BTC_USD_1768920562566,BTC/USD,range_trade,QUANT,,LOW_VOL_CHOP,rotational,91230.750000,90500.904000,92599.211250,90500.904000,stop_loss,N/A,-0.8000,0.6201,-1.4201,1.5503,2026-01-20 11:04:44,2026-01-20 14:49:22,224.6,0.4915,0.5351,0.008799,0.5314,closed
vts_ETH_EUR_1768920562566,ETH/EUR,reverse_impulse,HYBRID,PINBAR,BEAR_VOLATILE,ideal,2644.970000,2600.054000,2719.830000,2600.054000,stop_loss,N/A,-1.6982,0.6204,-2.3185,1.5509,2026-01-20 11:05:27,2026-01-20 14:49:22,223.9,0.4227,0.4106,0.022099,0.7469,closed
vts_SOL_USD_1768921762572,SOL/USD,defensive_hedge,HYBRID,ENGULFING,BEAR_VOLATILE,rotational,128.925000,127.893600,130.858875,127.893600,stop_loss,N/A,-0.8000,0.6278,-1.4278,1.5694,2026-01-20 11:04:35,2026-01-20 15:09:22,244.8,0.3584,0.3565,0.008722,0.5868,closed
vts_0G_USD_1768925482831,0G/USD,mean_reversion,QUANT,,BEAR_VOLATILE,rotational,0.781000,0.765700,0.806500,0.765700,stop_loss,N/A,-1.9590,0.7482,-2.7072,1.8705,2026-01-20 11:04:24,2026-01-20 16:11:22,307.0,0.4604,0.4926,0.025168,0.7162,closed
vts_0G_EUR_1768926802589,0G/EUR,mean_reversion,QUANT,,BEAR_VOLATILE,rotational,0.664000,0.649900,0.687500,0.649900,stop_loss,N/A,-2.1235,0.9217,-3.0452,2.3041,2026-01-20 11:04:23,2026-01-20 16:33:22,329.0,0.4286,0.4216,0.026175,0.6111,closed
vts_AKT_USD_1768926802589,AKT/USD,mean_reversion,QUANT,,BEAR_VOLATILE,rotational,0.422400,0.416310,0.432550,0.416310,stop_loss,N/A,-1.4418,0.6910,-2.1328,1.7276,2026-01-20 11:04:30,2026-01-20 16:33:22,328.9,0.4064,0.3742,0.017119,0.8037,closed
vts_ADA_USDC_1768926862589,ADA/USDC,mean_reversion,QUANT,,BEAR_VOLATILE,rotational,0.360086,0.355677,0.367434,0.355677,stop_loss,N/A,-1.2244,0.6222,-1.8466,1.5556,2026-01-20 11:04:26,2026-01-20 16:34:22,329.9,0.4063,0.3884,0.014184,0.6401,closed
vts_ADA_USDT_1768926862589,ADA/USDT,defensive_hedge,HYBRID,ENGULFING,BEAR_VOLATILE,rotational,0.360241,0.355741,0.367741,0.355741,stop_loss,N/A,-1.2492,0.6808,-1.9300,1.7021,2026-01-20 11:04:27,2026-01-20 16:34:22,329.9,0.4055,0.3932,0.014011,0.6648,closed
vts_SOL_USDC_1768926862589,SOL/USDC,defensive_hedge,HYBRID,ENGULFING,BEAR_VOLATILE,rotational,129.020000,126.977000,132.425000,126.977000,stop_loss,N/A,-1.5835,0.6510,-2.2345,1.6276,2026-01-20 11:04:36,2026-01-20 16:34:22,329.8,0.4345,0.4236,0.019881,0.6472,closed
vts_SOL_USDT_1768926982589,SOL/USDT,defensive_hedge,HYBRID,ENGULFING,BEAR_VOLATILE,rotational,128.960000,126.956000,132.300000,126.956000,stop_loss,N/A,-1.5540,0.6355,-2.1895,1.5888,2026-01-20 11:04:36,2026-01-20 16:36:22,331.8,0.4020,0.4093,0.019544,0.5655,closed
vts_ADA_EUR_1768927342591,ADA/EUR,mean_reversion,QUANT,,BEAR_VOLATILE,rotational,0.306793,0.302158,0.314518,0.302158,stop_loss,N/A,-1.5107,0.6285,-2.1392,1.5712,2026-01-20 11:04:25,2026-01-20 16:42:22,338.0,0.4019,0.3904,0.018893,0.6780,closed
vts_SOL_EUR_1768927402598,SOL/EUR,defensive_hedge,HYBRID,ENGULFING,BEAR_VOLATILE,rotational,109.870000,107.908000,113.140000,107.908000,stop_loss,N/A,-1.7857,0.6291,-2.4148,1.5728,2026-01-20 11:04:34,2026-01-20 16:43:22,338.8,0.4317,0.4406,0.023471,0.5902,closed
vts_SOL_GBP_1768927462600,SOL/GBP,defensive_hedge,HYBRID,ENGULFING,BEAR_VOLATILE,rotational,95.640000,93.987000,98.395000,93.987000,stop_loss,N/A,-1.7284,0.6514,-2.3797,1.6284,2026-01-20 11:04:34,2026-01-20 16:44:22,339.8,0.4538,0.5133,0.022292,0.6061,closed
vts_ADA_GBP_1768927522599,ADA/GBP,defensive_hedge,HYBRID,ENGULFING,BEAR_VOLATILE,rotational,0.266910,0.263118,0.273230,0.263118,stop_loss,N/A,-1.4207,0.6537,-2.0744,1.6344,2026-01-20 11:04:25,2026-01-20 16:45:22,340.9,0.3958,0.3651,0.017141,0.7795,closed
vts_AKT_EUR_1768927522599,AKT/EUR,mean_reversion,QUANT,,BEAR_VOLATILE,rotational,0.359100,0.353160,0.369000,0.353160,stop_loss,N/A,-1.6541,0.8425,-2.4966,2.1062,2026-01-20 11:04:29,2026-01-20 16:45:22,340.9,0.4878,0.4841,0.019144,0.7712,closed
vts_AERO_USD_1768931302611,AERO/USD,reverse_impulse,HYBRID,PINBAR,BEAR_VOLATILE,rotational,0.476000,0.466580,0.491700,0.466580,stop_loss,N/A,-1.9790,0.7669,-2.7459,1.9172,2026-01-20 11:04:29,2026-01-20 17:48:22,403.9,0.4480,0.5093,0.025314,0.5067,closed