timestamp,elapsedMinutes,phase,feedLatencyMs,cacheWindow,vtsTradeCount,paperTradeCount,openPositions,avgCWQI,avgNGC,avgDI,avgGSI,adaptiveRelevanceVariance,cacheHitRate,riskPerTrade,maxExposure,dynamicSlots,tradingActive
2025-12-29T12:22:48.785Z,0.3,A_VTS,18244,200,0,0,42,0,0,0,0,0,0.85,3.5,100,8,false
2025-12-29T12:23:03.849Z,0.5,A_VTS,5404,200,20,0,42,0.661,0.74,0.716,0.5,0.0018,0.85,3.5,100,8,false
2025-12-29T12:23:18.851Z,0.8,A_VTS,5294,200,20,0,42,0.661,0.74,0.716,0.5,0.0018,0.85,3.5,100,8,false
2025-12-29T12:23:33.790Z,1,A_VTS,5323,200,20,0,42,0.661,0.74,0.716,0.5,0.0018,0.85,3.5,100,8,false
2025-12-29T12:23:48.860Z,1.3,A_VTS,5426,200,20,0,42,0.661,0.74,0.716,0.5,0.0018,0.85,3.5,100,8,false
2025-12-29T12:24:03.791Z,1.5,A_VTS,13070,200,20,0,42,0.661,0.74,0.716,0.5,0.0018,0.85,3.5,100,8,false
2025-12-29T12:24:19.150Z,1.8,A_VTS,5311,200,20,0,42,0.661,0.74,0.716,0.5,0.0018,0.85,3.5,100,8,false
2025-12-29T12:24:33.854Z,2,A_VTS,5228,200,40,0,42,0.66,0.738,0.715,0.5,0.0018,0.85,3.5,100,8,false
2025-12-29T12:24:48.877Z,2.3,A_VTS,5218,200,40,0,42,0.66,0.738,0.715,0.5,0.0018,0.85,3.5,100,8,false
2025-12-29T12:25:03.786Z,2.5,A_VTS,5436,200,40,0,42,0.66,0.738,0.715,0.5,0.0018,0.85,3.5,100,8,false
2025-12-29T12:25:18.785Z,2.8,A_VTS,18686,200,40,0,42,0.66,0.738,0.715,0.5,0.0018,0.85,3.5,100,8,false
2025-12-29T12:25:33.786Z,3,A_VTS,5222,200,60,0,42,0.662,0.742,0.717,0.5,0.0016,0.85,3.5,100,8,false
2025-12-29T12:25:48.792Z,3.3,A_VTS,5155,200,60,0,42,0.662,0.742,0.717,0.5,0.0016,0.85,3.5,100,8,false
2025-12-29T12:26:03.844Z,3.5,A_VTS,5116,200,80,0,42,0.66,0.739,0.715,0.5,0.0015,0.85,3.5,100,8,false
2025-12-29T12:26:18.853Z,3.8,A_VTS,5185,200,80,0,42,0.66,0.739,0.715,0.5,0.0015,0.85,3.5,100,8,false
2025-12-29T12:26:33.798Z,4,A_VTS,5402,200,80,0,42,0.66,0.739,0.715,0.5,0.0015,0.85,3.5,100,8,false
2025-12-29T12:26:48.786Z,4.3,A_VTS,5235,200,80,0,42,0.66,0.739,0.715,0.5,0.0015,0.85,3.5,100,8,false
2025-12-29T12:27:03.791Z,4.5,A_VTS,5225,200,80,0,42,0.66,0.739,0.715,0.5,0.0015,0.85,3.5,100,8,false
2025-12-29T12:27:18.816Z,4.8,A_VTS,5424,200,80,0,42,0.66,0.739,0.715,0.5,0.0015,0.85,3.5,100,8,false
2025-12-29T12:27:33.851Z,5,A_VTS,12988,200,100,0,42,0.661,0.739,0.716,0.5,0.0015,0.85,3.5,100,8,false
2025-12-29T12:27:48.787Z,5.3,A_VTS,5156,200,100,0,42,0.661,0.739,0.716,0.5,0.0015,0.85,3.5,100,8,false
2025-12-29T12:28:03.851Z,5.5,A_VTS,5256,200,100,0,42,0.661,0.739,0.716,0.5,0.0015,0.85,3.5,100,8,false
2025-12-29T12:28:18.846Z,5.8,A_VTS,5158,200,100,0,42,0.661,0.739,0.716,0.5,0.0015,0.85,3.5,100,8,false
2025-12-29T12:28:33.850Z,6,A_VTS,5456,200,120,0,42,0.661,0.74,0.716,0.5,0.0015,0.85,3.5,100,8,false
2025-12-29T12:28:48.791Z,6.3,A_VTS,17959,200,120,0,42,0.661,0.74,0.716,0.5,0.0015,0.85,3.5,100,8,false
2025-12-29T12:29:03.787Z,6.5,A_VTS,5168,200,140,0,42,0.661,0.739,0.716,0.5,0.0014,0.85,3.5,100,8,false
2025-12-29T12:29:18.801Z,6.8,A_VTS,5066,200,140,0,42,0.661,0.739,0.716,0.5,0.0014,0.85,3.5,100,8,false
2025-12-29T12:29:33.786Z,7,A_VTS,5325,200,140,0,42,0.661,0.739,0.716,0.5,0.0014,0.85,3.5,100,8,false
2025-12-29T12:29:48.847Z,7.3,A_VTS,5306,200,140,0,42,0.661,0.739,0.716,0.5,0.0014,0.85,3.5,100,8,false
2025-12-29T12:30:03.850Z,7.5,A_VTS,12882,200,140,0,42,0.661,0.739,0.716,0.5,0.0014,0.85,3.5,100,8,false
2025-12-29T12:30:18.852Z,7.8,A_VTS,5328,200,140,0,42,0.661,0.739,0.716,0.5,0.0014,0.85,3.5,100,8,false
2025-12-29T12:30:33.852Z,8,A_VTS,5363,200,160,0,42,0.66,0.738,0.715,0.5,0.0014,0.85,3.5,100,8,false
2025-12-29T12:30:48.851Z,8.3,A_VTS,5471,200,160,0,42,0.66,0.738,0.715,0.5,0.0014,0.85,3.5,100,8,false
2025-12-29T12:31:03.863Z,8.5,A_VTS,5242,200,160,0,42,0.66,0.738,0.715,0.5,0.0014,0.85,3.5,100,8,false
2025-12-29T12:31:18.858Z,8.8,A_VTS,18615,200,160,0,42,0.66,0.738,0.715,0.5,0.0014,0.85,3.5,100,8,false
2025-12-29T12:31:33.790Z,9,A_VTS,5159,200,180,0,42,0.66,0.738,0.715,0.5,0.0014,0.85,3.5,100,8,false
2025-12-29T12:31:48.827Z,9.3,A_VTS,5352,200,180,0,42,0.66,0.738,0.715,0.5,0.0014,0.85,3.5,100,8,false
2025-12-29T12:32:03.855Z,9.5,A_VTS,5343,200,180,0,42,0.66,0.738,0.715,0.5,0.0014,0.85,3.5,100,8,false
2025-12-29T12:32:18.907Z,9.8,A_VTS,5126,200,180,0,42,0.66,0.738,0.715,0.5,0.0014,0.85,3.5,100,8,false
2025-12-29T12:32:33.850Z,10,A_VTS,8904,200,200,0,42,0.66,0.738,0.715,0.5,0.0014,0.85,3.5,100,8,false
2025-12-29T12:32:48.930Z,10.3,A_VTS,5203,200,200,0,42,0.66,0.738,0.715,0.5,0.0014,0.85,3.5,100,8,false
2025-12-29T12:33:03.849Z,10.5,A_VTS,5392,200,200,0,42,0.66,0.738,0.715,0.5,0.0014,0.85,3.5,100,8,false
2025-12-29T12:33:18.797Z,10.8,A_VTS,5232,200,200,0,42,0.66,0.738,0.715,0.5,0.0014,0.85,3.5,100,8,false
2025-12-29T12:33:33.791Z,11,A_VTS,9068,200,220,0,42,0.66,0.737,0.714,0.5,0.0014,0.85,3.5,100,8,false
2025-12-29T12:33:48.795Z,11.3,A_VTS,5270,200,220,0,42,0.66,0.737,0.714,0.5,0.0014,0.85,3.5,100,8,false
2025-12-29T12:34:03.852Z,11.5,A_VTS,5314,200,239,0,42,0.66,0.738,0.715,0.5,0.0014,0.85,3.5,100,8,false
2025-12-29T12:34:18.799Z,11.8,A_VTS,5212,200,240,0,42,0.66,0.738,0.715,0.5,0.0014,0.85,3.5,100,8,false
2025-12-29T12:34:33.860Z,12,A_VTS,4985,200,240,0,42,0.66,0.738,0.715,0.5,0.0014,0.85,3.5,100,8,false
2025-12-29T12:34:48.857Z,12.3,A_VTS,18381,200,240,0,42,0.66,0.738,0.715,0.5,0.0014,0.85,3.5,100,8,false
2025-12-29T12:35:03.873Z,12.5,A_VTS,5215,200,240,0,42,0.66,0.738,0.715,0.5,0.0014,0.85,3.5,100,8,false
2025-12-29T12:35:18.883Z,12.8,A_VTS,5321,200,240,0,42,0.66,0.738,0.715,0.5,0.0014,0.85,3.5,100,8,false
2025-12-29T12:35:33.851Z,13,A_VTS,5293,200,260,0,42,0.66,0.738,0.715,0.5,0.0014,0.85,3.5,100,8,false
2025-12-29T12:35:48.857Z,13.3,A_VTS,5287,200,260,0,42,0.66,0.738,0.715,0.5,0.0014,0.85,3.5,100,8,false
2025-12-29T12:36:03.869Z,13.5,A_VTS,12716,200,260,0,42,0.66,0.738,0.715,0.5,0.0014,0.85,3.5,100,8,false
2025-12-29T12:36:18.887Z,13.8,A_VTS,5217,200,260,0,42,0.66,0.738,0.715,0.5,0.0014,0.85,3.5,100,8,false
2025-12-29T12:36:33.885Z,14,A_VTS,4956,200,280,0,42,0.66,0.738,0.715,0.5,0.0014,0.85,3.5,100,8,false
2025-12-29T12:36:48.861Z,14.3,A_VTS,5037,200,280,0,42,0.66,0.738,0.715,0.5,0.0014,0.85,3.5,100,8,false
2025-12-29T12:37:03.859Z,14.5,A_VTS,4822,200,300,0,42,0.66,0.737,0.714,0.5,0.0014,0.85,3.5,100,8,false
2025-12-29T12:37:18.803Z,14.8,A_VTS,17779,200,300,0,42,0.66,0.737,0.714,0.5,0.0014,0.85,3.5,100,8,false
2025-12-29T12:37:33.874Z,15,A_VTS,4849,200,300,0,42,0.66,0.737,0.714,0.5,0.0014,0.85,3.5,100,8,false
2025-12-29T12:37:48.807Z,15.3,A_VTS,5013,200,300,0,42,0.66,0.737,0.714,0.5,0.0014,0.85,3.5,100,8,false
2025-12-29T12:38:03.812Z,15.5,A_VTS,4816,200,300,0,42,0.66,0.737,0.714,0.5,0.0014,0.85,3.5,100,8,false
2025-12-29T12:38:18.883Z,15.8,A_VTS,5288,200,300,0,42,0.66,0.737,0.714,0.5,0.0014,0.85,3.5,100,8,false
2025-12-29T12:38:33.805Z,16,A_VTS,8585,200,320,0,42,0.66,0.737,0.714,0.5,0.0014,0.85,3.5,100,8,false
2025-12-29T12:38:48.805Z,16.3,A_VTS,5188,200,320,0,42,0.66,0.737,0.714,0.5,0.0014,0.85,3.5,100,8,false
2025-12-29T12:39:03.857Z,16.5,A_VTS,4725,200,340,0,42,0.66,0.738,0.715,0.5,0.0014,0.85,3.5,100,8,false
2025-12-29T12:39:18.798Z,16.8,A_VTS,5280,200,340,0,42,0.66,0.738,0.715,0.5,0.0014,0.85,3.5,100,8,false
2025-12-29T12:39:33.866Z,17,A_VTS,8572,200,340,0,42,0.66,0.738,0.715,0.5,0.0014,0.85,3.5,100,8,false
2025-12-29T12:39:48.887Z,17.3,A_VTS,5108,200,340,0,42,0.66,0.738,0.715,0.5,0.0014,0.85,3.5,100,8,false
2025-12-29T12:40:03.807Z,17.5,A_VTS,4711,200,340,0,42,0.66,0.738,0.715,0.5,0.0014,0.85,3.5,100,8,false
2025-12-29T12:40:18.870Z,17.8,A_VTS,5467,200,340,0,42,0.66,0.738,0.715,0.5,0.0014,0.85,3.5,100,8,false
2025-12-29T12:40:34.294Z,18,A_VTS,4693,200,360,0,42,0.66,0.738,0.715,0.5,0.0014,0.85,3.5,100,8,false
2025-12-29T12:40:48.902Z,18.3,A_VTS,17922,200,360,0,42,0.66,0.738,0.715,0.5,0.0014,0.85,3.5,100,8,false
2025-12-29T12:41:03.865Z,18.5,A_VTS,4713,200,360,0,42,0.66,0.738,0.715,0.5,0.0014,0.85,3.5,100,8,false
2025-12-29T12:41:18.829Z,18.8,A_VTS,5239,200,360,0,42,0.66,0.738,0.715,0.5,0.0014,0.85,3.5,100,8,false
2025-12-29T12:41:33.864Z,19,A_VTS,4775,200,380,0,42,0.66,0.737,0.714,0.5,0.0013,0.85,3.5,100,8,false
2025-12-29T12:41:48.866Z,19.3,A_VTS,5214,200,380,0,42,0.66,0.737,0.714,0.5,0.0013,0.85,3.5,100,8,false
2025-12-29T12:42:03.903Z,19.5,A_VTS,12157,200,380,0,42,0.66,0.737,0.714,0.5,0.0013,0.85,3.5,100,8,false
2025-12-29T12:42:18.868Z,19.8,A_VTS,5156,200,380,0,42,0.66,0.737,0.714,0.5,0.0013,0.85,3.5,100,8,false
2025-12-29T12:42:33.872Z,20,A_VTS,4711,200,400,0,42,0.66,0.737,0.714,0.5,0.0013,0.85,3.5,100,8,false
2025-12-29T12:42:48.866Z,20.3,A_VTS,5061,200,400,0,42,0.66,0.737,0.714,0.5,0.0013,0.85,3.5,100,8,false
2025-12-29T12:43:03.895Z,20.5,A_VTS,4674,200,419,0,42,0.66,0.737,0.714,0.5,0.0013,0.85,3.5,100,8,false
2025-12-29T12:43:18.863Z,20.8,A_VTS,17920,200,420,0,42,0.66,0.737,0.714,0.5,0.0013,0.85,3.5,100,8,false
2025-12-29T12:43:33.861Z,21,A_VTS,4676,200,420,0,42,0.66,0.737,0.714,0.5,0.0013,0.85,3.5,100,8,false
2025-12-29T12:43:48.807Z,21.3,A_VTS,5109,200,420,0,42,0.66,0.737,0.714,0.5,0.0013,0.85,3.5,100,8,false
2025-12-29T12:44:03.864Z,21.5,A_VTS,4562,200,420,0,42,0.66,0.737,0.714,0.5,0.0013,0.85,3.5,100,8,false
2025-12-29T12:44:18.897Z,21.8,A_VTS,5317,200,420,0,42,0.66,0.737,0.714,0.5,0.0013,0.85,3.5,100,8,false
2025-12-29T12:44:33.866Z,22,A_VTS,8389,200,440,0,42,0.66,0.737,0.714,0.5,0.0013,0.85,3.5,100,8,false
2025-12-29T12:44:48.809Z,22.3,A_VTS,5362,200,440,0,42,0.66,0.737,0.714,0.5,0.0013,0.85,3.5,100,8,false
2025-12-29T12:45:03.814Z,22.5,A_VTS,4676,200,440,0,42,0.66,0.737,0.714,0.5,0.0013,0.85,3.5,100,8,false
2025-12-29T12:45:18.872Z,22.8,A_VTS,5244,200,440,0,42,0.66,0.737,0.714,0.5,0.0013,0.85,3.5,100,8,false
2025-12-29T12:45:33.805Z,23,A_VTS,8344,200,460,0,42,0.66,0.737,0.714,0.5,0.0013,0.85,3.5,100,8,false
2025-12-29T12:45:48.810Z,23.3,A_VTS,5284,200,460,0,42,0.66,0.737,0.714,0.5,0.0013,0.85,3.5,100,8,false
2025-12-29T12:46:03.916Z,23.5,A_VTS,4619,200,479,0,42,0.659,0.736,0.714,0.5,0.0013,0.85,3.5,100,8,false
2025-12-29T12:46:18.928Z,23.8,A_VTS,5297,200,480,0,42,0.66,0.736,0.714,0.5,0.0013,0.85,3.5,100,8,false
2025-12-29T12:46:33.886Z,24,A_VTS,4657,200,480,0,42,0.66,0.736,0.714,0.5,0.0013,0.85,3.5,100,8,false
2025-12-29T12:46:48.882Z,24.3,A_VTS,17909,200,480,0,42,0.66,0.736,0.714,0.5,0.0013,0.85,3.5,100,8,false
2025-12-29T12:47:03.876Z,24.5,A_VTS,4422,200,480,0,42,0.66,0.736,0.714,0.5,0.0013,0.85,3.5,100,8,false
2025-12-29T12:47:18.889Z,24.8,A_VTS,5141,200,480,0,42,0.66,0.736,0.714,0.5,0.0013,0.85,3.5,100,8,false
2025-12-29T12:47:33.827Z,25,A_VTS,4602,200,500,0,42,0.659,0.736,0.714,0.5,0.0013,0.85,3.5,100,8,false
2025-12-29T12:47:48.937Z,25.3,A_VTS,5112,200,500,0,42,0.659,0.736,0.714,0.5,0.0013,0.85,3.5,100,8,false
2025-12-29T12:48:03.890Z,25.5,A_VTS,11981,200,520,0,42,0.659,0.736,0.714,0.5,0.0013,0.85,3.5,100,8,false
2025-12-29T12:48:18.888Z,25.8,A_VTS,5108,200,520,0,42,0.659,0.736,0.714,0.5,0.0013,0.85,3.5,100,8,false
2025-12-29T12:48:33.896Z,26,A_VTS,4489,200,520,0,42,0.659,0.736,0.714,0.5,0.0013,0.85,3.5,100,8,false
2025-12-29T12:48:48.830Z,26.3,A_VTS,5313,200,520,0,42,0.659,0.736,0.714,0.5,0.0013,0.85,3.5,100,8,false
2025-12-29T12:49:03.828Z,26.5,A_VTS,4585,200,520,0,42,0.659,0.736,0.714,0.5,0.0013,0.85,3.5,100,8,false
2025-12-29T12:49:18.839Z,26.8,A_VTS,14968,200,520,0,42,0.659,0.736,0.714,0.5,0.0013,0.85,3.5,100,8,false
2025-12-29T12:49:33.831Z,27,A_VTS,4598,200,540,0,42,0.659,0.736,0.714,0.5,0.0013,0.85,3.5,100,8,false
2025-12-29T12:49:48.893Z,27.3,A_VTS,5532,200,540,0,42,0.659,0.736,0.714,0.5,0.0013,0.85,3.5,100,8,false
2025-12-29T12:50:03.900Z,27.5,A_VTS,4558,200,540,0,42,0.659,0.736,0.714,0.5,0.0013,0.85,3.5,100,8,false
2025-12-29T12:50:18.903Z,27.8,A_VTS,5333,200,540,0,42,0.659,0.736,0.714,0.5,0.0013,0.85,3.5,100,8,false
2025-12-29T12:50:33.830Z,28,A_VTS,4535,200,560,0,42,0.659,0.736,0.714,0.5,0.0013,0.85,3.5,100,8,false
2025-12-29T12:50:48.901Z,28.3,A_VTS,3862,200,560,0,42,0.659,0.736,0.714,0.5,0.0013,0.85,3.5,100,8,false
2025-12-29T12:51:03.833Z,28.5,A_VTS,4649,200,580,0,42,0.659,0.736,0.713,0.5,0.0013,0.85,3.5,100,8,false
2025-12-29T12:51:18.895Z,28.8,A_VTS,5310,200,580,0,42,0.659,0.736,0.713,0.5,0.0013,0.85,3.5,100,8,false
2025-12-29T12:51:33.892Z,29,A_VTS,12085,200,580,0,42,0.659,0.736,0.713,0.5,0.0013,0.85,3.5,100,8,false
2025-12-29T12:51:48.911Z,29.3,A_VTS,5302,200,580,0,42,0.659,0.736,0.713,0.5,0.0013,0.85,3.5,100,8,false
2025-12-29T12:52:03.895Z,29.5,A_VTS,4504,200,580,0,42,0.659,0.736,0.713,0.5,0.0013,0.85,3.5,100,8,false
2025-12-29T12:52:18.944Z,29.8,A_VTS,5287,200,580,0,42,0.659,0.736,0.713,0.5,0.0013,0.85,3.5,100,8,false
2025-12-29T12:52:33.916Z,30,A_VTS,4471,200,600,0,42,0.659,0.736,0.713,0.5,0.0013,0.85,3.5,100,8,false
2025-12-29T12:52:48.862Z,30.3,A_VTS,12288,200,600,0,42,0.659,0.736,0.713,0.5,0.0013,0.85,3.5,100,8,false
2025-12-29T12:53:03.986Z,30.5,B_PAPER,4084,200,600,0,42,0.659,0.736,0.713,0.5,0.0013,0.85,3.5,100,8,true
2025-12-29T12:53:19.053Z,30.8,B_PAPER,4442,200,600,0,42,0.659,0.736,0.713,0.5,0.0013,0.85,3.5,100,8,true
2025-12-29T12:53:33.979Z,31,B_PAPER,3939,200,600,0,42,0.659,0.736,0.713,0.5,0.0013,0.85,3.5,100,8,true
2025-12-29T12:53:49.040Z,31.3,B_PAPER,15606,200,600,0,42,0.659,0.736,0.713,0.5,0.0013,0.85,3.5,100,8,true
2025-12-29T12:54:03.987Z,31.5,B_PAPER,3679,200,600,0,42,0.659,0.736,0.713,0.5,0.0013,0.85,3.5,100,8,true
2025-12-29T12:54:19.063Z,31.8,B_PAPER,4300,200,600,0,42,0.659,0.736,0.713,0.5,0.0013,0.85,3.5,100,8,true
2025-12-29T12:54:33.982Z,32,B_PAPER,3909,200,600,0,42,0.659,0.736,0.713,0.5,0.0013,0.85,3.5,100,8,true
2025-12-29T12:54:49.006Z,32.3,B_PAPER,4419,200,600,0,42,0.659,0.736,0.713,0.5,0.0013,0.85,3.5,100,8,true
2025-12-29T12:55:04.100Z,32.5,B_PAPER,11100,200,600,0,42,0.659,0.736,0.713,0.5,0.0013,0.85,3.5,100,8,true
2025-12-29T12:55:19.125Z,32.8,B_PAPER,4424,200,600,0,42,0.659,0.736,0.713,0.5,0.0013,0.85,3.5,100,8,true
2025-12-29T12:55:34.296Z,33,B_PAPER,3978,200,600,0,42,0.659,0.736,0.713,0.5,0.0013,0.85,3.5,100,8,true
2025-12-29T12:55:49.236Z,33.3,B_PAPER,5456,200,600,0,42,0.659,0.736,0.713,0.5,0.0013,0.85,3.5,100,8,true
2025-12-29T12:56:04.307Z,33.5,B_PAPER,3985,200,600,0,42,0.659,0.736,0.713,0.5,0.0013,0.85,3.5,100,8,true
2025-12-29T12:56:19.255Z,33.8,B_PAPER,15018,200,600,0,42,0.659,0.736,0.713,0.5,0.0013,0.85,3.5,100,8,true
2025-12-29T12:56:34.307Z,34,B_PAPER,3970,200,600,0,42,0.659,0.736,0.713,0.5,0.0013,0.85,3.5,100,8,true
2025-12-29T12:56:49.242Z,34.3,B_PAPER,4367,200,600,0,42,0.659,0.736,0.713,0.5,0.0013,0.85,3.5,100,8,true
2025-12-29T12:57:04.217Z,34.5,B_PAPER,4177,200,600,0,42,0.659,0.736,0.713,0.5,0.0013,0.85,3.5,100,8,true
2025-12-29T12:57:19.223Z,34.8,B_PAPER,5691,200,600,0,42,0.659,0.736,0.713,0.5,0.0013,0.85,3.5,100,8,true
2025-12-29T12:57:34.189Z,35,B_PAPER,3924,200,600,0,42,0.659,0.736,0.713,0.5,0.0013,0.85,3.5,100,8,true
2025-12-29T12:57:49.196Z,35.3,B_PAPER,4278,200,600,0,42,0.659,0.736,0.713,0.5,0.0013,0.85,3.5,100,8,true
2025-12-29T12:58:04.282Z,35.5,B_PAPER,4173,200,600,0,42,0.659,0.736,0.713,0.5,0.0013,0.85,3.5,100,8,true
2025-12-29T12:58:19.268Z,35.8,B_PAPER,4741,200,600,0,42,0.659,0.736,0.713,0.5,0.0013,0.85,3.5,100,8,true
2025-12-29T12:58:34.321Z,36,B_PAPER,8119,200,600,0,42,0.659,0.736,0.713,0.5,0.0013,0.85,3.5,100,8,true
2025-12-29T12:58:49.372Z,36.3,B_PAPER,8655,200,600,0,42,0.659,0.736,0.713,0.5,0.0013,0.85,3.5,100,8,true
2025-12-29T12:59:04.260Z,36.5,B_PAPER,3812,200,600,0,42,0.659,0.736,0.713,0.5,0.0013,0.85,3.5,100,8,true
2025-12-29T12:59:19.356Z,36.8,B_PAPER,5745,200,600,0,42,0.659,0.736,0.713,0.5,0.0013,0.85,3.5,100,8,true
2025-12-29T12:59:34.366Z,37,B_PAPER,4188,200,600,0,42,0.659,0.736,0.713,0.5,0.0013,0.85,3.5,100,8,true
2025-12-29T12:59:49.337Z,37.3,B_PAPER,6437,200,600,0,42,0.659,0.736,0.713,0.5,0.0013,0.85,3.5,100,8,true
2025-12-29T13:00:04.327Z,37.5,B_PAPER,3655,200,600,0,42,0.659,0.736,0.713,0.5,0.0013,0.85,3.5,100,8,true
2025-12-29T13:00:19.313Z,37.8,B_PAPER,4289,200,600,0,42,0.659,0.736,0.713,0.5,0.0013,0.85,3.5,100,8,true
2025-12-29T13:00:34.250Z,38,B_PAPER,3453,200,600,0,42,0.659,0.736,0.713,0.5,0.0013,0.85,3.5,100,8,true
2025-12-29T13:00:49.328Z,38.3,B_PAPER,5529,200,600,0,42,0.659,0.736,0.713,0.5,0.0013,0.85,3.5,100,8,true
2025-12-29T13:01:04.375Z,38.5,B_PAPER,11654,200,600,1,41,0.659,0.736,0.713,0.5,0.0013,0.85,3.5,100,8,true
2025-12-29T13:01:19.349Z,38.8,B_PAPER,5665,200,600,1,41,0.659,0.736,0.713,0.5,0.0013,0.85,3.5,100,8,true
2025-12-29T13:01:34.385Z,39,B_PAPER,4062,200,600,1,41,0.659,0.736,0.713,0.5,0.0013,0.85,3.5,100,8,true
2025-12-29T13:01:49.381Z,39.3,B_PAPER,4923,200,600,1,41,0.659,0.736,0.713,0.5,0.0013,0.85,3.5,100,8,true
2025-12-29T13:02:04.320Z,39.5,B_PAPER,4022,200,600,1,41,0.659,0.736,0.713,0.5,0.0013,0.85,3.5,100,8,true
2025-12-29T13:02:19.315Z,39.8,B_PAPER,15414,200,600,1,41,0.659,0.736,0.713,0.5,0.0013,0.85,3.5,100,8,true
2025-12-29T13:02:34.386Z,40,B_PAPER,4161,200,600,1,41,0.659,0.736,0.713,0.5,0.0013,0.85,3.5,100,8,true
2025-12-29T13:02:49.270Z,40.3,B_PAPER,5474,200,600,1,41,0.659,0.736,0.713,0.5,0.0013,0.85,3.5,100,8,true
2025-12-29T13:03:04.283Z,40.5,B_PAPER,3404,200,600,1,41,0.659,0.736,0.713,0.5,0.0013,0.85,3.5,100,8,true
2025-12-29T13:03:19.345Z,40.8,B_PAPER,12298,200,600,1,41,0.659,0.736,0.713,0.5,0.0013,0.85,3.5,100,8,true
2025-12-29T13:03:34.386Z,41,B_PAPER,3730,200,600,1,41,0.659,0.736,0.713,0.5,0.0013,0.85,3.5,100,8,true
2025-12-29T13:03:49.414Z,41.3,B_PAPER,4614,200,600,1,41,0.659,0.736,0.713,0.5,0.0013,0.85,3.5,100,8,true
2025-12-29T13:04:04.383Z,41.5,B_PAPER,3875,200,600,1,41,0.659,0.736,0.713,0.5,0.0013,0.85,3.5,100,8,true
2025-12-29T13:04:19.344Z,41.8,B_PAPER,9340,200,600,1,41,0.659,0.736,0.713,0.5,0.0013,0.85,3.5,100,8,true
2025-12-29T13:04:34.404Z,42,B_PAPER,3673,200,600,1,41,0.659,0.736,0.713,0.5,0.0013,0.85,3.5,100,8,true
2025-12-29T13:04:49.288Z,42.3,B_PAPER,5071,200,600,1,41,0.659,0.736,0.713,0.5,0.0013,0.85,3.5,100,8,true
2025-12-29T13:05:04.345Z,42.5,B_PAPER,3681,200,600,1,41,0.659,0.736,0.713,0.5,0.0013,0.85,3.5,100,8,true
2025-12-29T13:05:19.365Z,42.8,B_PAPER,4766,200,600,1,41,0.659,0.736,0.713,0.5,0.0013,0.85,3.5,100,8,true
2025-12-29T13:05:34.345Z,43,B_PAPER,11170,200,600,1,41,0.659,0.736,0.713,0.5,0.0013,0.85,3.5,100,8,true
2025-12-29T13:05:49.349Z,43.3,B_PAPER,4740,200,600,1,41,0.659,0.736,0.713,0.5,0.0013,0.85,3.5,100,8,true
2025-12-29T13:06:04.351Z,43.5,B_PAPER,3810,200,600,1,41,0.659,0.736,0.713,0.5,0.0013,0.85,3.5,100,8,true
2025-12-29T13:06:19.444Z,43.8,B_PAPER,4954,200,600,1,41,0.659,0.736,0.713,0.5,0.0013,0.85,3.5,100,8,true
2025-12-29T13:06:34.417Z,44,B_PAPER,3761,200,600,1,41,0.659,0.736,0.713,0.5,0.0013,0.85,3.5,100,8,true
2025-12-29T13:06:49.330Z,44.3,B_PAPER,14809,200,600,1,41,0.659,0.736,0.713,0.5,0.0013,0.85,3.5,100,8,true
2025-12-29T13:07:04.362Z,44.5,B_PAPER,3664,200,600,1,41,0.659,0.736,0.713,0.5,0.0013,0.85,3.5,100,8,true
2025-12-29T13:07:19.332Z,44.8,B_PAPER,4768,200,600,1,41,0.659,0.736,0.713,0.5,0.0013,0.85,3.5,100,8,true
2025-12-29T13:07:34.366Z,45,B_PAPER,3676,200,600,1,41,0.659,0.736,0.713,0.5,0.0013,0.85,3.5,100,8,true
2025-12-29T13:07:49.343Z,45.3,B_PAPER,5356,200,600,1,41,0.659,0.736,0.713,0.5,0.0013,0.85,3.5,100,8,true
2025-12-29T13:08:04.347Z,45.5,B_PAPER,11135,200,600,1,41,0.659,0.736,0.713,0.5,0.0013,0.85,3.5,100,8,true
2025-12-29T13:08:19.332Z,45.8,B_PAPER,4801,200,600,1,41,0.659,0.736,0.713,0.5,0.0013,0.85,3.5,100,8,true
2025-12-29T13:08:34.350Z,46,B_PAPER,3694,200,600,1,41,0.659,0.736,0.713,0.5,0.0013,0.85,3.5,100,8,true
2025-12-29T13:08:49.284Z,46.3,B_PAPER,5310,200,600,1,41,0.659,0.736,0.713,0.5,0.0013,0.85,3.5,100,8,true
2025-12-29T13:09:04.408Z,46.5,B_PAPER,3630,200,600,1,41,0.659,0.736,0.713,0.5,0.0013,0.85,3.5,100,8,true
2025-12-29T13:09:19.348Z,46.8,B_PAPER,15071,200,600,1,41,0.659,0.736,0.713,0.5,0.0013,0.85,3.5,100,8,true
2025-12-29T13:09:34.291Z,47,B_PAPER,3628,200,600,1,41,0.659,0.736,0.713,0.5,0.0013,0.85,3.5,100,8,true
2025-12-29T13:09:49.352Z,47.3,B_PAPER,5075,200,600,1,41,0.659,0.736,0.713,0.5,0.0013,0.85,3.5,100,8,true
2025-12-29T13:10:04.392Z,47.5,B_PAPER,3627,200,600,1,41,0.659,0.736,0.713,0.5,0.0013,0.85,3.5,100,8,true
2025-12-29T13:10:19.372Z,47.8,B_PAPER,5173,200,600,1,41,0.659,0.736,0.713,0.5,0.0013,0.85,3.5,100,8,true
2025-12-29T13:10:34.359Z,48,B_PAPER,3688,200,600,1,41,0.659,0.736,0.713,0.5,0.0013,0.85,3.5,100,8,true
2025-12-29T13:10:49.359Z,48.3,B_PAPER,4732,200,600,1,41,0.659,0.736,0.713,0.5,0.0013,0.85,3.5,100,8,true
2025-12-29T13:11:04.355Z,48.5,B_PAPER,3649,200,600,1,41,0.659,0.736,0.713,0.5,0.0013,0.85,3.5,100,8,true
2025-12-29T13:11:19.367Z,48.8,B_PAPER,4803,200,600,1,41,0.659,0.736,0.713,0.5,0.0013,0.85,3.5,100,8,true
2025-12-29T13:11:34.367Z,49,B_PAPER,7347,200,600,1,41,0.659,0.736,0.713,0.5,0.0013,0.85,3.5,100,8,true
2025-12-29T13:11:49.295Z,49.3,B_PAPER,5257,200,600,1,41,0.659,0.736,0.713,0.5,0.0013,0.85,3.5,100,8,true
2025-12-29T13:12:04.413Z,49.5,B_PAPER,3174,200,600,1,41,0.659,0.736,0.713,0.5,0.0013,0.85,3.5,100,8,true
2025-12-29T13:12:19.292Z,49.8,B_PAPER,4676,200,600,1,41,0.659,0.736,0.713,0.5,0.0013,0.85,3.5,100,8,true
2025-12-29T13:12:34.293Z,50,B_PAPER,3629,200,600,1,41,0.659,0.736,0.713,0.5,0.0013,0.85,3.5,100,8,true
2025-12-29T13:12:49.357Z,50.3,B_PAPER,11082,200,600,1,41,0.659,0.736,0.713,0.5,0.0013,0.85,3.5,100,8,true
2025-12-29T13:13:04.353Z,50.5,B_PAPER,3605,200,600,1,41,0.659,0.736,0.713,0.5,0.0013,0.85,3.5,100,8,true
2025-12-29T13:13:19.299Z,50.8,B_PAPER,4392,200,600,1,41,0.659,0.736,0.713,0.5,0.0013,0.85,3.5,100,8,true
2025-12-29T13:13:34.483Z,51,B_PAPER,3557,200,600,1,41,0.659,0.736,0.713,0.5,0.0013,0.85,3.5,100,8,true
2025-12-29T13:13:49.320Z,51.3,B_PAPER,6022,200,600,1,41,0.659,0.736,0.713,0.5,0.0013,0.85,3.5,100,8,true
2025-12-29T13:14:04.435Z,51.5,B_PAPER,3531,200,600,1,41,0.659,0.736,0.713,0.5,0.0013,0.85,3.5,100,8,true
2025-12-29T13:14:19.433Z,51.8,B_PAPER,4580,200,600,1,41,0.659,0.736,0.713,0.5,0.0013,0.85,3.5,100,8,true
2025-12-29T13:14:34.343Z,52,B_PAPER,3626,200,600,1,41,0.659,0.736,0.713,0.5,0.0013,0.85,3.5,100,8,true
2025-12-29T13:14:49.322Z,52.3,B_PAPER,4531,200,600,1,41,0.659,0.736,0.713,0.5,0.0013,0.85,3.5,100,8,true
2025-12-29T13:15:04.455Z,52.5,B_PAPER,10913,200,600,1,41,0.659,0.736,0.713,0.5,0.0013,0.85,3.5,100,8,true
2025-12-29T13:15:19.301Z,52.8,B_PAPER,22137,200,600,1,41,0.659,0.736,0.713,0.5,0.0013,0.85,3.5,100,8,true
2025-12-29T13:15:34.414Z,53,B_PAPER,3547,200,600,1,41,0.659,0.736,0.713,0.5,0.0013,0.85,3.5,100,8,true
2025-12-29T13:15:49.301Z,53.3,B_PAPER,4613,200,600,1,41,0.659,0.736,0.713,0.5,0.0013,0.85,3.5,100,8,true
2025-12-29T13:16:04.428Z,53.5,B_PAPER,3565,200,600,1,41,0.659,0.736,0.713,0.5,0.0013,0.85,3.5,100,8,true
2025-12-29T13:16:19.412Z,53.8,B_PAPER,5163,200,600,1,41,0.659,0.736,0.713,0.5,0.0013,0.85,3.5,100,8,true
2025-12-29T13:16:34.363Z,54,B_PAPER,3193,200,600,1,41,0.659,0.736,0.713,0.5,0.0013,0.85,3.5,100,8,true
2025-12-29T13:16:49.358Z,54.3,B_PAPER,4633,200,600,1,41,0.659,0.736,0.713,0.5,0.0013,0.85,3.5,100,8,true
2025-12-29T13:17:04.422Z,54.5,B_PAPER,3595,200,600,1,41,0.659,0.736,0.713,0.5,0.0013,0.85,3.5,100,8,true
2025-12-29T13:17:19.361Z,54.8,B_PAPER,4815,200,600,1,41,0.659,0.736,0.713,0.5,0.0013,0.85,3.5,100,8,true
2025-12-29T13:17:34.363Z,55,B_PAPER,7199,200,600,1,41,0.659,0.736,0.713,0.5,0.0013,0.85,3.5,100,8,true
2025-12-29T13:17:49.390Z,55.3,B_PAPER,4754,200,600,1,41,0.659,0.736,0.713,0.5,0.0013,0.85,3.5,100,8,true
2025-12-29T13:18:04.431Z,55.5,B_PAPER,3538,200,600,1,41,0.659,0.736,0.713,0.5,0.0013,0.85,3.5,100,8,true
2025-12-29T13:18:19.398Z,55.8,B_PAPER,4597,200,600,1,41,0.659,0.736,0.713,0.5,0.0013,0.85,3.5,100,8,true
2025-12-29T13:18:34.301Z,56,B_PAPER,3411,200,600,1,41,0.659,0.736,0.713,0.5,0.0013,0.85,3.5,100,8,true
2025-12-29T13:18:49.423Z,56.3,B_PAPER,11899,200,600,1,41,0.659,0.736,0.713,0.5,0.0013,0.85,3.5,100,8,true
2025-12-29T13:19:04.362Z,56.5,B_PAPER,3436,200,600,1,41,0.659,0.736,0.713,0.5,0.0013,0.85,3.5,100,8,true
2025-12-29T13:19:19.388Z,56.8,B_PAPER,4634,200,600,1,41,0.659,0.736,0.713,0.5,0.0013,0.85,3.5,100,8,true
2025-12-29T13:19:34.461Z,57,B_PAPER,3361,200,600,1,41,0.659,0.736,0.713,0.5,0.0013,0.85,3.5,100,8,true
2025-12-29T13:19:49.452Z,57.3,B_PAPER,9436,200,600,1,41,0.659,0.736,0.713,0.5,0.0013,0.85,3.5,100,8,true
2025-12-29T13:20:04.394Z,57.5,B_PAPER,3456,200,600,1,41,0.659,0.736,0.713,0.5,0.0013,0.85,3.5,100,8,true
2025-12-29T13:20:19.399Z,57.8,B_PAPER,4461,200,600,1,41,0.659,0.736,0.713,0.5,0.0013,0.85,3.5,100,8,true
2025-12-29T13:20:34.437Z,58,B_PAPER,3431,200,600,1,41,0.659,0.736,0.713,0.5,0.0013,0.85,3.5,100,8,true
2025-12-29T13:20:49.336Z,58.3,B_PAPER,4692,200,600,1,41,0.659,0.736,0.713,0.5,0.0013,0.85,3.5,100,8,true
2025-12-29T13:21:04.316Z,58.5,B_PAPER,3297,200,600,1,41,0.659,0.736,0.713,0.5,0.0013,0.85,3.5,100,8,true
2025-12-29T13:21:19.351Z,58.8,B_PAPER,7158,200,600,1,41,0.659,0.736,0.713,0.5,0.0013,0.85,3.5,100,8,true
2025-12-29T13:21:34.385Z,59,B_PAPER,3313,200,600,1,41,0.659,0.736,0.713,0.5,0.0013,0.85,3.5,100,8,true
2025-12-29T13:21:49.438Z,59.3,B_PAPER,5042,200,600,1,41,0.659,0.736,0.713,0.5,0.0013,0.85,3.5,100,8,true
2025-12-29T13:22:04.384Z,59.5,B_PAPER,3319,200,600,1,41,0.659,0.736,0.713,0.5,0.0013,0.85,3.5,100,8,true
2025-12-29T13:22:19.405Z,59.8,B_PAPER,14495,200,600,1,41,0.659,0.736,0.713,0.5,0.0013,0.85,3.5,100,8,true
2025-12-29T13:22:34.393Z,60,B_PAPER,3247,200,600,1,41,0.659,0.736,0.713,0.5,0.0013,0.85,3.5,100,8,true
2025-12-29T13:22:49.393Z,60.3,B_PAPER,4303,200,600,1,41,0.659,0.736,0.713,0.5,0.0013,0.85,3.5,100,8,true
2025-12-29T13:23:04.362Z,60.5,B_PAPER,3248,200,600,2,40,0.659,0.736,0.713,0.5,0.0013,0.85,3.5,100,8,true
2025-12-29T13:23:13.839Z,60.7,C_COMPARISON,10385,200,600,9,0,0.659,0.736,0.713,0.5,0.0013,0.85,3.5,100,8,false